[05:10:42] [main/INFO]: Loading Minecraft 1.20.1 with Fabric Loader 0.18.2
[05:10:42] [ForkJoinPool-1-worker-1/WARN]: The mod "dungeons_arise" contains invalid entries in its mod json:
- Unsupported root entry "credits" at line 12 column 12
[05:10:42] [ForkJoinPool-1-worker-1/WARN]: Mod longnbtkiller uses the version Fabric-1.20.1-1.0.0 which isn't compatible with Loader's extended semantic version format (Could not parse version number component 'Fabric'!), SemVer is recommended for reliably evaluating dependencies and prioritizing newer version
[05:10:42] [ForkJoinPool-1-worker-3/WARN]: Mod triqueapi uses the version mc1.20.1-1.1.0 which isn't compatible with Loader's extended semantic version format (Could not parse version number component 'mc1'!), SemVer is recommended for reliably evaluating dependencies and prioritizing newer version
[05:10:42] [ForkJoinPool-1-worker-1/WARN]: Mod com_github_rtyley_animated-gif-lib-for-java uses the version animated-gif-lib-1.7 which isn't compatible with Loader's extended semantic version format (Could not parse version number component 'animated'!), SemVer is recommended for reliably evaluating dependencies and prioritizing newer version
[05:10:42] [ForkJoinPool-1-worker-1/WARN]: The mod "openblocks" contains invalid entries in its mod json:
- Unsupported root entry "client" at line 24 column 11
[05:10:43] [ForkJoinPool-1-worker-2/WARN]: Mod oceansdelight uses the version fdrf-fabric-1.0.2-1.20 which isn't compatible with Loader's extended semantic version format (Could not parse version number component 'fdrf'!), SemVer is recommended for reliably evaluating dependencies and prioritizing newer version
[05:10:43] [ForkJoinPool-1-worker-2/WARN]: Mod bonfires uses the version 1.2.20c which isn't compatible with Loader's extended semantic version format (Could not parse version number component '20c'!), SemVer is recommended for reliably evaluating dependencies and prioritizing newer version
[05:10:43] [ForkJoinPool-1-worker-1/WARN]: Mod getittogetherdrops uses the version fabric-1.20-1.3.1 which isn't compatible with Loader's extended semantic version format (Could not parse version number component 'fabric'!), SemVer is recommended for reliably evaluating dependencies and prioritizing newer version
[05:10:43] [ForkJoinPool-1-worker-3/WARN]: Mod structurecredits uses the version LASTVERSION which isn't compatible with Loader's extended semantic version format (Could not parse version number component 'LASTVERSION'!), SemVer is recommended for reliably evaluating dependencies and prioritizing newer version
[05:10:43] [ForkJoinPool-1-worker-3/WARN]: Mod libreexpfix uses the version 0.2.7b14-BETA which isn't compatible with Loader's extended semantic version format (Could not parse version number component '7b14'!), SemVer is recommended for reliably evaluating dependencies and prioritizing newer version
[05:10:43] [main/WARN]: Warnings were found!
 - Mod 'Alloy Forgery' (alloy_forgery) 2.1.2+1.20 recommends version 12.0.0 or later of roughlyenoughitems, which is missing!
	 - You should install version 12.0.0 or later of roughlyenoughitems for the optimal experience.
 - Mod 'FullSlabs' (full_slabs) 3.4.0 recommends version 0.16.0 or later of malilib, which is missing!
	 - You should install version 0.16.0 or later of malilib for the optimal experience.
 - Mod 'SeasonHUD' (seasonhud) 1.13.15 recommends any version between 0.17.2 (inclusive) and 0.18- (exclusive) of mod 'Fabric Loader' (fabricloader), but only the wrong version is present: 0.18.2!
	 - You should install any version between 0.17.2 (inclusive) and 0.18- (exclusive) of mod 'Fabric Loader' (fabricloader) for the optimal experience.
 - Mod 'Spellblades and Such' (spellbladenext) 2.4.0+1.20.1 recommends version 1.2.0+1.20.1 of mod 'Paladins & Priests (RPG Series)' (paladins), but only the wrong version is present: 1.4.0+1.20.1!
	 - You should install version 1.2.0+1.20.1 of mod 'Paladins & Priests (RPG Series)' (paladins) for the optimal experience.
[05:10:43] [main/INFO]: Loading 561 mods:
	- aaa_particles 1.20.1-1.4.8
	- acclaimed_origins 1.0.1
	- additional_rpg_jewelry 1.1.1-1.20.1
	   \-- com_github_zsoltmolnarrr_tinyconfig 2.3.2
	- additionalstructures 4.2.2
	- advancednetherite 2.1.3-1.20.1
	- adventurez 1.4.20
	- airchidori 1.0.9
	- allow-editing-player-data 1.0.0
	- alloy_forgery 2.1.2+1.20
	- allthetrims 3.4.3
	- altorigingui 1.1.1
	- amendments 1.20-2.2.3
	- amethyst_core 1.5.0+1.20.1
	   \-- common-protection-api 1.0.0
	- amethyst_imbuement 1.20.1-19.8
	   |-- conditional-mixin 0.3.2
	   |-- should_i_hit_that 0.1.2+1.20.1
	   |    |-- common-protection-api 1.0.0
	   |    \-- playerabilitylib 1.8.0
	   \-- structurized-reborn 1.20.1-01
	- apocalypse_origins 0.4.72-1.20.X
	- appleskin 2.5.1+mc1.20
	- aquachidori 1.0.7
	- aquamirae 6
	- archeologyplus 1.0.2
	- archers 1.3.0+1.20.1
	   \-- com_github_zsoltmolnarrr_tinyconfig 2.3.2
	- archers_expansion 0.2.6-1.20.1
	   \-- com_github_zsoltmolnarrr_tinyconfig 2.3.2
	- architectury 9.2.14
	- armorstandarms 1.0.0
	- artifacts 9.5.15
	   |-- expandability 9.0.4
	   \-- step-height-entity-attribute 1.2.0
	- aspects 1.0.9-1.20.x
	- athena 3.1.2
	- attributefix 21.0.4
	- automated_crafting 1.4.15-1
	   |-- crowdin-translate 1.4+1.19.3
	   \-- libgui 8.1.1+1.20.1
	        |-- jankson 6.0.0+j1.2.3
	        \-- libninepatch 1.2.0
	- autotag-convention 2.0.2+1.20
	   \-- autotag 2.0.2+1.20
	- awesomedungeon 3.2.0
	- awesomedungeonend 3.1.1
	- awesomedungeonnether 3.1.1
	- awesomedungeonocean 3.3.0
	- azure-paxels 1.0.9
	- azurelib 3.0.27
	- azurelibarmor 2.0.14
	- backported_wolves 1.1.0-1.19.3-1.20.4
	- badpackets 0.4.3
	- balm 7.3.37
	   \-- kuma_api 20.1.12
	- basic-storage 1.0.5+1.20.1
	- basicweapons 1.2.5+1.20.1
	- batsgalore 1.2.3
	- bcc 4.0.8
	- beautify 1.2.0+1.20.1
	- bedspreads 6.3.0+1.20.1
	- berserker-rpg 1.2.5-1.20.1
	   \-- com_github_zsoltmolnarrr_tinyconfig 2.3.2
	- besmirchment 1.20.1-4
	   |-- midnightlib 1.4.1
	   |-- playerabilitylib 1.8.0
	   |-- reach-entity-attributes 2.4.0
	   \-- terraform-wood-api-v1 7.0.3
	- betteradvancements 0.4.2.10
	- bettercombat 1.9.0+1.20.1
	- betterendisland 1.20-Fabric-2.0.6
	   \-- org_reflections_reflections 0.10.2
	- betterfortresses 1.20-Fabric-2.0.6
	- betterloot 1.0.0+mc1.20.1
	- betteroceanmonuments 1.20-Fabric-3.0.4
	- bettertrims 3.2.8
	- bettervillage 3.3.1
	- bewitchment 1.20-10
	   |-- impersonate 2.10.3
	   |-- midnightlib 1.4.1
	   |-- playerabilitylib 1.8.0
	   |-- reach-entity-attributes 2.4.0
	   \-- terraform-wood-api-v1 7.0.3
	- bonfires 1.2.20c
	- bookshelf 20.2.13
	- boss_checklist 3.1.1
	- bosses_of_mass_destruction 1.7.5-1.20.1
	   |-- maelstrom_library 1.6.1-1.20
	   \-- multipart_entities 1.5-1.20
	- bronze 1.0.13+1.20.1
	- cardiac 0.5.3.2
	- cardinal-components 5.2.3
	   |-- cardinal-components-base 5.2.3
	   |-- cardinal-components-block 5.2.3
	   |-- cardinal-components-chunk 5.2.3
	   |-- cardinal-components-entity 5.2.3
	   |-- cardinal-components-item 5.2.3
	   |-- cardinal-components-level 5.2.3
	   |-- cardinal-components-scoreboard 5.2.3
	   \-- cardinal-components-world 5.2.3
	- carrasconlib 1.20.1-0.1
	- chipped 3.0.7
	- chunky 1.3.146
	- cleannarsenal 1.0.13+1.20.1
	   \-- com_github_zsoltmolnarrr_tinyconfig 2.3.2
	- cloth-config 11.1.136
	   \-- cloth-basic-math 0.6.1
	- clumps 12.0.0.4
	- clutter 1.20-0.6.1
	- cobweb 1.0.1
	- collective 8.13
	- combatroll 1.3.3+1.20.1
	- commonnetworking 1.0.5-1.20.1
	- compressedblocks 1.6.2-1.20.2
	- configurable 2.2.3
	- configured 2.2.3
	- convenient_hitboxes 1.0.5
	- copperandtuffbackport 1.2
	- crash_assistant 1.10.26
	- crashexploitfixer 1.1.0
	- craterlib 3.0.1
	- croptopia 3.0.3
	- croptopiadelight 1.0.1
	- crystals_overhauled 2.1.2
	- cushypillows 1.0.3+1.20.1
	- darkbindings 1.3.9
	- darkblades 1.2.3
	- darkbosses 1.0.4
	- darkbread 1.0.0
	- darkcap 1.1.5
	- darkcasino 1.0.0
	- darkchidori 1.0.8
	- darkdeath 1.1.2
	- darkfeather 1.0.2
	- darkflight 1.1.6
	- darkglint 1.1.2
	- darkheads 1.1.3
	- darkinventory 1.1.4
	- darkirondwarf 1.0.0
	- darkloot 1.2.6
	- darkmenu 1.1.9
	- darkmining 1.1.8
	- darkmobs 1.1.9
	- darkorb 1.0.4
	- darkquesting 1.2.4
	- darkrewards 1.1.6
	- darkrtp 1.1.7
	- darksleep 1.0.0
	- darksmelting 1.1.3
	- darksmithing 1.1.2
	- darkspawn 1.1.9
	- darkspins 1.2.0
	- darkstarter 1.1.4
	- darktides 1.1.9
	- darktimer 1.1.9
	- darkwooly 1.1.3
	- darkzoom 1.0.6
	- death_knights 1.0.0
	- default_skill_trees 1.1
	- diamondeconomy 1.5.6
	   \-- org_xerial_sqlite-jdbc 3.36.0.3
	- diamondsauctionhouse 1.1.5+1.20
	   \-- sgui 1.2.2+1.20
	- doggytalents 1.18.46
	- doublejumpattribute 1.0.9
	- dragonloot 1.1.4
	- dramaticdoors 1.20.1-3.3.1
	- drippyloadingscreen 3.0.12
	- druids 0.9.8.0
	   \-- com_github_zsoltmolnarrr_tinyconfig 2.3.2
	- dummmmmmy 1.20-2.0.8
	- dungeons_arise 2.1.58
	- dungeons_arise_seven_seas 1.0.2
	- dynamictrim 1.4.1
	- eldritch_end 0.3.4
	- elemental_wizards_rpg 1.3.6-1.20.1
	   \-- com_github_zsoltmolnarrr_tinyconfig 2.3.2
	- elytraslot 6.4.4+1.20.1
	   \-- mixinsquared 0.1.2-beta.6
	- emi 1.1.22+1.20.1+fabric
	- emi_loot 0.7.8+1.20.1+fabric
	- emotecraft 2.2.7-b.build.50
	   \-- bendy-lib 4.0.0
	- enderzoology 8.0.3
	- entityculling 1.9.4
	   |-- transition 1.0.11
	   \-- trender 1.0.10
	- epherolib 1.2.0
	- eternal_attributes 1.0.0
	- evs 2.2.1-backport1.20.1
	- explorerscompass 1.20.1-2.2.3-fabric
	- expores 1.0.0+mc1.20.1
	- extensivediamonds 1.3.6
	- extrakeybinds 0.5.0+1.17-1.19.4
	- extraorigins 1.20-8
	- extraspellattributes 1.3.2
	- extrasponges 1.5.0
	- fabric-api 0.92.6+1.20.1
	   |-- fabric-api-base 0.4.32+1802ada577
	   |-- fabric-api-lookup-api-v1 1.6.37+1802ada577
	   |-- fabric-biome-api-v1 13.0.14+1802ada577
	   |-- fabric-block-api-v1 1.0.12+1802ada577
	   |-- fabric-block-view-api-v2 1.0.3+924f046a77
	   |-- fabric-blockrenderlayer-v1 1.1.42+1802ada577
	   |-- fabric-client-tags-api-v1 1.1.3+1802ada577
	   |-- fabric-command-api-v1 1.2.35+f71b366f77
	   |-- fabric-command-api-v2 2.2.14+1802ada577
	   |-- fabric-commands-v0 0.2.52+df3654b377
	   |-- fabric-containers-v0 0.1.67+df3654b377
	   |-- fabric-content-registries-v0 4.0.13+1802ada577
	   |-- fabric-convention-tags-v1 1.5.6+1802ada577
	   |-- fabric-crash-report-info-v1 0.2.20+1802ada577
	   |-- fabric-data-attachment-api-v1 1.0.2+de0fd6d177
	   |-- fabric-data-generation-api-v1 12.3.7+1802ada577
	   |-- fabric-dimensions-v1 2.1.55+1802ada577
	   |-- fabric-entity-events-v1 1.6.1+1c78457f77
	   |-- fabric-events-interaction-v0 0.6.5+13a40c6677
	   |-- fabric-events-lifecycle-v0 0.2.64+df3654b377
	   |-- fabric-game-rule-api-v1 1.0.41+1802ada577
	   |-- fabric-item-api-v1 2.1.29+1802ada577
	   |-- fabric-item-group-api-v1 4.0.14+1802ada577
	   |-- fabric-key-binding-api-v1 1.0.38+1802ada577
	   |-- fabric-keybindings-v0 0.2.36+df3654b377
	   |-- fabric-lifecycle-events-v1 2.2.23+1802ada577
	   |-- fabric-loot-api-v2 1.2.3+1802ada577
	   |-- fabric-loot-tables-v1 1.1.47+9e7660c677
	   |-- fabric-message-api-v1 5.1.10+1802ada577
	   |-- fabric-mining-level-api-v1 2.1.52+1802ada577
	   |-- fabric-model-loading-api-v1 1.0.4+1802ada577
	   |-- fabric-models-v0 0.4.3+9386d8a777
	   |-- fabric-networking-api-v1 1.3.14+a158aa0477
	   |-- fabric-networking-v0 0.3.54+df3654b377
	   |-- fabric-object-builder-api-v1 11.1.5+e35120df77
	   |-- fabric-particles-v1 1.1.3+1802ada577
	   |-- fabric-recipe-api-v1 1.0.24+1802ada577
	   |-- fabric-registry-sync-v0 2.3.6+1802ada577
	   |-- fabric-renderer-api-v1 3.2.2+1802ada577
	   |-- fabric-renderer-indigo 1.5.3+85287f9f77
	   |-- fabric-renderer-registries-v1 3.2.47+df3654b377
	   |-- fabric-rendering-data-attachment-v1 0.3.39+92a0d36777
	   |-- fabric-rendering-fluids-v1 3.0.29+1802ada577
	   |-- fabric-rendering-v0 1.1.50+df3654b377
	   |-- fabric-rendering-v1 3.0.9+1802ada577
	   |-- fabric-resource-conditions-api-v1 2.3.9+1802ada577
	   |-- fabric-resource-loader-v0 0.11.12+fb82e9d777
	   |-- fabric-screen-api-v1 2.0.9+1802ada577
	   |-- fabric-screen-handler-api-v1 1.3.33+1802ada577
	   |-- fabric-sound-api-v1 1.0.14+1802ada577
	   |-- fabric-transfer-api-v1 3.3.6+8dd72ea377
	   \-- fabric-transitive-access-wideners-v1 4.3.2+1802ada577
	- fabric-language-kotlin 1.13.7+kotlin.2.2.21
	   |-- org_jetbrains_kotlin_kotlin-reflect 2.2.21
	   |-- org_jetbrains_kotlin_kotlin-stdlib 2.2.21
	   |-- org_jetbrains_kotlin_kotlin-stdlib-jdk7 2.2.21
	   |-- org_jetbrains_kotlin_kotlin-stdlib-jdk8 2.2.21
	   |-- org_jetbrains_kotlinx_atomicfu-jvm 0.29.0
	   |-- org_jetbrains_kotlinx_kotlinx-coroutines-core-jvm 1.10.2
	   |-- org_jetbrains_kotlinx_kotlinx-coroutines-jdk8 1.10.2
	   |-- org_jetbrains_kotlinx_kotlinx-datetime-jvm 0.7.1
	   |-- org_jetbrains_kotlinx_kotlinx-io-bytestring-jvm 0.8.0
	   |-- org_jetbrains_kotlinx_kotlinx-io-core-jvm 0.8.0
	   |-- org_jetbrains_kotlinx_kotlinx-serialization-cbor-jvm 1.9.0
	   |-- org_jetbrains_kotlinx_kotlinx-serialization-core-jvm 1.9.0
	   \-- org_jetbrains_kotlinx_kotlinx-serialization-json-jvm 1.9.0
	- fabricloader 0.18.2
	   \-- mixinextras 0.5.0
	- fakerlib 0.1.5
	- fancymenu 3.7.0
	   |-- com_github_keksuccino_japng 0.5.3
	   \-- com_github_rtyley_animated-gif-lib-for-java animated-gif-lib-1.7
	- farmersdelight 1.20.1-2.4.1+refabricated
	   |-- mm 2.3
	   |-- porting_lib_accessors 2.3.8+1.20.1
	   |    \-- porting_lib_core 2.3.8+1.20.1
	   |-- porting_lib_base 2.3.8+1.20.1
	   |    |-- porting_lib_attributes 2.3.8+1.20.1
	   |    |-- porting_lib_common 2.3.8+1.20.1
	   |    |-- porting_lib_core 2.3.8+1.20.1
	   |    |-- porting_lib_entity 2.3.8+1.20.1
	   |    |-- porting_lib_extensions 2.3.8+1.20.1
	   |    |-- porting_lib_fluids 2.3.8+1.20.1
	   |    |-- porting_lib_gui_utils 2.3.8+1.20.1
	   |    |-- porting_lib_mixin_extensions 2.3.8+1.20.1
	   |    |-- porting_lib_transfer 2.3.8+1.20.1
	   |    |-- porting_lib_utility 2.3.8+1.20.1
	   |    \-- reach-entity-attributes 2.4.0
	   |-- porting_lib_config 2.3.8+1.20.1
	   |    \-- porting_lib_core 2.3.8+1.20.1
	   |-- porting_lib_lazy_registration 2.3.8+1.20.1
	   |    \-- porting_lib_core 2.3.8+1.20.1
	   |-- porting_lib_loot 2.3.8+1.20.1
	   |    \-- porting_lib_core 2.3.8+1.20.1
	   |-- porting_lib_networking 2.3.8+1.20.1
	   |    \-- porting_lib_core 2.3.8+1.20.1
	   |-- porting_lib_recipe_book_categories 2.3.8+1.20.1
	   |    \-- porting_lib_core 2.3.8+1.20.1
	   |-- porting_lib_tags 3.0
	   |    \-- porting_lib_core 2.3.8+1.20.1
	   \-- porting_lib_tool_actions 2.3.8+1.20.1
	        \-- porting_lib_core 2.3.8+1.20.1
	- fastboot 1.2-fabric
	- fastpaintings 1.20-1.2.7
	- ferritecore 6.0.1
	- forcecrawl 1.0.4
	- forcemaster_rpg 1.2.4-1.20.1
	   \-- com_github_zsoltmolnarrr_tinyconfig 2.3.2
	- forgeconfigapiport 8.0.3
	- framework 0.7.15
	   \-- org_javassist_javassist 3.29.2-GA
	- ftblibrary 2001.2.12
	- ftbquests 2001.4.17
	   \-- team_reborn_energy 3.0.0
	- ftbteams 2001.3.1
	- ftbultimine 2001.1.7
	   \-- reach-entity-attributes 2.4.0
	- full_slabs 3.4.0
	   \-- statement 4.2.8+1.14.4-1.20.1
	        |-- kanos_config 0.4.1+1.14.4-1.19.4
	        \-- statement_vanilla_compatibility 1.0.1+1.16.5-1.17
	- fzzy_config 0.7.3+1.20.1
	   |-- blue_endless_jankson 1.2.3
	   |-- fabric-permissions-api-v0 0.3.1
	   \-- net_peanuuutz_tomlkt_tomlkt-jvm 0.3.7
	- fzzy_core 0.5.1+1.20.1
	- gazebo 1.1.1+1.20.1
	   \-- com_github_zsoltmolnarrr_tinyconfig 2.3.2
	- gear_core 0.3.8+1.20.1
	- geckolib 4.8.2
	   \-- com_eliotlash_mclib_mclib 20
	- geode_plus 1.2.5
	- geophilic 3.4.5
	- getittogetherdrops fabric-1.20-1.3.1
	- giftsofgiving 1.1.1
	- goblintraders 1.11.5
	- goldenberry 1.1.4
	- graveyard 3.0
	- grindenchantments 3.1.4+1.20.1
	   \-- codec-config-api 3.0.1+1.20.1
	- handcrafted 3.0.6
	- happygolucky 1.0.3
	- harvest_with_ease 9.4.0
	- icarus 2.13.1
	- imbued_gear 0.4.0+1.20.1
	- immersive_aircraft 1.4.0+1.20.1
	   \-- org_mariuszgromada_math_mathparser_org-mxparser 5.2.1
	- immersive_armors 1.7.1+1.20.1
	- immersive_melodies 0.6.0+1.20.1
	- immersive_paintings 0.6.8+1.20.1
	- inventorysorter 1.9.0-1.20
	   \-- kyrptconfig 1.5.6-1.20
	- invoke 1.0.3.1-1.20.1
	- invview 1.4.12-1.20+
	   \-- sgui 1.2.2+1.20
	- ironchests 5.0.2
	- item_obliterator 2.3.0
	- jains_deserts 2.0.0
	- java 17
	- jei 15.20.0.112
	- jewelry 1.3.7+1.20.1
	   \-- com_github_zsoltmolnarrr_tinyconfig 2.3.2
	- juknight_origins 0.22-1.20.X
	- kevslibrary 1.1.2
	- kevstierifymodifiers 1.5.6
	- kleeslabs 15.0.9
	- konkrete 1.8.1
	- krypton 0.2.3
	   \-- com_velocitypowered_velocity-native 3.2.0-SNAPSHOT
	- landchidori 1.0.9
	- lavender 0.1.9+1.20
	   |-- lavender-md 0.1.1+1.20
	   \-- lavender-md-owo-ui 0.1.1+1.20
	- leaderboards 1.0.0
	- ledger 1.2.8
	- ledger-databases 1.1.1
	   |-- com_h2database_h2 1.4.200
	   |-- mysql_mysql-connector-java 8.0.19
	   \-- org_postgresql_postgresql 42.3.0
	- libraryferret 4.0.0
	- libreexpfix 0.2.7b14-BETA
	- libz 1.0.3
	- limitedspawners 1.0.8
	- lithium 0.11.4
	- lne_archers 0.1.9-1.20.1
	   \-- com_github_zsoltmolnarrr_tinyconfig 2.3.2
	- lne_paladins 0.1.12-1.20.1
	   \-- com_github_zsoltmolnarrr_tinyconfig 2.3.2
	- lne_rogues 0.1.6-1.20.1
	   \-- com_github_zsoltmolnarrr_tinyconfig 2.3.2
	- lne_wizards 0.1.11-1.20.1
	   \-- com_github_zsoltmolnarrr_tinyconfig 2.3.2
	- loadingscreentips 1.3.1
	   \-- midnightlib 1.4.1
	- logbegone 1.0.8
	- longnbtkiller Fabric-1.20.1-1.0.0
	- loot_n_explore 0.1.12-1.20.1
	   \-- com_github_zsoltmolnarrr_tinyconfig 2.3.2
	- lootr 0.7.35.86
	- lycan 1.0.0
	- magic-particles 1.2.1+1.20.1
	   |-- fabric-permissions-api-v0 0.3.1
	   |-- message-api 0.1.1-1.20.1
	   \-- player-data-api 0.2.2+1.19.3
	- magnumtorch 8.0.2
	- maxhealthfix 12.0.3
	- mcda 5.0.2
	- mcdar 4.0.5
	- mcdw 9.0.4
	- medievalorigins 6.7.3
	   \-- mixinextras 0.5.0
	- melius-commands 2.0.2+1.20.1
	   |-- placeholder-api 2.1.4+1.20.1
	   \-- predicate-api 0.2.1+1.20.1
	- melius-vanish 1.5.5+1.20.1
	   |-- fabric-permissions-api-v0 0.3.1
	   |-- player-data-api 0.2.2+1.19.3
	   \-- server_translations_api 2.0.0+1.20
	        \-- packet_tweaker 0.4.0+1.19.4
	- melody 1.0.3
	- memoryleakfix 1.1.2
	- memorysweep 2.0.3
	- mermod 3.0.0
	- midashunger 2.2.3+1.20
	- minecord 2.1.0+1.20.1
	   |-- minecord-api 2.0.1+1.20.1
	   |-- minecord-chat 2.1.0+1.20.1
	   |-- minecord-cmds 2.0.1+1.20.1
	   \-- minecord-presence 2.0.0+1.20.1
	- minecraft 1.20.1
	- moblassos 8.0.1
	   \-- extensibleenums 7.0.1
	- modernfix 5.25.2+mc1.20.1
	- moonlight 1.20-2.16.15
	- more_potions 2.0.0
	- more_rpg_classes 1.2.18-1.20.1
	   \-- com_github_zsoltmolnarrr_tinyconfig 2.3.2
	- morningglory 1.0.0
	- mr_sapling_tweaks 1
	- mr_tidal_towns 1.3.4
	- mythiclib 2.0+mc1.20.1
	- mythicmetals 0.19.10+1.20.1
	   |-- common-protection-api 1.0.0
	   \-- reach-entity-attributes 2.4.0
	- mythicmetals_decorations 0.6.4+1.20.1
	- mythicmounts 1.20.1-7.4
	- mythicupgrades 4.2.0+mc1.20.1
	- naturescompass 1.20.1-2.2.3-fabric
	- necronomicon 1.6.0
	- nerb 0.4.1
	- neruina 2.2.11
	   |-- com_fasterxml_jackson_core_jackson-annotations 2.17.0
	   |-- com_fasterxml_jackson_core_jackson-core 2.17.0
	   |-- com_fasterxml_jackson_core_jackson-databind 2.17.0
	   |-- org_apache_httpcomponents_core5_httpcore5 5.3.1
	   |-- org_apache_maven_maven-artifact 3.8.1
	   \-- org_kohsuke_github-api 1.318
	- nethersdelight 1.20.1-4.1.1
	- no-resource-pack-warnings 1.3.1
	- nochatreports 1.20.1-v2.2.2
	   |-- fabric-rendering-v1 3.0.6+b3afc78b82
	   \-- fabric-screen-api-v1 2.0.6+b3afc78b82
	- noglobalsounds 1.0.0
	- notenoughanimations 1.11.1
	   |-- transition 1.0.11
	   \-- trender 1.0.10
	- nyctophobia 1.9
	   \-- omega-config 1.2.2-1.18.1
	- nyfsbp 1.1.1
	- nyfsgenetics 1.0.1
	- obscure_api 16
	- oceansdelight fdrf-fabric-1.0.2-1.20
	- octolib 0.5.0.1
	   \-- org_yaml_snakeyaml 2.2
	- offlinecommands 1.0.2+1.20.1
	- openblocks 0.0.3-1.20.1
	- openpartiesandclaims 0.25.8
	- origins 1.10.0
	   \-- apoli 2.9.0
	        |-- calio 1.11.0
	        \-- playerabilitylib 1.8.0
	- origins-classes 1.7.0
	- originsumbrellas 1.5.6
	- owo 0.11.2+1.20
	- packetfixer 2.0.0
	- paladins 1.4.0+1.20.1
	   \-- com_github_zsoltmolnarrr_tinyconfig 2.3.2
	- patchouli 1.20.1-84-FABRIC
	   \-- fiber 0.23.0-2
	- path_of_the_wizard 1.0
	- paxi 1.20-Fabric-4.0
	- pehkui 3.8.3+1.14.4-1.21
	   \-- kanos_config 0.4.1+1.14.4-1.19.4
	- perfectbirbs 1.2.0
	- perfectplushies 1.13.3
	   \-- perfectplushieapi 1.0.7
	- perplayerwanderingtraders 1.0.2+1.20.1
	- petshop 0.1.3
	- platform 1.2.11.3
	- player-animator 1.0.2-rc1+1.20
	- plentyofarmors 1.3.0
	- plushables 1.1.4
	   \-- midnightlib 1.4.1
	- plushies 1.4.0
	- polymorph 0.49.10+1.20.1
	   \-- spectrelib 0.13.17+1.20.1
	- projectile_damage 3.2.3+1.20.1
	- puffish_attributes 0.8.0
	- puffish_skills 0.17.0
	- puffish_skills_origins 0.2.1
	- puzzleslib 8.1.33
	   \-- puzzlesaccessapi 20.1.1
	- pvptoggle 1.3.0+1.20.1
	   \-- server_translations_api 2.0.0+1.20
	        \-- packet_tweaker 0.4.0+1.19.4
	- ranged_weapon_api 1.1.4+1.20.1
	- rebalance 1.2.0
	- refurbished_furniture 1.0.20
	- regions_unexplored 0.5.6+1.20.1
	- resourcefulconfig 2.1.3
	- resourcefullib 2.1.29
	   |-- com_teamresourceful_bytecodecs 1.0.2
	   \-- com_teamresourceful_yabn 1.0.3
	- rogues 1.2.0+1.20.1
	   \-- com_github_zsoltmolnarrr_tinyconfig 2.3.2
	- rpgmana 1.1.0
	   \-- com_github_zsoltmolnarrr_tinyconfig 2.3.2
	- runes 0.9.13+1.20.1
	- sbaegis_origin_datapack_1_20_1_1_3 1.20.1
	- sculkedmagpie 1.1
	- seasonhud 1.13.15
	- seasons 2.4.2-BETA+1.20
	- seasonscroptopiacompat 1.0-2.2.2
	- seasonsdelightcompat 1.0-1.3.9
	- seasonsextras 1.3.2-BETA+1.20
	- servercore 1.5.2+1.20.1
	   |-- fabric-permissions-api-v0 0.3.1
	   |-- org_yaml_snakeyaml 2.2
	   |-- space_arim_dazzleconf_dazzleconf-core 1.3.0-M2
	   \-- space_arim_dazzleconf_dazzleconf-ext-snakeyaml 1.3.0-M2
	- shadowmounts 1.1
	- shield_api 1.0.1+1.20.1
	- simplerpc 4.0.5
	- simply_houses 1.1.4-1.20.1
	- simplymore 1.1.3
	- simplyswords 1.56.0-1.20.1
	   \-- spruceui 5.0.0+1.20
	- sit 1.20.1-27
	- skills_mastery 1.0
	- skyvillages 1.0.4-1.19.2-1.20.1
	- slabsandstairs 1.7.2
	- smartbrainlib 1.15
	- snowyspirit 1.20-3.0.10
	- soulsweapons 1.3.1-1.20.1-fabric
	- speedometer 1.3.1
	- spell-engine-openpac-compat 1.0.0
	- spell_engine 0.15.12+1.20.1
	   \-- com_github_zsoltmolnarrr_tinyconfig 2.3.2
	- spell_power 0.12.0+1.20.1
	   \-- com_github_zsoltmolnarrr_tinyconfig 2.3.2
	- spellbladenext 2.4.0+1.20.1
	   \-- com_github_zsoltmolnarrr_tinyconfig 2.3.2
	- spellslabextra 1.2-1.20.1
	- starlight 1.1.2+fabric.dbc156f
	- structure_pool_api 1.0+1.20.1
	- structurecredits LASTVERSION
	- stunningstatues 1.0.2
	- styledchat 2.2.4+1.20.1
	   |-- placeholder-api 2.1.4+1.20.1
	   \-- player-data-api 0.2.2+1.19.3
	- styledplayerlist 3.1.1+1.20.1
	   \-- player-data-api 0.2.2+1.19.3
	- taxfreelevels 1.4.14
	- terrablender 3.0.1.10
	   |-- com_electronwill_night-config_core 3.6.7
	   \-- com_electronwill_night-config_toml 3.6.7
	- thaumon 2.3.0+1.20.1
	- things 0.3.3+1.20
	- throwablefluids 3.0.0
	- tiered 1.2.0
	   |-- autotag 2.0.2+1.20
	   \-- reach-entity-attributes 2.4.0
	- timeoutout 1.0.3+1.19.1
	- tinypaper 1.0.1
	- toms_storage 1.7.1
	- toms_trading_network 0.3.0
	- toofast 1.2.0
	- tooltipoverhaul 1.3.0
	- totw_additions 1.3
	- trade_cycling 1.20.1-1.0.7
	   |-- fabric-key-binding-api-v1 1.0.36+fb8d95da82
	   \-- fabric-screen-api-v1 2.0.6+b3afc78b82
	- transmog 1.3.0+1.20
	- trashslot 15.1.2
	- travelersbackpack 9.1.43
	   \-- reach-entity-attributes 2.4.0
	- tridents_n_stuff 0.2.0+1.20.1
	- trinkets 3.7.2
	- triqueapi mc1.20.1-1.1.0
	- underground_bunkers 1.0.3
	- universalbonemeal 8.0.1
	- unsafe-world-random-access-detector 1.1.0
	- vanilla-permissions 0.2.9+1.20.1
	   \-- fabric-permissions-api-v0 0.3.1
	- vanillabackport 1.1.5.1
	- variantbarrels 3.4.1
	- variantbeehives 1.2
	- variantbookshelves 2.3.8
	- variantchiseledbookshelves 1.3.8
	- variantcomposters 2.4.1
	- variantfletchingtables 1.2.1
	- variantlecterns 1.0
	- variantshields 2.1
	- villagerconfig 4.1.2+1.20.1
	   |-- config2brigadier 1.2.5
	   \-- fiber 0.23.0-2
	- walljump 1.4.4
	   |-- keybind_fix 1.0.0
	   \-- org_aeonbits_owner_owner 1.0.12
	- wardentools 2.5.0+mc1.20.1
	- waterballoon 1.0.1
	- waystones 14.1.17
	- wetlands 1.2
	- winterly 0.9.3+1.20
	- witcher_rpg 1.2.3-1.20.1
	   \-- com_github_zsoltmolnarrr_tinyconfig 2.3.2
	- wizards 1.4.1+1.20.1
	   \-- com_github_zsoltmolnarrr_tinyconfig 2.3.2
	- wthit 8.19.3
	- xaerominimap 25.2.10
	- xaeroworldmap 1.39.12
	- yeehaw_towns 1.0.1
	- yet_another_config_lib_v3 3.6.6+1.20.1-fabric
	   |-- com_twelvemonkeys_common_common-image 3.12.0
	   |-- com_twelvemonkeys_common_common-io 3.12.0
	   |-- com_twelvemonkeys_common_common-lang 3.12.0
	   |-- com_twelvemonkeys_imageio_imageio-core 3.12.0
	   |-- com_twelvemonkeys_imageio_imageio-metadata 3.12.0
	   |-- com_twelvemonkeys_imageio_imageio-webp 3.12.0
	   |-- org_quiltmc_parsers_gson 0.2.1
	   \-- org_quiltmc_parsers_json 0.2.1
	- ysns 2.0.2
	- yungsapi 1.20-Fabric-4.0.6
	- zenith_attributes 0.2.10
	   |-- additionalentityattributes 1.7.6+1.20.1
	   |-- playerabilitylib 1.8.0
	   \-- reach-entity-attributes 2.4.0
[05:10:43] [main/WARN]: Found 1 non-fabric mod:
	- NoSeeNoTick-2.0.0-1.20.1.jar
[05:10:43] [main/WARN]: launchTarget: SERVER. Crash Assistant is client only mod. Mod will do nothing!
[05:10:44] [main/INFO]: SpongePowered MIXIN Subsystem Version=0.8.7 Source=file:/workspaces/DarkRpg/servidor_minecraft/libraries/net/fabricmc/sponge-mixin/0.16.5+mixin.0.8.7/sponge-mixin-0.16.5+mixin.0.8.7.jar Service=Knot/Fabric Env=SERVER
[05:10:44] [main/INFO]: Compatibility level set to JAVA_17
[05:10:44] [main/WARN]: Reference map 'aaa_particles-fabric-refmap.json' for aaa_particles.mixins.json could not be read. If this is a development environment you can ignore this message
[05:10:44] [main/WARN]: Reference map 'carrasconlib-common-common-refmap.json' for carrasconlib.mixins.json could not be read. If this is a development environment you can ignore this message
[05:10:44] [main/WARN]: Reference map 'gazebo-refmap.json' for gazebo.mixins.json could not be read. If this is a development environment you can ignore this message
[05:10:44] [main/WARN]: Reference map 'graveyard-FABRIC-fabric-refmap.json' for graveyard-fabric.mixins.json could not be read. If this is a development environment you can ignore this message
[05:10:44] [main/WARN]: Reference map 'harvest_with_ease.refmap.json' for harvest_with_ease.mixins.json could not be read. If this is a development environment you can ignore this message
[05:10:44] [main/WARN]: Reference map 'harvest_with_ease.refmap.json' for harvest_with_ease.fabric.mixins.json could not be read. If this is a development environment you can ignore this message
[05:10:44] [main/WARN]: Reference map 'icarus.refmap.json' for icarus.mixins.json could not be read. If this is a development environment you can ignore this message
[05:10:44] [main/WARN]: Reference map 'icarus.refmap.json' for icarus.fabric.mixins.json could not be read. If this is a development environment you can ignore this message
[05:10:44] [main/INFO]: File exists, reading config for elocindev.item_obliterator.fabric_quilt.config.ConfigEntries.
[05:10:44] [main/INFO]: Config for elocindev.item_obliterator.fabric_quilt.config.ConfigEntries read successfully.
[05:10:44] [main/WARN]: No configuration key exists with name 'mixin.entity.collisions.suffocation', ignoring
[05:10:44] [main/WARN]: Mod 'apoli' attempted to override option 'mixin.entity.collisions.suffocation', which doesn't exist, ignoring
[05:10:44] [main/INFO]: Loaded configuration file for Lithium: 131 options available, 5 override(s) found
[05:10:45] [main/INFO]: Loaded configuration file for ModernFix 5.25.2+mc1.20.1: 71 options available, 0 override(s) found
[05:10:45] [main/INFO]: Applying Nashorn fix
[05:10:45] [main/WARN]: Reference map 'mythic-mounts-refmap.json' for mythic-mounts.mixins.json could not be read. If this is a development environment you can ignore this message
[05:10:45] [main/WARN]: Reference map 'oceansdelight-refmap.json' for oceansdelight.mixins.json could not be read. If this is a development environment you can ignore this message
[05:10:45] [main/WARN]: Reference map 'OctoLib-COMMON-common-refmap.json' for octolib-common.mixins.json could not be read. If this is a development environment you can ignore this message
[05:10:45] [main/WARN]: Reference map 'plenty-of-armors-refmap.json' for plentyofarmors.mixins.json could not be read. If this is a development environment you can ignore this message
[05:10:45] [main/WARN]: Reference map 'puffish_attributes-refmap.json' for puffish_attributes.mixins.json could not be read. If this is a development environment you can ignore this message
[05:10:45] [main/WARN]: Reference map 'puzzlesaccessapi.common.refmap.json' for puzzlesaccessapi.common.mixins.json could not be read. If this is a development environment you can ignore this message
[05:10:45] [main/WARN]: Reference map 'puzzlesaccessapi.fabric.refmap.json' for puzzlesaccessapi.fabric.mixins.json could not be read. If this is a development environment you can ignore this message
[05:10:45] [main/WARN]: Reference map 'simplyswords-fabric-refmap.json' for simplyswords.mixins.json could not be read. If this is a development environment you can ignore this message
[05:10:45] [main/WARN]: Reference map 'structurecredits-common-refmap.json' for structurecredits-common.mixins.json could not be read. If this is a development environment you can ignore this message
[05:10:45] [main/WARN]: Reference map 'thaumon-common-refmap.json' for thaumon-common.mixins.json could not be read. If this is a development environment you can ignore this message
[05:10:45] [main/WARN]: Error loading class: net/minecraft/class_881 (java.lang.ClassNotFoundException: net/minecraft/class_881)
[05:10:45] [main/WARN]: @Mixin target net.minecraft.class_881 was not found porting_lib_base.mixins.json:client.BoatRendererMixin from mod porting_lib_base
[05:10:45] [main/WARN]: Error loading class: net/minecraft/class_525 (java.lang.ClassNotFoundException: net/minecraft/class_525)
[05:10:45] [main/WARN]: @Mixin target net.minecraft.class_525 was not found porting_lib_base.mixins.json:client.CreateWorldScreenMixin from mod porting_lib_base
[05:10:45] [main/WARN]: Error loading class: net/minecraft/class_906 (java.lang.ClassNotFoundException: net/minecraft/class_906)
[05:10:45] [main/WARN]: @Mixin target net.minecraft.class_906 was not found porting_lib_tool_actions.mixins.json:FishingHookRendererMixin from mod porting_lib_tool_actions
[05:10:45] [main/WARN]: Error loading class: net/mehvahdjukaar/supplementaries/common/entities/SlimeBallEntity (java.lang.ClassNotFoundException: net/mehvahdjukaar/supplementaries/common/entities/SlimeBallEntity)
[05:10:46] [main/WARN]: Error loading class: net/minecraft/class_458 (java.lang.ClassNotFoundException: net/minecraft/class_458)
[05:10:46] [main/WARN]: @Mixin target net.minecraft.class_458 was not found convenient_hitboxes.mixins.json:ControlsOptionsScreenMixin from mod convenient_hitboxes
[05:10:46] [main/WARN]: Error loading class: org/mtr/mapping/mapper/DoorBlockExtension (java.lang.ClassNotFoundException: org/mtr/mapping/mapper/DoorBlockExtension)
[05:10:46] [main/WARN]: @Mixin target org.mtr.mapping.mapper.DoorBlockExtension was not found fabric-dramaticdoors_fabric.mixins.json:DoorBlockExtensionMixin from mod dramaticdoors
[05:10:46] [main/WARN]: Force-disabling mixin 'ai.task.memory_change_counting.BrainMixin' as rule 'mixin.ai.task.memory_change_counting' (added by mods [smartbrainlib]) disables it and children
[05:10:46] [main/WARN]: Force-disabling mixin 'ai.task.memory_change_counting.MultiTickTaskMixin' as rule 'mixin.ai.task.memory_change_counting' (added by mods [smartbrainlib]) disables it and children
[05:10:46] [main/WARN]: Force-disabling mixin 'alloc.blockstate.StateMixin' as rule 'mixin.alloc.blockstate' (added by mods [ferritecore]) disables it and children
[05:10:46] [main/WARN]: Force-disabling mixin 'alloc.chunk_ticking.ServerChunkManagerMixin' as rule 'mixin.alloc.chunk_ticking' (added by mods [servercore]) disables it and children
[05:10:46] [main/WARN]: Force-disabling mixin 'world.player_chunk_tick.ThreadedAnvilChunkStorageMixin' as rule 'mixin.world.player_chunk_tick' (added by mods [krypton]) disables it and children
[05:10:46] [main/INFO]: Enabling mixin IcarusHelperMixin - all required mods [icarus] are loaded
[05:10:46] [main/INFO]: Enabling mixin SpellCooldownMixin - all required mods [spell_engine] are loaded
[05:10:46] [main/INFO]: Enabling mixin SpellHelperMixin - all required mods [spell_engine] are loaded
[05:10:46] [main/WARN]: Error loading class: org/figuramc/figura/avatar/Avatar (java.lang.ClassNotFoundException: org/figuramc/figura/avatar/Avatar)
[05:10:46] [main/WARN]: @Mixin target org.figuramc.figura.avatar.Avatar was not found mermod.mixins.json:AvatarMixin from mod mermod
[05:10:47] [main/WARN]: Error loading class: fr/catcore/server/translations/api/resource/language/SystemDelegatedLanguage (java.lang.ClassNotFoundException: fr/catcore/server/translations/api/resource/language/SystemDelegatedLanguage)
[05:10:47] [main/WARN]: Error loading class: com/nhoryzon/mc/farmersdelight/block/BuddingBushBlock (java.lang.ClassNotFoundException: com/nhoryzon/mc/farmersdelight/block/BuddingBushBlock)
[05:10:47] [main/WARN]: @Mixin target com.nhoryzon.mc.farmersdelight.block.BuddingBushBlock was not found seasonsdelightcompat.mixins.json:BuddingBushBlockMixin from mod seasonsdelightcompat
[05:10:47] [main/WARN]: Error loading class: com/nhoryzon/mc/farmersdelight/block/BuddingTomatoBlock (java.lang.ClassNotFoundException: com/nhoryzon/mc/farmersdelight/block/BuddingTomatoBlock)
[05:10:47] [main/WARN]: @Mixin target com.nhoryzon.mc.farmersdelight.block.BuddingTomatoBlock was not found seasonsdelightcompat.mixins.json:BuddingTomatoBlockMixin from mod seasonsdelightcompat
[05:10:47] [main/WARN]: Error loading class: com/nhoryzon/mc/farmersdelight/block/MushroomColonyBlock (java.lang.ClassNotFoundException: com/nhoryzon/mc/farmersdelight/block/MushroomColonyBlock)
[05:10:47] [main/WARN]: @Mixin target com.nhoryzon.mc.farmersdelight.block.MushroomColonyBlock was not found seasonsdelightcompat.mixins.json:MushroomColonyBlockMixin from mod seasonsdelightcompat
[05:10:47] [main/WARN]: Error loading class: com/nhoryzon/mc/farmersdelight/block/RiceCropBlock (java.lang.ClassNotFoundException: com/nhoryzon/mc/farmersdelight/block/RiceCropBlock)
[05:10:47] [main/WARN]: @Mixin target com.nhoryzon.mc.farmersdelight.block.RiceCropBlock was not found seasonsdelightcompat.mixins.json:RiceCropBlockMixin from mod seasonsdelightcompat
[05:10:47] [main/WARN]: Error loading class: com/nhoryzon/mc/farmersdelight/block/TomatoVineBlock (java.lang.ClassNotFoundException: com/nhoryzon/mc/farmersdelight/block/TomatoVineBlock)
[05:10:47] [main/WARN]: @Mixin target com.nhoryzon.mc.farmersdelight.block.TomatoVineBlock was not found seasonsdelightcompat.mixins.json:TomatoVineBlockMixin from mod seasonsdelightcompat
[05:10:47] [main/WARN]: Error loading class: traben/entity_model_features/models/animation/EMFAnimationEntityContext (java.lang.ClassNotFoundException: traben/entity_model_features/models/animation/EMFAnimationEntityContext)
[05:10:47] [main/WARN]: Error loading class: com/ishland/c2me/fixes/worldgen/threading_issues/common/CheckedThreadLocalRandom (java.lang.ClassNotFoundException: com/ishland/c2me/fixes/worldgen/threading_issues/common/CheckedThreadLocalRandom)
[05:10:47] [main/INFO]: [MemoryLeakFix] Will be applying 1 memory leak fixes!
[05:10:47] [main/INFO]: [MemoryLeakFix] Currently enabled memory leak fixes: [biomeTemperatureLeak]
[05:10:48] [main/INFO]: Minecord is getting ready...
[05:10:48] [main/INFO]: Initializing MixinExtras via com.llamalad7.mixinextras.service.MixinExtrasServiceImpl(version=0.5.0).
[05:10:48] [main/WARN]: Method overwrite conflict for getCustomData in porting_lib_entity.mixins.json:common.EntityMixin from mod porting_lib_entity, previously written by com.blackgear.platform.core.mixin.fabric.EntityMixin. Skipping method.
[05:10:49] [main/WARN]: Method overwrite conflict for nextSwing in spellbladenext.mixins.json:PlayerMixin from mod spellbladenext, previously written by com.cleannrooster.cleannarsenal.mixin.PlayerEntityMixin. Skipping method.
[05:10:49] [main/WARN]: Method overwrite conflict for isSecondSwing in spellbladenext.mixins.json:PlayerMixin from mod spellbladenext, previously written by com.cleannrooster.cleannarsenal.mixin.PlayerEntityMixin. Skipping method.
[05:10:50] [main/INFO]: Minecord Chat is getting ready...
[05:10:50] [main/INFO]: Minecord Commands is getting ready...
[05:10:50] [main/INFO]: Adding built-in uptime command as '/uptime'
[05:10:50] [main/INFO]: Adding built-in ticks-per-second (TPS) command as '/uptime'
[05:10:50] [main/INFO]: Skipping disabled custom command '/whitelist'
[05:10:50] [main/INFO]: Minecord Presence is getting ready...
[05:10:50] [main/INFO]: Adding presence category 'starting' with 1 presences
[05:10:50] [main/INFO]: Adding presence category 'running' with 3 presences
[05:10:50] [main/INFO]: Adding presence category 'stopping' with 1 presences
[05:10:50] [main/INFO]: Logging into Discord...
[05:10:51] [main/ERROR]: Unable to login to Discord: Token may not be empty
[05:10:51] [main/INFO]: Mixing common.MixinFriendlyByteBuf from mixins/common/nochatreports.mixins.json into net.minecraft.class_2540
[05:10:51] [main/INFO]: Renaming synthetic method lambda$onWriteJsonWithCodec$1(Ljava/lang/Object;Ljava/lang/String;)Lio/netty/handler/codec/EncoderException; to md7a8d0b$nochatreports$lambda$onWriteJsonWithCodec$1$0 in mixins/common/nochatreports.mixins.json:common.MixinFriendlyByteBuf from mod nochatreports
[05:10:51] [main/INFO]: Renaming synthetic method lambda$onReadJsonWithCodec$0(Ljava/lang/String;)Lio/netty/handler/codec/DecoderException; to md7a8d0b$nochatreports$lambda$onReadJsonWithCodec$0$1 in mixins/common/nochatreports.mixins.json:common.MixinFriendlyByteBuf from mod nochatreports
[05:10:52] [main/INFO]: Injecting BlockStateBase cache population hook into getOpacityIfCached from ca.spottedleaf.starlight.mixin.common.blockstate.BlockStateBaseMixin
[05:10:52] [main/INFO]: Injecting BlockStateBase cache population hook into getNeighborPathNodeType from me.jellysquid.mods.lithium.mixin.ai.pathing.AbstractBlockStateMixin
[05:10:52] [main/INFO]: Injecting BlockStateBase cache population hook into getPathNodeType from me.jellysquid.mods.lithium.mixin.ai.pathing.AbstractBlockStateMixin
[05:10:52] [main/INFO]: Injecting BlockStateBase cache population hook into isConditionallyFullOpaque from ca.spottedleaf.starlight.mixin.common.blockstate.BlockStateBaseMixin
[05:10:52] [main/INFO]: Injecting BlockStateBase cache population hook into getAllFlags from me.jellysquid.mods.lithium.mixin.util.block_tracking.AbstractBlockStateMixin
[05:10:52] [main/INFO]: Instancing error handler class com.illusivesoulworks.polymorph.mixin.IntegratedMixinPlugin
[05:10:53] [main/WARN]: Method overwrite conflict for method_7844 in ranged_weapon_api.mixins.json:item.RangedWeaponItemMixin from mod ranged_weapon_api, previously written by net.projectile_damage.mixin.RangedWeaponItemMixin. Skipping method.
[05:10:53] [main/WARN]: @Inject(@At("INVOKE_ASSIGN")) Shift.BY=2 on refurbished_furniture.common.mixins.json:LevelChunkMixin from mod refurbished_furniture::handler$hfd000$refurbished_furniture$refurbishedFurniture$AfterRemoveBlockEntity exceeds the maximum allowed value: 0. Increase the value of maxShiftBy to suppress this warning.
[05:10:54] [main/INFO]: Mixing server.MixinServerGamePacketListenerImpl from mixins/common/nochatreports.mixins.json into net.minecraft.class_3244
[05:10:54] [main/WARN]: Method overwrite conflict for getRolls in emi_loot.mixins.json:LootPoolAccessor from mod emi_loot, previously written by net.fabricmc.fabric.mixin.loot.table.LootPoolMixin. Skipping method.
[05:10:54] [main/WARN]: Method overwrite conflict for getPools in origins-classes.mixins.json:LootTableAccessor from mod origins-classes, previously written by fzzyhmstrs.emi_loot.mixins.LootTableMixin. Skipping method.
[05:10:55] [main/WARN]: Static binding violation: PRIVATE @Overwrite method method_21740 in modernfix-common.mixins.json:perf.remove_biome_temperature_cache.BiomeMixin from mod modernfix cannot reduce visibiliy of PUBLIC target method, visibility will be upgraded.
[05:10:55] [main/WARN]: Method overwrite conflict for method_21740 in modernfix-common.mixins.json:perf.remove_biome_temperature_cache.BiomeMixin from mod modernfix, previously written by me.jellysquid.mods.lithium.mixin.world.temperature_cache.BiomeMixin. Skipping method.
[05:10:56] [main/INFO]: Vanilla bootstrap took 4964 milliseconds
[05:10:56] [main/ERROR]: Entity eldritch_end:ominous_eye has no attributes
[05:10:56] [main/ERROR]: Entity eldritch_end:aberration has no attributes
[05:10:56] [main/ERROR]: Entity eldritch_end:tentacle has no attributes
[05:10:56] [main/ERROR]: Entity eldritch_end:undead_tentacle has no attributes
[05:10:56] [main/ERROR]: Entity eldritch_end:dendler has no attributes
[05:10:56] [main/ERROR]: Entity eldritch_end:the_faceless has no attributes
[05:10:56] [main/ERROR]: Entity wetlands:elder_gear_golem has no attributes
[05:10:56] [main/ERROR]: Entity wetlands:gear_golem has no attributes
[05:10:56] [main/ERROR]: Entity wetlands:willothewisp has no attributes
[05:10:56] [main/INFO]: Initializing platform helper for Advanced Netherite!
[05:10:56] [main/WARN]: Method overwrite conflict for getPools in porting_lib_tool_actions.mixins.json:BuilderAccessor from mod porting_lib_tool_actions, previously written by com.blackgear.platform.core.mixin.fabric.LootTableBuilderMixin. Skipping method.
[05:10:56] [main/WARN]: Method overwrite conflict for getPools in Croptopia.mixins.json:accessor.LootTableBuilderAccessor from mod croptopia, previously written by com.blackgear.platform.core.mixin.fabric.LootTableBuilderMixin. Skipping method.
[05:10:56] [main/INFO]: [AllTheTrims] Config loaded
[05:10:56] [main/INFO]: Loaded config amendments-common.json
[05:10:57] [main/INFO]: Loaded config amethyst_imbuement:items_config in 367ms
[05:10:57] [main/INFO]: Loaded config amethyst_imbuement:materials_config in 192ms
[05:10:57] [main/INFO]: Loaded config amethyst_imbuement:blocks_config in 32ms
[05:10:57] [main/INFO]: Loaded config amethyst_imbuement: in 21ms
[05:10:57] [main/INFO]: Loaded config amethyst_imbuement:enchantments_config in 10ms
[05:10:57] [main/INFO]: Loaded config amethyst_imbuement:augments_config in 3ms
[05:10:57] [main/INFO]: Loaded config amethyst_imbuement:entities_config in 31ms
[05:10:57] [main/INFO]: Loaded config amethyst_imbuement:resources_config in 4ms
[05:10:57] [main/INFO]: Loaded config amethyst_imbuement:hud_config in 3ms
[05:10:57] [main/INFO]: Loaded config amethyst_imbuement:dismiss in 8ms
[05:10:57] [main/INFO]: Loaded config amethyst_imbuement:magic_missile in 1ms
[05:10:57] [main/INFO]: Loaded config amethyst_imbuement:abundance in 1ms
[05:10:57] [main/INFO]: Loaded config amethyst_imbuement:animal_husbandry in 1ms
[05:10:57] [main/INFO]: Loaded config amethyst_imbuement:ball_lightning in 0ms
[05:10:57] [main/INFO]: Loaded config amethyst_imbuement:barrier in 0ms
[05:10:57] [main/INFO]: Loaded config amethyst_imbuement:bedazzle in 0ms
[05:10:57] [main/INFO]: Loaded config amethyst_imbuement:body_swap in 1ms
[05:10:57] [main/INFO]: Loaded config amethyst_imbuement:chickenform in 0ms
[05:10:57] [main/INFO]: Loaded config amethyst_imbuement:cleanse in 1ms
[05:10:57] [main/INFO]: Loaded config amethyst_imbuement:comet_storm in 0ms
[05:10:57] [main/INFO]: Loaded config amethyst_imbuement:create_hard_light in 1ms
[05:10:57] [main/INFO]: Loaded config amethyst_imbuement:create_lava in 1ms
[05:10:57] [main/INFO]: Loaded config amethyst_imbuement:create_sponge in 0ms
[05:10:57] [main/INFO]: Loaded config amethyst_imbuement:create_water in 0ms
[05:10:57] [main/INFO]: Loaded config amethyst_imbuement:cripple in 3ms
[05:10:57] [main/INFO]: Loaded config amethyst_imbuement:curse in 1ms
[05:10:57] [main/INFO]: Loaded config amethyst_imbuement:dash in 0ms
[05:10:57] [main/INFO]: Loaded config amethyst_imbuement:empowered_slash in 1ms
[05:10:57] [main/INFO]: Loaded config amethyst_imbuement:excavate in 0ms
[05:10:57] [main/INFO]: Loaded config amethyst_imbuement:execute in 1ms
[05:10:57] [main/INFO]: Loaded config amethyst_imbuement:exhaust in 0ms
[05:10:57] [main/INFO]: Loaded config amethyst_imbuement:fang_barrage in 1ms
[05:10:57] [main/INFO]: Loaded config amethyst_imbuement:fangs in 1ms
[05:10:57] [main/INFO]: Loaded config amethyst_imbuement:fireball in 0ms
[05:10:57] [main/INFO]: Loaded config amethyst_imbuement:flamebolt in 1ms
[05:10:57] [main/INFO]: Loaded config amethyst_imbuement:flamewave in 0ms
[05:10:57] [main/INFO]: Loaded config amethyst_imbuement:flare in 0ms
[05:10:57] [main/INFO]: Loaded config amethyst_imbuement:forcefield in 0ms
[05:10:57] [main/INFO]: Loaded config amethyst_imbuement:fortify in 0ms
[05:10:57] [main/INFO]: Loaded config amethyst_imbuement:freezing in 0ms
[05:10:57] [main/INFO]: Loaded config amethyst_imbuement:gusting in 1ms
[05:10:57] [main/INFO]: Loaded config amethyst_imbuement:hamptertime in 1ms
[05:10:57] [main/INFO]: Loaded config amethyst_imbuement:hard_light_bridge in 0ms
[05:10:57] [main/INFO]: Loaded config amethyst_imbuement:healing_wind in 1ms
[05:10:57] [main/INFO]: Loaded config amethyst_imbuement:ice_shard in 1ms
[05:10:57] [main/INFO]: Loaded config amethyst_imbuement:ice_spikes in 1ms
[05:10:57] [main/INFO]: Loaded config amethyst_imbuement:inspiring_song in 1ms
[05:10:57] [main/INFO]: Loaded config amethyst_imbuement:levitating_bullet in 1ms
[05:10:57] [main/INFO]: Loaded config amethyst_imbuement:lightning_bolt in 1ms
[05:10:57] [main/INFO]: Loaded config amethyst_imbuement:lightning_storm in 0ms
[05:10:57] [main/INFO]: Loaded config amethyst_imbuement:magnetic_aura in 0ms
[05:10:57] [main/INFO]: Loaded config amethyst_imbuement:mass_cleanse in 0ms
[05:10:57] [main/INFO]: Loaded config amethyst_imbuement:mass_exhaust in 0ms
[05:10:57] [main/INFO]: Loaded config amethyst_imbuement:mass_fortify in 1ms
[05:10:57] [main/INFO]: Loaded config amethyst_imbuement:mass_heal in 1ms
[05:10:57] [main/INFO]: Loaded config amethyst_imbuement:mass_revivify in 0ms
[05:10:57] [main/INFO]: Loaded config amethyst_imbuement:mend_equipment in 0ms
[05:10:57] [main/INFO]: Loaded config amethyst_imbuement:mental_clarity in 1ms
[05:10:57] [main/INFO]: Loaded config amethyst_imbuement:minor_heal in 1ms
[05:10:57] [main/INFO]: Loaded config amethyst_imbuement:persuade in 0ms
[05:10:57] [main/INFO]: Loaded config amethyst_imbuement:poultrymorph in 1ms
[05:10:57] [main/INFO]: Loaded config amethyst_imbuement:recall in 1ms
[05:10:57] [main/INFO]: Loaded config amethyst_imbuement:regenerate in 0ms
[05:10:57] [main/INFO]: Loaded config amethyst_imbuement:resonate in 0ms
[05:10:57] [main/INFO]: Loaded config amethyst_imbuement:shine in 0ms
[05:10:57] [main/INFO]: Loaded config amethyst_imbuement:smiting_blow in 1ms
[05:10:57] [main/INFO]: Loaded config amethyst_imbuement:soul_missile in 0ms
[05:10:57] [main/INFO]: Loaded config amethyst_imbuement:sparkbolt in 0ms
[05:10:57] [main/INFO]: Loaded config amethyst_imbuement:spectral_slash in 0ms
[05:10:57] [main/INFO]: Loaded config amethyst_imbuement:summon_boat in 1ms
[05:10:57] [main/INFO]: Loaded config amethyst_imbuement:summon_bonestorm in 0ms
[05:10:57] [main/INFO]: Loaded config amethyst_imbuement:summon_chicken in 0ms
[05:10:57] [main/INFO]: Loaded config amethyst_imbuement:summon_fury_totem in 1ms
[05:10:57] [main/INFO]: Loaded config amethyst_imbuement:summon_golem in 1ms
[05:10:57] [main/INFO]: Loaded config amethyst_imbuement:summon_grace_totem in 0ms
[05:10:57] [main/INFO]: Loaded config amethyst_imbuement:summon_hamster in 1ms
[05:10:57] [main/INFO]: Loaded config amethyst_imbuement:summon_strider in 0ms
[05:10:57] [main/INFO]: Loaded config amethyst_imbuement:summon_zombie in 1ms
[05:10:57] [main/INFO]: Loaded config amethyst_imbuement:survey in 1ms
[05:10:57] [main/INFO]: Loaded config amethyst_imbuement:teleport in 1ms
[05:10:57] [main/INFO]: Loaded config amethyst_imbuement:trance in 0ms
[05:10:57] [main/INFO]: Loaded config amethyst_imbuement:torrent_of_beaks in 0ms
[05:10:57] [main/INFO]: Loaded config amethyst_imbuement:weightlessness in 0ms
[05:10:57] [main/INFO]: Loaded config amethyst_imbuement:hail_storm in 0ms
[05:10:57] [main/INFO]: Loaded config amethyst_imbuement:withering_bolt in 1ms
[05:10:57] [main/INFO]: Loaded config amethyst_imbuement:zap in 0ms
[05:10:57] [main/INFO]: Loaded config amethyst_imbuement:debug in 0ms
[05:10:57] [main/INFO]: Loaded config amethyst_imbuement:arcane_aura in 0ms
[05:10:57] [main/INFO]: Loaded config amethyst_imbuement:bone_fan in 0ms
[05:10:57] [main/INFO]: Loaded config amethyst_imbuement:carapace in 0ms
[05:10:57] [main/INFO]: Loaded config amethyst_imbuement:chain_lightning in 1ms
[05:10:57] [main/INFO]: Loaded config amethyst_imbuement:chaos_bolt in 0ms
[05:10:57] [main/INFO]: Loaded config amethyst_imbuement:create_tnt in 0ms
[05:10:57] [main/INFO]: Loaded config amethyst_imbuement:energy_blade in 0ms
[05:10:57] [main/INFO]: Loaded config amethyst_imbuement:full_heal in 0ms
[05:10:57] [main/INFO]: Loaded config amethyst_imbuement:ice_burst in 0ms
[05:10:57] [main/INFO]: Loaded config amethyst_imbuement:lightning_aura in 1ms
[05:10:57] [main/INFO]: Loaded config amethyst_imbuement:mending_aura in 1ms
[05:10:57] [main/INFO]: Loaded config amethyst_imbuement:meteor in 1ms
[05:10:57] [main/INFO]: Loaded config amethyst_imbuement:planar_door in 0ms
[05:10:57] [main/INFO]: Loaded config amethyst_imbuement:revivify in 0ms
[05:10:57] [main/INFO]: Loaded config amethyst_imbuement:sanctuary in 1ms
[05:10:57] [main/INFO]: Loaded config amethyst_imbuement:summon_cholem in 0ms
[05:10:57] [main/INFO]: Loaded config amethyst_imbuement:solar_flare in 1ms
[05:10:57] [main/INFO]: Loaded config amethyst_imbuement:soulfreeze in 1ms
[05:10:57] [main/INFO]: Loaded config amethyst_imbuement:crackling_infusion in 1ms
[05:10:57] [main/INFO]: Teleporting, Phasing, Evolving, Injecting. Apocalypse Origins is ready.
[05:10:57] [main/INFO]: Registering items for apocalypse_origins
[05:10:57] [main/INFO]: Registering blocks for apocalypse_origins
[05:10:58] [main/INFO]: Apoli 2.9.0 has initialized. Ready to power up your game!
[05:10:58] [main/INFO]: Registering Mod Items for archers_expansion
[05:10:58] [main/INFO]: Registering Item Groups for archers_expansion
[05:10:58] [main/INFO]: Running compat handler for Origins
[05:10:58] [main/INFO]: Registered azurelib config for auto-sync function
[05:10:58] [main/INFO]: Initializing Backported-Wolves Config.
[05:10:58] [main/INFO]: backported_wolves registered wolf spawns successfully.
[05:10:58] [main/INFO]: [Basic Storage] Filling crates...
[05:10:58] [main/INFO]: [Basic Storage] Config loaded successfully
[05:10:58] [main/INFO]: [Basic Storage] 6/6 Crates filled!
[05:10:58] [main/INFO]: Hello Fabric world!
[05:10:58] [main/INFO]: Better Compatibility Checker starting
[05:10:58] [main/INFO]: Loading config file
[05:10:58] [main/INFO]: Config file loaded
[05:10:58] [main/INFO]: Registering Mod Items for berserker_rpg
[05:10:58] [main/INFO]: Registering Item Groups for berserker_rpg
[05:10:59] [main/INFO]: Reflections took 43 ms to scan 1 urls, producing 1 keys and 2 values
[05:10:59] [main/INFO]: Reflections took 2 ms to scan 1 urls, producing 1 keys and 2 values
[05:10:59] [main/INFO]: Reflections took 3 ms to scan 1 urls, producing 1 keys and 1 values
[05:10:59] [main/INFO]: Reflections took 2 ms to scan 1 urls, producing 1 keys and 1 values
[05:10:59] [main/INFO]: Eren Yağlıdere üç de, wigu wigu dındıdı dın ıdnı dnı dnı
[05:10:59] [main/INFO]: Reflections took 1 ms to scan 1 urls, producing 1 keys and 1 values
[05:10:59] [main/INFO]: Reflections took 1 ms to scan 1 urls, producing 1 keys and 1 values
[05:10:59] [main/INFO]: Fixing MC-151457. Crafting remainder for minecraft:pufferfish_bucket is now minecraft:bucket.
[05:10:59] [main/INFO]: Fixing MC-151457. Crafting remainder for minecraft:salmon_bucket is now minecraft:bucket.
[05:10:59] [main/INFO]: Fixing MC-151457. Crafting remainder for minecraft:cod_bucket is now minecraft:bucket.
[05:10:59] [main/INFO]: Fixing MC-151457. Crafting remainder for minecraft:tropical_fish_bucket is now minecraft:bucket.
[05:10:59] [main/INFO]: Fixing MC-151457. Crafting remainder for minecraft:axolotl_bucket is now minecraft:bucket.
[05:10:59] [main/INFO]: Fixing MC-151457. Crafting remainder for minecraft:powder_snow_bucket is now minecraft:bucket.
[05:10:59] [main/INFO]: Fixing MC-151457. Crafting remainder for minecraft:tadpole_bucket is now minecraft:bucket.
[05:10:59] [main/INFO]: Initializing Main Registry
[05:10:59] [main/INFO]: [Bronze] Finished Loading!
[05:11:00] [main/INFO]: Hello Fabric world!
[05:11:00] [main/INFO]: [Clutter] Finished initializing.
[05:11:00] [main/INFO]: Loading Collective version 8.13.
[05:11:00] [main/INFO]: Loaded C2B lib.
[05:11:01] [main/INFO]: Successfully loaded config "bettertrims"
[05:11:01] [main/INFO]: [STDOUT]: Initializing Convenient Hitboxes
[05:11:01] [main/INFO]: Creating default config file: croptopia_v3.conf
[05:11:01] [main/INFO]: Initializing CrystalsOverhauledMod
[05:11:01] [main/INFO]: Initializing DarkbladesMod
[05:11:01] [main/INFO]: Initializing DarkbreadMod
[05:11:01] [main/INFO]: Initializing DarkfeatherMod
[05:11:01] [main/INFO]: File exists, reading config for elocindev.deathknights.config.entries.enchants.DecayingEnchantConfig.
[05:11:01] [main/INFO]: Config for elocindev.deathknights.config.entries.enchants.DecayingEnchantConfig read successfully.
[05:11:01] [main/INFO]: File exists, reading config for elocindev.deathknights.config.entries.loot.JewelryLootConfig.
[05:11:01] [main/INFO]: Config for elocindev.deathknights.config.entries.loot.JewelryLootConfig read successfully.
[05:11:01] [main/INFO]: File exists, reading config for elocindev.deathknights.config.entries.spells.frost.ObliterateConfig.
[05:11:01] [main/INFO]: Config for elocindev.deathknights.config.entries.spells.frost.ObliterateConfig read successfully.
[05:11:01] [main/INFO]: File exists, reading config for elocindev.deathknights.config.entries.spells.frost.RemorselessWinterConfig.
[05:11:01] [main/INFO]: Config for elocindev.deathknights.config.entries.spells.frost.RemorselessWinterConfig read successfully.
[05:11:01] [main/INFO]: File exists, reading config for elocindev.deathknights.config.entries.spells.frost.BreathOfAgonyConfig.
[05:11:01] [main/INFO]: Config for elocindev.deathknights.config.entries.spells.frost.BreathOfAgonyConfig read successfully.
[05:11:01] [main/INFO]: File exists, reading config for elocindev.deathknights.config.entries.spells.unholy.PlaguesConfig.
[05:11:01] [main/INFO]: Config for elocindev.deathknights.config.entries.spells.unholy.PlaguesConfig read successfully.
[05:11:01] [main/INFO]: File exists, reading config for elocindev.deathknights.config.entries.spells.unholy.DeathCoilConfig.
[05:11:01] [main/INFO]: Config for elocindev.deathknights.config.entries.spells.unholy.DeathCoilConfig read successfully.
[05:11:01] [main/INFO]: File exists, reading config for elocindev.deathknights.config.entries.spells.unholy.EpidemicConfig.
[05:11:01] [main/INFO]: Config for elocindev.deathknights.config.entries.spells.unholy.EpidemicConfig read successfully.
[05:11:01] [main/INFO]: File exists, reading config for elocindev.deathknights.config.entries.spells.unholy.DeathGripConfig.
[05:11:01] [main/INFO]: Config for elocindev.deathknights.config.entries.spells.unholy.DeathGripConfig read successfully.
[05:11:01] [main/INFO]: File exists, reading config for elocindev.deathknights.config.entries.spells.blood.DeathStrikeConfig.
[05:11:01] [main/INFO]: Config for elocindev.deathknights.config.entries.spells.blood.DeathStrikeConfig read successfully.
[05:11:01] [main/INFO]: File exists, reading config for elocindev.deathknights.config.entries.spells.blood.MarrowrendConfig.
[05:11:01] [main/INFO]: Config for elocindev.deathknights.config.entries.spells.blood.MarrowrendConfig read successfully.
[05:11:01] [main/INFO]: File exists, reading config for elocindev.deathknights.config.entries.spells.blood.BloodBoilConfig.
[05:11:01] [main/INFO]: Config for elocindev.deathknights.config.entries.spells.blood.BloodBoilConfig read successfully.
[05:11:01] [main/INFO]: File exists, reading config for elocindev.deathknights.config.entries.spells.blood.BloodThirstConfig.
[05:11:01] [main/INFO]: Config for elocindev.deathknights.config.entries.spells.blood.BloodThirstConfig read successfully.
[05:11:01] [main/INFO]: Death Knights Config Loaded!
[05:11:01] [main/INFO]: [STDERR]: Failed to resolve EntityAttribute with id: death_knights:unholy
[05:11:01] [main/INFO]: [STDERR]: Failed to resolve EntityAttribute with id: death_knights:unholy
[05:11:01] [main/INFO]: [STDERR]: Failed to resolve EntityAttribute with id: death_knights:blood
[05:11:01] [main/INFO]: [STDERR]: Failed to resolve EntityAttribute with id: death_knights:blood
[05:11:01] [main/INFO]: Death Knights Initialized!
[05:11:02] [main/INFO]: [DRIPPY LOADING SCREEN] Loading v3.0.12 in server-side mode on FABRIC!
[05:11:02] [main/INFO]: Loaded config dummmmmmy-common.json
[05:11:02] [main/WARN]: Lithium detected. MmmMmmMmmMmm scarecrow mode might not work well due to a lithium bug (the mod doesnt have a way to add goals to new entities)
[05:11:02] [main/INFO]: Hello Fabric world!
[05:11:02] [main/INFO]: File exists, reading config for elocindev.eldritch_end.config.entries.biomes.PrimordialAbyssConfig.
[05:11:02] [main/INFO]: Config for elocindev.eldritch_end.config.entries.biomes.PrimordialAbyssConfig read successfully.
[05:11:02] [main/INFO]: File exists, reading config for elocindev.eldritch_end.config.entries.biomes.HasturianWastesConfig.
[05:11:02] [main/INFO]: Config for elocindev.eldritch_end.config.entries.biomes.HasturianWastesConfig read successfully.
[05:11:02] [main/INFO]: File exists, reading config for elocindev.eldritch_end.config.entries.entities.AberrationConfig.
[05:11:02] [main/INFO]: Config for elocindev.eldritch_end.config.entries.entities.AberrationConfig read successfully.
[05:11:02] [main/INFO]: File exists, reading config for elocindev.eldritch_end.config.entries.entities.TentacleConfig.
[05:11:02] [main/INFO]: Config for elocindev.eldritch_end.config.entries.entities.TentacleConfig read successfully.
[05:11:02] [main/INFO]: File exists, reading config for elocindev.eldritch_end.config.entries.entities.DendlerConfig.
[05:11:02] [main/INFO]: Config for elocindev.eldritch_end.config.entries.entities.DendlerConfig read successfully.
[05:11:02] [main/INFO]: File exists, reading config for elocindev.eldritch_end.config.entries.entities.boss.FacelessConfig.
[05:11:02] [main/INFO]: Config for elocindev.eldritch_end.config.entries.entities.boss.FacelessConfig read successfully.
[05:11:02] [main/INFO]: File exists, reading config for elocindev.eldritch_end.config.entries.entities.boss.HasturConfig.
[05:11:02] [main/INFO]: Config for elocindev.eldritch_end.config.entries.entities.boss.HasturConfig read successfully.
[05:11:02] [main/INFO]: File exists, reading config for elocindev.eldritch_end.config.entries.entities.boss.EyeConfig.
[05:11:02] [main/INFO]: Config for elocindev.eldritch_end.config.entries.entities.boss.EyeConfig read successfully.
[05:11:02] [main/INFO]: File exists, reading config for elocindev.eldritch_end.config.entries.mechanics.CorruptionConfig.
[05:11:02] [main/INFO]: Config for elocindev.eldritch_end.config.entries.mechanics.CorruptionConfig read successfully.
[05:11:02] [main/INFO]: File exists, reading config for elocindev.eldritch_end.config.entries.mechanics.InfusionConfig.
[05:11:02] [main/INFO]: Config for elocindev.eldritch_end.config.entries.mechanics.InfusionConfig read successfully.
[05:11:02] [main/INFO]: File exists, reading config for elocindev.eldritch_end.config.entries.item.XalConfig.
[05:11:02] [main/INFO]: Config for elocindev.eldritch_end.config.entries.item.XalConfig read successfully.
[05:11:02] [main/INFO]: Eldritch End's Config Loaded!
[05:11:02] [main/INFO]: Registered Eldritch End items
[05:11:02] [main/INFO]: Registering Item Groups for elemental_wizards_rpg
[05:11:02] [main/INFO]: Loaded config :emi_loot_config in 65ms
[05:11:02] [main/INFO]: Constructing common components for enderzoology:main
[05:11:02] [main/INFO]: Loading common config for enderzoology
[05:11:02] [Thread-4/INFO]: Reloading common config for enderzoology
[05:11:02] [Thread-4/INFO]: Reloading common config for enderzoology
[05:11:02] [main/INFO]: ExpandAbility here, who dis?
[05:11:02] [main/INFO]: Registering Exp Items for expores
[05:11:02] [main/INFO]: Registering Exp Blocks for expores
[05:11:02] [main/INFO]: Exp Ores works properly!
[05:11:02] [main/INFO]: Initializing Extensive Diamonds!
[05:11:02] [main/INFO]: Hello Fabric world!
[05:11:02] [main/INFO]: Look at the cleanse, look at the moves!
[05:11:02] [Placebo (FakerLib) Patreon Wing Loader/INFO]: Loading patreon wing data...
[05:11:02] [Placebo (FakerLib) Patreon Trail Loader/INFO]: Loading patreon trails data...
[05:11:02] [main/INFO]: [FANCYMENU] Loading v3.7.0 in server-side mode on FABRIC!
[05:11:02] [Placebo (FakerLib) Patreon Wing Loader/INFO]: Loaded 25 patreon wings.
[05:11:02] [Placebo (FakerLib) Patreon Trail Loader/INFO]: Loaded 33 patreon trails.
[05:11:03] [main/INFO]: Registering Mod Items for forcemaster_rpg
[05:11:03] [main/INFO]: Registering Item Groups for forcemaster_rpg
[05:11:03] [main/INFO]: Reflections took 110 ms to scan 2 urls, producing 9 keys and 84 values
[05:11:04] [main/INFO]: Geode Plus: A Forge/Fabric mod that add geodes to Minecraft Overworld, Nether and even The End!
[05:11:04] [main/INFO]: Registered JSON trade offer adapter.
[05:11:04] [main/INFO]: Loaded config imbued_gear:items_config in 9ms
[05:11:04] [main/INFO]: Loaded config imbued_gear:materials_config in 22ms
[05:11:04] [main/INFO]: Loaded config imbued_gear:modifiers_config in 6ms
[05:11:04] [main/INFO]: Loaded config imbued_gear:enchants_config in 3ms
[05:11:05] [main/INFO]: Loaded config imbued_gear:bankai in 2ms
[05:11:05] [main/INFO]: Hello Fabric world!
[05:11:05] [main/INFO]: File exists, reading config for elocindev.item_obliterator.fabric_quilt.config.ConfigEntries.
[05:11:05] [main/INFO]: Config for elocindev.item_obliterator.fabric_quilt.config.ConfigEntries read successfully.
[05:11:05] [main/INFO]: Item Obliterator Config Loaded
[05:11:05] [main/INFO]: [STDOUT]: Hello, Jain's Desserts!
[05:11:05] [main/INFO]: Nails and charms. Hollow Knight Origins is ready.
[05:11:05] [main/INFO]: Registering items for juknight_origins
[05:11:05] [main/INFO]: Hello from kevslibrary!
[05:11:05] [main/INFO]: Loading Resourcepack for kevslibrary
[05:11:05] [main/INFO]: Hello from kevstierifymodifiers!
[05:11:05] [main/INFO]: Loading tiered data pack for kevstierifymodifiers
[05:11:05] [main/INFO]: [KONKRETE] Successfully initialized!
[05:11:05] [main/INFO]: [KONKRETE] Server-side libs ready to use!
[05:11:05] [main/INFO]: Compression will use libdeflate (Linux x86_64), encryption will use OpenSSL 3.0.x (Linux x86_64)
[05:11:05] [main/INFO]: Leaderboards initialized
[05:11:05] [main/INFO]: Initialize mod Library Ferret
[05:11:05] [main/INFO]: Initialized mod Library Ferret
[05:11:05] [main/INFO]: Registering Item Groups for loot_n_explore
[05:11:05] [main/INFO]: Registering Status Effects for loot_n_explore
[05:11:05] [main/INFO]: Loading magic particles...
[05:11:05] [main/INFO]: Constructing common components for magnumtorch:main
[05:11:05] [main/INFO]: Loaded maxhealthfix for Fabric.
[05:11:05] [main/INFO]: Registering Blocks for mcda
[05:11:06] [main/INFO]: Loading Medieval Origins
[05:11:06] [main/INFO]: Registering Medieval Origins Revival Fabric for production
[05:11:06] [main/INFO]: Registering Medieval Origins attributes
[05:11:06] [main/INFO]: Registering Sounds for Medieval Origins Revival
[05:11:06] [main/INFO]: Registered SummonTracker events (Fabric)
[05:11:06] [main/INFO]: [MELODY] Disabling Melody since it's loaded server-side.
[05:11:06] [main/INFO]: Definitely not up to no good
[05:11:06] [main/INFO]: Constructing common components for moblassos:main
[05:11:06] [main/INFO]: Loaded config moonlight-common.json
[05:11:06] [main/INFO]: Initializing More Potions mod!
[05:11:06] [main/INFO]: Registering Mod Items for more_rpg_classes
[05:11:06] [main/INFO]: Registering Item Groups for more_rpg_classes
[05:11:06] [main/INFO]: Mythic Lib works properly!
[05:11:06] [main/INFO]: [Mythic Metals] Have fun using Origins!
[05:11:06] [main/INFO]: [Mythic Metals] Mythic Metals is now initialized.
[05:11:06] [main/INFO]: Registering Mythic Items for mythicupgrades
[05:11:06] [main/INFO]: Registering Mythic Blocks for mythicupgrades
[05:11:06] [main/INFO]: Registering resource pack 32x...
[05:11:06] [main/INFO]: Successfully registered resource pack 32x.
[05:11:06] [main/INFO]: Mythic Upgrades works properly! CAN, ANNENE SELAMLAR KARDESIM! <3
[05:11:06] [main/INFO]: Chase your dreams, no matter the cost. Don't wait for invitations, take action. Making a decision, starting something - that's half the battle of achieving success.
[05:11:06] [main/INFO]: Necronomicon Initialized
[05:11:06] [main/INFO]: File exists, reading config for elocindev.necronomicon.NecronomiconConfig.
[05:11:06] [main/INFO]: Config for elocindev.necronomicon.NecronomiconConfig read successfully.
[05:11:06] [main/INFO]: KONNICHIWA ZA WARUDO!
[05:11:06] [main/INFO]: Default JVM text encoding is: UTF-8
[05:11:06] [main/INFO]: Reading config file NoChatReports/NCR-Common.json...
[05:11:06] [main/INFO]: Writing config file NoChatReports/NCR-Common.json...
[05:11:06] [main/INFO]: Hello Fabric world!
[05:11:06] [main/INFO]: Registering Items for oceansdelight
[05:11:06] [main/INFO]: Registering Blocks for oceansdelight
[05:11:06] [main/INFO]: Registering tabs for oceansdelight
[05:11:06] [main/INFO]: [STDOUT]: All 1 have been set properly
[05:11:06] [main/INFO]: Origins 1.10.0 is initializing. Have fun!
[05:11:06] [main/INFO]: chyz: How could you do this to me, Blod. I loved you like a guy I don't know in real life :(
[05:11:06] [main/INFO]: Packet Fixer has been initialized successfully
[05:11:07] [main/INFO]: Registering Mod items forplentyofarmors
[05:11:07] [main/INFO]: [Plushables] Finished loading!
[05:11:07] [main/INFO]: Constructing common components for puzzleslib:main
[05:11:07] [main/INFO]: File exists, reading config for elocindev.rebalance.config.ReBalanceConfig.
[05:11:07] [main/INFO]: Config for elocindev.rebalance.config.ReBalanceConfig read successfully.
[05:11:07] [main/INFO]: Registered synced data key refurbished_furniture:lock_yaw for refurbished_furniture:seat
[05:11:07] [main/INFO]: [Regions Unexplored] generating and loading config
[05:11:08] [main/INFO]: Loading RPGMANA
[05:11:08] [main/INFO]: [Fabric Seasons] Trying to read config file...
[05:11:08] [main/INFO]: [Fabric Seasons] A config file was found, loading it..
[05:11:08] [main/INFO]: [Fabric Seasons] Successfully loaded config file.
[05:11:08] [main/INFO]: [Fabric Seasons] Successfully loaded seasonscroptopiacompat 1.0 for croptopia 2.2.2
[05:11:08] [main/INFO]: [Fabric Seasons] Successfully loaded seasonsdelightcompat 1.0 for farmersdelight 1.3.9
[05:11:08] [main/INFO]: [ServerCore] Loaded V1.5.2+1.20.1!
[05:11:08] [main/INFO]: Shield API initialized!
[05:11:08] [main/INFO]: Registering Config Files for simplymore
[05:11:08] [main/INFO]: Registering Status Effects for simplymore
[05:11:08] [main/INFO]: Registering Entities for simplymore
[05:11:08] [main/INFO]: Registering Items for simplymore
[05:11:08] [main/INFO]: Registering Tags for simplymore
[05:11:08] [main/INFO]: simplymore Initialized Successfully!
[05:11:08] [main/INFO]: Registering Eldritch End compat Items for simplyswords
[05:11:08] [main/INFO]: [STDOUT]: Copied from /data/simplyswords/safeload_recipes/eldritch_end/dreadtide.json to /data/simplyswords/recipes/eldritch_end/dreadtide.json
[05:11:08] [main/INFO]: [STDOUT]: /workspaces/DarkRpg/servidor_minecraft/config
[05:11:08] [main/INFO]: Registering Mythic Metals compat Items for simplyswords
[05:11:08] [main/INFO]: Hello Fabric world!
[05:11:08] [main/INFO]: Loaded config snowyspirit-common.json
[05:11:08] [main/INFO]: Config initialized!
[05:11:08] [main/INFO]: Successfully initialized Geckolib!
[05:11:09] [main/INFO]: Successfully registered SoulsWeapons content!
[05:11:09] [main/INFO]: Successfully registered built-in 2D model resourcepack!
[05:11:09] [main/INFO]: Successfully registered built-in Legacy 2D Models resourcepack!
[05:11:09] [main/INFO]: Successfully registered built-in Legacy 3D Models resourcepack!
[05:11:09] [main/INFO]: Successfully registered built-in Fresh Animations Compat. resourcepack!
[05:11:09] [main/INFO]: Successfully registered built-in Szombie's Enhanced 3D GOW Weapons resourcepack!
[05:11:09] [main/INFO]: Initializing done, time taken: 296ms
[05:11:09] [main/INFO]: Spell Engine x Open Parties and Claims
[05:11:09] [main/INFO]: Hello Fabric world!
[05:11:09] [main/INFO]: Initializing Stunning Statues!
[05:11:09] [main/INFO]: Registered region minecraft:overworld to index 0 for type OVERWORLD
[05:11:09] [main/INFO]: Registered region minecraft:nether to index 0 for type NETHER
[05:11:09] [main/INFO]: Registered region batsgalore:main_overworld to index 1 for type OVERWORLD
[05:11:09] [main/INFO]: Registered region clutter:overworld to index 2 for type OVERWORLD
[05:11:09] [main/INFO]: Registered region nyctophobia:biome_provider to index 3 for type OVERWORLD
[05:11:09] [main/INFO]: Registered region regions_unexplored:primary to index 4 for type OVERWORLD
[05:11:09] [main/INFO]: Registered region regions_unexplored:secondary to index 5 for type OVERWORLD
[05:11:09] [main/INFO]: Registered region regions_unexplored:nether to index 1 for type NETHER
[05:11:09] [main/INFO]: Registered region vanillabackport:overworld to index 6 for type OVERWORLD
[05:11:09] [main/INFO]: Initializing Throwable Fluids!
[05:11:09] [main/INFO]: File exists, reading config for elocindev.tierify.config.CommonConfig.
[05:11:09] [main/INFO]: Config for elocindev.tierify.config.CommonConfig read successfully.
[05:11:09] [main/INFO]: Config loaded
[05:11:09] [main/INFO]: Tom's Storage Setup starting
[05:11:09] [main/INFO]: Tom's Trading Network starting
[05:11:09] [main/INFO]: Registered the FluidEffect with Unique ID of minecraft:water for Water (Fluid Amount Required: 81000) with the ID 0
[05:11:09] [main/INFO]: Registered the FluidEffect with Unique ID of minecraft:lava for Lava (Fluid Amount Required: 81000) with the ID 1
[05:11:09] [main/INFO]: Registered the FluidEffect with Unique ID of travelersbackpack:potion for block.travelersbackpack.potion_still (Fluid Amount Required: 27000) with the ID 2
[05:11:09] [main/INFO]: Registered the FluidEffect with Unique ID of milk:still_milk for Air (Fluid Amount Required: 81000) with the ID 3
[05:11:10] [main/INFO]: Loaded config tridents_n_stuff:items_config in 6ms
[05:11:10] [main/INFO]: Loaded config tridents_n_stuff:materials_config in 13ms
[05:11:10] [main/INFO]: Loaded config tridents_n_stuff:modifiers_config in 2ms
[05:11:10] [main/INFO]: TriQue API works properly! YUSUF REIS ANNENE SELAMLAR KARŞİM <3!
[05:11:10] [main/INFO]: Hello Fabric world!
[05:11:10] [main/INFO]: Constructing common components for universalbonemeal:main
[05:11:10] [main/INFO]: Registered walljump config for auto-sync function
[05:11:10] [main/INFO]: Registering Warden Items for wardentools
[05:11:10] [main/INFO]: Registering Warden Blocks for wardentools
[05:11:10] [main/INFO]: Warden Tools works properly! NECO, ANNENE SELAMLAR KARDESIM! <3
[05:11:10] [main/INFO]: Registering Mod Items for witcher_rpg
[05:11:10] [main/INFO]: Registering Item Groups for witcher_rpg
[05:11:10] [main/INFO]: [WTHIT] Initializing plugin waystones:plugin at net.blay09.mods.waystones.compat.WTHITIntegration
[05:11:10] [main/INFO]: [WTHIT] Initializing common plugin waila:core at mcp.mobius.waila.plugin.core.CoreCommonPlugin
[05:11:10] [main/INFO]: [WTHIT] Initializing common plugin waila:vanilla at mcp.mobius.waila.plugin.vanilla.VanillaCommonPlugin
[05:11:10] [main/INFO]: [WTHIT] Initializing common plugin waila:harvest at mcp.mobius.waila.plugin.harvest.HarvestCommonPlugin
[05:11:10] [main/INFO]: [WTHIT] Initializing common plugin waila:fabric at mcp.mobius.waila.plugin.fabric.FabricCommonPlugin
[05:11:10] [main/INFO]: [WTHIT] Initializing common plugin waila:team_reborn_energy at mcp.mobius.waila.plugin.trenergy.TeamRebornEnergyCommonPlugin
[05:11:10] [main/INFO]: [WTHIT] Initializing plugin waystones:wthit at net.blay09.mods.waystones.compat.WTHITIntegration
[05:11:10] [main/INFO]: [WTHIT] Initializing common plugin waila:extra at mcp.mobius.waila.plugin.extra.ExtraPlugin
[05:11:10] [main/WARN]: [WTHIT] Found plugins registered via legacy platform-dependant method:
[05:11:10] [main/WARN]: [WTHIT] [waystones:wthit]
[05:11:10] [main/WARN]: [WTHIT] The method will be removed on Minecraft 1.21
[05:11:10] [main/INFO]: [WTHIT] Plugin config reloaded
[05:11:10] [main/INFO]: Yeehaw!
[05:11:10] [main/INFO]: File exists, reading config for elocindev.ysns.config.DisabledEntities.
[05:11:10] [main/INFO]: Config for elocindev.ysns.config.DisabledEntities read successfully.
[05:11:10] [main/INFO]: File exists, reading config for elocindev.ysns.config.PerDimensionEntities.
[05:11:10] [main/INFO]: Config for elocindev.ysns.config.PerDimensionEntities read successfully.
[05:11:10] [main/INFO]: You Shall Not Spawn's Config initialized
[05:11:10] [main/INFO]: Reflections took 3 ms to scan 1 urls, producing 1 keys and 4 values
[05:11:10] [main/INFO]: Reflections took 2 ms to scan 1 urls, producing 1 keys and 4 values
[05:11:11] [main/INFO]: Krypton is now accelerating your Minecraft server's networking stack 🚀
[05:11:11] [main/INFO]: Initializing Ledger 1.2.8
[05:11:11] [main/INFO]: Loading configuration...
[05:11:11] [main/INFO]: Initialized block sets in 81ms
[05:11:11] [main/INFO]: Loaded config fastpaintings-common.json
[05:11:12] [main/INFO]: Initialized color sets in 154ms
[05:11:12] [main/INFO]: Loading Open Parties and Claims!
[05:11:12] [main/INFO]: Loading Xaero's Minimap - Stage 1/2 (Server)
[05:11:12] [main/INFO]: Loading Xaero's World Map - Stage 1/2 (Server)
[05:11:12] [main/INFO]: Environment: authHost='https://authserver.mojang.com', accountsHost='https://api.mojang.com', sessionHost='https://sessionserver.mojang.com', servicesHost='https://api.minecraftservices.com', name='PROD'
[05:11:12] [main/INFO]: Bypassed Mojang DFU
[05:11:12] [main/INFO]: Starting runtime resource generation for pack type SERVER_DATA with generators from mods [snowyspirit]: [net.mehvahdjukaar.snowyspirit.dynamicpack.ServerDynamicResourcesHandler@7ceb2770]
[05:11:12] [main/INFO]: Generating runtime assets for pack Snowyspirit Generated Pack (snowyspirit)
[05:11:12] [main/INFO]: Generated runtime SERVER_DATA for pack Snowyspirit Generated Pack (snowyspirit) in: 39 ms (multithreaded)
[05:11:12] [main/INFO]: Finished runtime resources generation for 1 packs in a total of 40 ms
[05:11:13] [main/INFO]: Structure placement for `awesomedungeon:abandoned_oak_palace/start_pool`: { spacing: 50, separation: 25, salt: 1694767080, useValueFromConfiguration: true}
[05:11:13] [main/INFO]: Structure placement for `awesomedungeonend:aws_all_end_structures/start_pool`: { spacing: 20, separation: 15, salt: 49082056, useValueFromConfiguration: true}
[05:11:13] [main/INFO]: Structure placement for `awesomedungeon:better_default_jungle_temple/start_pool`: { spacing: 50, separation: 25, salt: 1654787080, useValueFromConfiguration: true}
[05:11:13] [main/INFO]: Structure placement for `awesomedungeonocean:brigantine/start_pool`: { spacing: 25, separation: 10, salt: 294215156, useValueFromConfiguration: true}
[05:11:13] [main/INFO]: Structure placement for `awesomedungeon:desert_temple_husk/start_pool`: { spacing: 50, separation: 25, salt: 1394767080, useValueFromConfiguration: true}
[05:11:13] [main/INFO]: Structure placement for `awesomedungeonocean:frigate_large/start_pool`: { spacing: 25, separation: 10, salt: 354415156, useValueFromConfiguration: true}
[05:11:13] [main/INFO]: Structure placement for `awesomedungeonocean:frigate_medium/start_pool`: { spacing: 25, separation: 10, salt: 474155156, useValueFromConfiguration: true}
[05:11:13] [main/INFO]: Structure placement for `awesomedungeon:jungle_giant_tree/start_pool`: { spacing: 50, separation: 25, salt: 1494763380, useValueFromConfiguration: true}
[05:11:13] [main/INFO]: Structure placement for `awesomedungeon:mushroom_abandonned/start_pool`: { spacing: 50, separation: 25, salt: 1494227080, useValueFromConfiguration: true}
[05:11:13] [main/INFO]: Structure placement for `awesomedungeonnether:nth_absi_palace/start_pool`: { spacing: 50, separation: 25, salt: 19482856, useValueFromConfiguration: true}
[05:11:13] [main/INFO]: Structure placement for `awesomedungeonnether:nth_accum_quad/start_pool`: { spacing: 50, separation: 25, salt: 28482856, useValueFromConfiguration: true}
[05:11:13] [main/INFO]: Structure placement for `awesomedungeonnether:nth_blaze_tower/start_pool`: { spacing: 50, separation: 25, salt: 37482856, useValueFromConfiguration: true}
[05:11:13] [main/INFO]: Structure placement for `awesomedungeonnether:nth_center_square/start_pool`: { spacing: 50, separation: 25, salt: 46482856, useValueFromConfiguration: true}
[05:11:13] [main/INFO]: Structure placement for `awesomedungeonnether:nth_giant_crimson_tree/start_pool`: { spacing: 50, separation: 25, salt: 55482856, useValueFromConfiguration: true}
[05:11:13] [main/INFO]: Structure placement for `awesomedungeonnether:nth_obsi_house/start_pool`: { spacing: 50, separation: 25, salt: 64482856, useValueFromConfiguration: true}
[05:11:13] [main/INFO]: Structure placement for `awesomedungeonocean:ocean_cage/start_pool`: { spacing: 25, separation: 10, salt: 40842806, useValueFromConfiguration: true}
[05:11:13] [main/INFO]: Structure placement for `awesomedungeonocean:ocean_quad/start_pool`: { spacing: 25, separation: 10, salt: 254835856, useValueFromConfiguration: true}
[05:11:13] [main/INFO]: Structure placement for `awesomedungeonocean:ocean_ruin_pillager/start_pool`: { spacing: 25, separation: 10, salt: 254145856, useValueFromConfiguration: true}
[05:11:13] [main/INFO]: Structure placement for `awesomedungeonocean:ocean_ruin_vanilla_temple/start_pool`: { spacing: 25, separation: 10, salt: 25482856, useValueFromConfiguration: true}
[05:11:13] [main/INFO]: Structure placement for `awesomedungeonocean:ocean_temple_quad/start_pool`: { spacing: 25, separation: 10, salt: 35482856, useValueFromConfiguration: true}
[05:11:13] [main/INFO]: Structure placement for `awesomedungeonocean:ocean_the_column_temple/start_pool`: { spacing: 25, separation: 10, salt: 15482856, useValueFromConfiguration: true}
[05:11:13] [main/INFO]: Structure placement for `awesomedungeonocean:ocean_warn_temple/start_pool`: { spacing: 25, separation: 10, salt: 45482856, useValueFromConfiguration: true}
[05:11:13] [main/INFO]: Structure placement for `awesomedungeon:swamp_big_temple/start_pool`: { spacing: 50, separation: 25, salt: 1594763280, useValueFromConfiguration: true}
[05:11:13] [main/INFO]: Structure placement for `awesomedungeon:the_usine/start_pool`: { spacing: 50, separation: 25, salt: 1694767078, useValueFromConfiguration: true}
[05:11:13] [main/INFO]: Structure placement for `awesomedungeon:t_z_tower/start_pool`: { spacing: 50, separation: 25, salt: 1794767078, useValueFromConfiguration: true}
[05:11:13] [main/INFO]: StructureSet modified for minecraft:village : Now using custom village configuration (can be disabled in the better villages config: boolean.villages.enabled_custom_config).
[05:11:13] [main/INFO]: Structure placement for `awesomedungeon:witch_castle/start_pool`: { spacing: 50, separation: 25, salt: 1894776078, useValueFromConfiguration: true}
[05:11:16] [main/WARN]: Adding spell_power:fire to saved/remote registry.
[05:11:16] [main/WARN]: Adding adventurez:blackstoned_heart to saved/remote registry.
[05:11:16] [main/WARN]: Adding spell_power:arcane to saved/remote registry.
[05:11:16] [main/WARN]: Adding adventurez:fame to saved/remote registry.
[05:11:16] [main/WARN]: Adding spell_power:frost to saved/remote registry.
[05:11:16] [main/INFO]: [fabric-registry-sync] Loaded registry data [file 1/4]
[05:11:17] [main/INFO]: Loaded Fabric Permissions
[05:11:17] [main/INFO]: Loaded 0 custom command
[05:11:17] [main/INFO]: Loaded 0 command modifiers
[05:11:18] [Worker-Main-3/ERROR]: Couldn't load tag bronze:mineable/sickle as it is missing following references: minecraft:short_grass (from fabric)
[05:11:18] [Worker-Main-2/ERROR]: Not a JSON object: null
[05:11:18] [Worker-Main-2/ERROR]: Couldn't read tag list minecraft:load from minecraft:tags/functions/load.json in data pack happygolucky
java.lang.RuntimeException: Not a JSON object: null
	at com.mojang.serialization.DataResult.lambda$getOrThrow$5(DataResult.java:101) ~[datafixerupper-6.0.8.jar:?]
	at com.mojang.datafixers.util.Either$Right.map(Either.java:99) ~[datafixerupper-6.0.8.jar:?]
	at com.mojang.serialization.DataResult.getOrThrow(DataResult.java:93) ~[datafixerupper-6.0.8.jar:?]
	at net.minecraft.class_3503.method_33174(class_3503.java:53) ~[server-intermediary.jar:?]
	at net.minecraft.class_5349.method_33324(class_5349.java:68) ~[server-intermediary.jar:?]
	at java.util.concurrent.CompletableFuture$AsyncSupply.run(CompletableFuture.java:1768) ~[?:?]
	at java.util.concurrent.CompletableFuture$AsyncSupply.exec(CompletableFuture.java:1760) ~[?:?]
	at java.util.concurrent.ForkJoinTask.doExec(ForkJoinTask.java:373) ~[?:?]
	at java.util.concurrent.ForkJoinPool$WorkQueue.topLevelExec(ForkJoinPool.java:1182) ~[?:?]
	at java.util.concurrent.ForkJoinPool.scan(ForkJoinPool.java:1655) ~[?:?]
	at java.util.concurrent.ForkJoinPool.runWorker(ForkJoinPool.java:1622) ~[?:?]
	at java.util.concurrent.ForkJoinWorkerThread.run(ForkJoinWorkerThread.java:165) ~[?:?]
[05:11:19] [Worker-Main-3/ERROR]: Couldn't parse data file crystals_overhauled:onyx_armor_boots_recipe from crystals_overhauled:recipes/onyx_armor_boots_recipe.json
com.google.gson.JsonParseException: java.io.EOFException: End of input at line 1 column 1 path $
	at net.minecraft.class_3518.method_47993(class_3518.java:526) ~[server-intermediary.jar:?]
	at net.minecraft.class_3518.method_15267(class_3518.java:531) ~[server-intermediary.jar:?]
	at net.minecraft.class_3518.method_15276(class_3518.java:581) ~[server-intermediary.jar:?]
	at net.minecraft.class_4309.method_51148(class_4309.java:44) ~[server-intermediary.jar:?]
	at net.minecraft.class_4309.method_20731(class_4309.java:32) ~[server-intermediary.jar:?]
	at net.minecraft.class_4309.method_18789(class_4309.java:18) ~[server-intermediary.jar:?]
	at net.minecraft.class_4080.method_18791(class_4080.java:11) ~[server-intermediary.jar:?]
	at java.util.concurrent.CompletableFuture$AsyncSupply.run(CompletableFuture.java:1768) ~[?:?]
	at java.util.concurrent.CompletableFuture$AsyncSupply.exec(CompletableFuture.java:1760) ~[?:?]
	at java.util.concurrent.ForkJoinTask.doExec(ForkJoinTask.java:373) ~[?:?]
	at java.util.concurrent.ForkJoinPool$WorkQueue.topLevelExec(ForkJoinPool.java:1182) ~[?:?]
	at java.util.concurrent.ForkJoinPool.scan(ForkJoinPool.java:1655) ~[?:?]
	at java.util.concurrent.ForkJoinPool.runWorker(ForkJoinPool.java:1622) ~[?:?]
	at java.util.concurrent.ForkJoinWorkerThread.run(ForkJoinWorkerThread.java:165) ~[?:?]
Caused by: java.io.EOFException: End of input at line 1 column 1 path $
	at com.google.gson.stream.JsonReader.nextNonWhitespace(JsonReader.java:1455) ~[gson-2.10.jar:?]
	at com.google.gson.stream.JsonReader.doPeek(JsonReader.java:558) ~[gson-2.10.jar:?]
	at com.google.gson.stream.JsonReader.peek(JsonReader.java:433) ~[gson-2.10.jar:?]
	at com.google.gson.internal.bind.TypeAdapters$28.read(TypeAdapters.java:769) ~[gson-2.10.jar:?]
	at com.google.gson.internal.bind.TypeAdapters$28.read(TypeAdapters.java:725) ~[gson-2.10.jar:?]
	at com.google.gson.internal.bind.TypeAdapters$34$1.read(TypeAdapters.java:1007) ~[gson-2.10.jar:?]
	at net.minecraft.class_3518.method_47993(class_3518.java:524) ~[server-intermediary.jar:?]
	... 13 more
[05:11:19] [Worker-Main-3/ERROR]: Couldn't parse data file crystals_overhauled:onyx_armor_chestplate_recipe from crystals_overhauled:recipes/onyx_armor_chestplate_recipe.json
com.google.gson.JsonParseException: java.io.EOFException: End of input at line 1 column 1 path $
	at net.minecraft.class_3518.method_47993(class_3518.java:526) ~[server-intermediary.jar:?]
	at net.minecraft.class_3518.method_15267(class_3518.java:531) ~[server-intermediary.jar:?]
	at net.minecraft.class_3518.method_15276(class_3518.java:581) ~[server-intermediary.jar:?]
	at net.minecraft.class_4309.method_51148(class_4309.java:44) ~[server-intermediary.jar:?]
	at net.minecraft.class_4309.method_20731(class_4309.java:32) ~[server-intermediary.jar:?]
	at net.minecraft.class_4309.method_18789(class_4309.java:18) ~[server-intermediary.jar:?]
	at net.minecraft.class_4080.method_18791(class_4080.java:11) ~[server-intermediary.jar:?]
	at java.util.concurrent.CompletableFuture$AsyncSupply.run(CompletableFuture.java:1768) ~[?:?]
	at java.util.concurrent.CompletableFuture$AsyncSupply.exec(CompletableFuture.java:1760) ~[?:?]
	at java.util.concurrent.ForkJoinTask.doExec(ForkJoinTask.java:373) ~[?:?]
	at java.util.concurrent.ForkJoinPool$WorkQueue.topLevelExec(ForkJoinPool.java:1182) ~[?:?]
	at java.util.concurrent.ForkJoinPool.scan(ForkJoinPool.java:1655) ~[?:?]
	at java.util.concurrent.ForkJoinPool.runWorker(ForkJoinPool.java:1622) ~[?:?]
	at java.util.concurrent.ForkJoinWorkerThread.run(ForkJoinWorkerThread.java:165) ~[?:?]
Caused by: java.io.EOFException: End of input at line 1 column 1 path $
	at com.google.gson.stream.JsonReader.nextNonWhitespace(JsonReader.java:1455) ~[gson-2.10.jar:?]
	at com.google.gson.stream.JsonReader.doPeek(JsonReader.java:558) ~[gson-2.10.jar:?]
	at com.google.gson.stream.JsonReader.peek(JsonReader.java:433) ~[gson-2.10.jar:?]
	at com.google.gson.internal.bind.TypeAdapters$28.read(TypeAdapters.java:769) ~[gson-2.10.jar:?]
	at com.google.gson.internal.bind.TypeAdapters$28.read(TypeAdapters.java:725) ~[gson-2.10.jar:?]
	at com.google.gson.internal.bind.TypeAdapters$34$1.read(TypeAdapters.java:1007) ~[gson-2.10.jar:?]
	at net.minecraft.class_3518.method_47993(class_3518.java:524) ~[server-intermediary.jar:?]
	... 13 more
[05:11:19] [Worker-Main-3/ERROR]: Couldn't parse data file crystals_overhauled:onyx_armor_helmet_recipe from crystals_overhauled:recipes/onyx_armor_helmet_recipe.json
com.google.gson.JsonParseException: java.io.EOFException: End of input at line 1 column 1 path $
	at net.minecraft.class_3518.method_47993(class_3518.java:526) ~[server-intermediary.jar:?]
	at net.minecraft.class_3518.method_15267(class_3518.java:531) ~[server-intermediary.jar:?]
	at net.minecraft.class_3518.method_15276(class_3518.java:581) ~[server-intermediary.jar:?]
	at net.minecraft.class_4309.method_51148(class_4309.java:44) ~[server-intermediary.jar:?]
	at net.minecraft.class_4309.method_20731(class_4309.java:32) ~[server-intermediary.jar:?]
	at net.minecraft.class_4309.method_18789(class_4309.java:18) ~[server-intermediary.jar:?]
	at net.minecraft.class_4080.method_18791(class_4080.java:11) ~[server-intermediary.jar:?]
	at java.util.concurrent.CompletableFuture$AsyncSupply.run(CompletableFuture.java:1768) ~[?:?]
	at java.util.concurrent.CompletableFuture$AsyncSupply.exec(CompletableFuture.java:1760) ~[?:?]
	at java.util.concurrent.ForkJoinTask.doExec(ForkJoinTask.java:373) ~[?:?]
	at java.util.concurrent.ForkJoinPool$WorkQueue.topLevelExec(ForkJoinPool.java:1182) ~[?:?]
	at java.util.concurrent.ForkJoinPool.scan(ForkJoinPool.java:1655) ~[?:?]
	at java.util.concurrent.ForkJoinPool.runWorker(ForkJoinPool.java:1622) ~[?:?]
	at java.util.concurrent.ForkJoinWorkerThread.run(ForkJoinWorkerThread.java:165) ~[?:?]
Caused by: java.io.EOFException: End of input at line 1 column 1 path $
	at com.google.gson.stream.JsonReader.nextNonWhitespace(JsonReader.java:1455) ~[gson-2.10.jar:?]
	at com.google.gson.stream.JsonReader.doPeek(JsonReader.java:558) ~[gson-2.10.jar:?]
	at com.google.gson.stream.JsonReader.peek(JsonReader.java:433) ~[gson-2.10.jar:?]
	at com.google.gson.internal.bind.TypeAdapters$28.read(TypeAdapters.java:769) ~[gson-2.10.jar:?]
	at com.google.gson.internal.bind.TypeAdapters$28.read(TypeAdapters.java:725) ~[gson-2.10.jar:?]
	at com.google.gson.internal.bind.TypeAdapters$34$1.read(TypeAdapters.java:1007) ~[gson-2.10.jar:?]
	at net.minecraft.class_3518.method_47993(class_3518.java:524) ~[server-intermediary.jar:?]
	... 13 more
[05:11:19] [Worker-Main-3/ERROR]: Couldn't parse data file crystals_overhauled:onyx_armor_leggings_recipe from crystals_overhauled:recipes/onyx_armor_leggings_recipe.json
com.google.gson.JsonParseException: java.io.EOFException: End of input at line 1 column 1 path $
	at net.minecraft.class_3518.method_47993(class_3518.java:526) ~[server-intermediary.jar:?]
	at net.minecraft.class_3518.method_15267(class_3518.java:531) ~[server-intermediary.jar:?]
	at net.minecraft.class_3518.method_15276(class_3518.java:581) ~[server-intermediary.jar:?]
	at net.minecraft.class_4309.method_51148(class_4309.java:44) ~[server-intermediary.jar:?]
	at net.minecraft.class_4309.method_20731(class_4309.java:32) ~[server-intermediary.jar:?]
	at net.minecraft.class_4309.method_18789(class_4309.java:18) ~[server-intermediary.jar:?]
	at net.minecraft.class_4080.method_18791(class_4080.java:11) ~[server-intermediary.jar:?]
	at java.util.concurrent.CompletableFuture$AsyncSupply.run(CompletableFuture.java:1768) ~[?:?]
	at java.util.concurrent.CompletableFuture$AsyncSupply.exec(CompletableFuture.java:1760) ~[?:?]
	at java.util.concurrent.ForkJoinTask.doExec(ForkJoinTask.java:373) ~[?:?]
	at java.util.concurrent.ForkJoinPool$WorkQueue.topLevelExec(ForkJoinPool.java:1182) ~[?:?]
	at java.util.concurrent.ForkJoinPool.scan(ForkJoinPool.java:1655) ~[?:?]
	at java.util.concurrent.ForkJoinPool.runWorker(ForkJoinPool.java:1622) ~[?:?]
	at java.util.concurrent.ForkJoinWorkerThread.run(ForkJoinWorkerThread.java:165) ~[?:?]
Caused by: java.io.EOFException: End of input at line 1 column 1 path $
	at com.google.gson.stream.JsonReader.nextNonWhitespace(JsonReader.java:1455) ~[gson-2.10.jar:?]
	at com.google.gson.stream.JsonReader.doPeek(JsonReader.java:558) ~[gson-2.10.jar:?]
	at com.google.gson.stream.JsonReader.peek(JsonReader.java:433) ~[gson-2.10.jar:?]
	at com.google.gson.internal.bind.TypeAdapters$28.read(TypeAdapters.java:769) ~[gson-2.10.jar:?]
	at com.google.gson.internal.bind.TypeAdapters$28.read(TypeAdapters.java:725) ~[gson-2.10.jar:?]
	at com.google.gson.internal.bind.TypeAdapters$34$1.read(TypeAdapters.java:1007) ~[gson-2.10.jar:?]
	at net.minecraft.class_3518.method_47993(class_3518.java:524) ~[server-intermediary.jar:?]
	... 13 more
[05:11:19] [Worker-Main-1/ERROR]: Couldn't parse element loot_tables:snowyspirit:chests/present_villager
com.google.gson.JsonSyntaxException: Expected name to be an item, was unknown string 'supplementaries:speaker_block'
	at net.minecraft.class_3518.method_17995(class_3518.java:145) ~[server-intermediary.jar:?]
	at java.util.Optional.orElseThrow(Optional.java:403) ~[?:?]
	at net.minecraft.class_3518.method_15256(class_3518.java:145) ~[server-intermediary.jar:?]
	at net.minecraft.class_3518.method_15288(class_3518.java:153) ~[server-intermediary.jar:?]
	at net.minecraft.class_77$class_78.method_413(class_77.java:55) ~[server-intermediary.jar:?]
	at net.minecraft.class_77$class_78.method_443(class_77.java:40) ~[server-intermediary.jar:?]
	at net.minecraft.class_85$class_90.method_441(class_85.java:151) ~[server-intermediary.jar:?]
	at net.minecraft.class_85$class_90.method_424(class_85.java:129) ~[server-intermediary.jar:?]
	at net.minecraft.class_79$class_5337.method_29319(class_79.java:86) ~[server-intermediary.jar:?]
	at net.minecraft.class_79$class_5337.method_517(class_79.java:74) ~[server-intermediary.jar:?]
	at net.minecraft.class_5330$class_5333.deserialize(class_5330.java:102) ~[server-intermediary.jar:?]
	at com.google.gson.internal.bind.TreeTypeAdapter.read(TreeTypeAdapter.java:76) ~[gson-2.10.jar:?]
	at com.google.gson.internal.bind.TypeAdapterRuntimeTypeWrapper.read(TypeAdapterRuntimeTypeWrapper.java:40) ~[gson-2.10.jar:?]
	at com.google.gson.internal.bind.ArrayTypeAdapter.read(ArrayTypeAdapter.java:72) ~[gson-2.10.jar:?]
	at com.google.gson.Gson.fromJson(Gson.java:1214) ~[gson-2.10.jar:?]
	at com.google.gson.Gson.fromJson(Gson.java:1319) ~[gson-2.10.jar:?]
	at com.google.gson.Gson.fromJson(Gson.java:1290) ~[gson-2.10.jar:?]
	at com.google.gson.internal.bind.TreeTypeAdapter$GsonContextImpl.deserialize(TreeTypeAdapter.java:179) ~[gson-2.10.jar:?]
	at net.minecraft.class_3518.method_15291(class_3518.java:463) ~[server-intermediary.jar:?]
	at net.minecraft.class_3518.method_15272(class_3518.java:471) ~[server-intermediary.jar:?]
	at net.minecraft.class_55$class_57.method_358(class_55.java:173) ~[server-intermediary.jar:?]
	at net.minecraft.class_55$class_57.deserialize(class_55.java:169) ~[server-intermediary.jar:?]
	at com.google.gson.internal.bind.TreeTypeAdapter.read(TreeTypeAdapter.java:76) ~[gson-2.10.jar:?]
	at com.google.gson.internal.bind.TypeAdapterRuntimeTypeWrapper.read(TypeAdapterRuntimeTypeWrapper.java:40) ~[gson-2.10.jar:?]
	at com.google.gson.internal.bind.ArrayTypeAdapter.read(ArrayTypeAdapter.java:72) ~[gson-2.10.jar:?]
	at com.google.gson.Gson.fromJson(Gson.java:1214) ~[gson-2.10.jar:?]
	at com.google.gson.Gson.fromJson(Gson.java:1319) ~[gson-2.10.jar:?]
	at com.google.gson.Gson.fromJson(Gson.java:1290) ~[gson-2.10.jar:?]
	at com.google.gson.internal.bind.TreeTypeAdapter$GsonContextImpl.deserialize(TreeTypeAdapter.java:179) ~[gson-2.10.jar:?]
	at net.minecraft.class_3518.method_15291(class_3518.java:463) ~[server-intermediary.jar:?]
	at net.minecraft.class_3518.method_15283(class_3518.java:481) ~[server-intermediary.jar:?]
	at net.minecraft.class_52$class_54.method_340(class_52.java:250) ~[server-intermediary.jar:?]
	at net.minecraft.class_52$class_54.deserialize(class_52.java:246) ~[server-intermediary.jar:?]
	at com.google.gson.internal.bind.TreeTypeAdapter.read(TreeTypeAdapter.java:76) ~[gson-2.10.jar:?]
	at com.google.gson.Gson.fromJson(Gson.java:1214) ~[gson-2.10.jar:?]
	at com.google.gson.Gson.fromJson(Gson.java:1319) ~[gson-2.10.jar:?]
	at com.google.gson.Gson.fromJson(Gson.java:1261) ~[gson-2.10.jar:?]
	at net.minecraft.class_8490.method_51205(class_8490.java:64) ~[server-intermediary.jar:?]
	at net.minecraft.class_8490.method_51204(class_8490.java:48) ~[server-intermediary.jar:?]
	at net.minecraft.class_60.method_51195(class_60.java:55) ~[server-intermediary.jar:?]
	at java.util.HashMap.forEach(HashMap.java:1421) ~[?:?]
	at net.minecraft.class_60.method_51189(class_60.java:55) ~[server-intermediary.jar:?]
	at java.util.concurrent.CompletableFuture$AsyncRun.run(CompletableFuture.java:1804) ~[?:?]
	at java.util.concurrent.CompletableFuture$AsyncRun.exec(CompletableFuture.java:1796) ~[?:?]
	at java.util.concurrent.ForkJoinTask.doExec(ForkJoinTask.java:373) ~[?:?]
	at java.util.concurrent.ForkJoinPool$WorkQueue.topLevelExec(ForkJoinPool.java:1182) ~[?:?]
	at java.util.concurrent.ForkJoinPool.scan(ForkJoinPool.java:1655) ~[?:?]
	at java.util.concurrent.ForkJoinPool.runWorker(ForkJoinPool.java:1622) ~[?:?]
	at java.util.concurrent.ForkJoinWorkerThread.run(ForkJoinWorkerThread.java:165) ~[?:?]
[05:11:20] [Worker-Main-1/ERROR]: Couldn't parse data file pix:no_fall from pix:powers/no_fall.json
com.google.gson.JsonParseException: com.google.gson.stream.MalformedJsonException: Expected name at line 7 column 2 path $.damage_condition
	at net.minecraft.class_3518.method_47993(class_3518.java:526) ~[server-intermediary.jar:?]
	at net.minecraft.class_3518.method_15267(class_3518.java:531) ~[server-intermediary.jar:?]
	at net.minecraft.class_3518.method_15276(class_3518.java:581) ~[server-intermediary.jar:?]
	at io.github.apace100.calio.data.MultiJsonDataLoader.lambda$prepare$1(MultiJsonDataLoader.java:62) ~[calio-1.11.0-c875030d672fe1b1.jar:?]
	at java.lang.Iterable.forEach(Iterable.java:75) ~[?:?]
	at io.github.apace100.calio.data.MultiJsonDataLoader.prepare(MultiJsonDataLoader.java:48) ~[calio-1.11.0-c875030d672fe1b1.jar:?]
	at io.github.apace100.calio.data.MultiJsonDataLoader.method_18789(MultiJsonDataLoader.java:25) ~[calio-1.11.0-c875030d672fe1b1.jar:?]
	at net.minecraft.class_4080.method_18791(class_4080.java:11) ~[server-intermediary.jar:?]
	at java.util.concurrent.CompletableFuture$AsyncSupply.run(CompletableFuture.java:1768) ~[?:?]
	at java.util.concurrent.CompletableFuture$AsyncSupply.exec(CompletableFuture.java:1760) ~[?:?]
	at java.util.concurrent.ForkJoinTask.doExec(ForkJoinTask.java:373) ~[?:?]
	at java.util.concurrent.ForkJoinPool$WorkQueue.topLevelExec(ForkJoinPool.java:1182) ~[?:?]
	at java.util.concurrent.ForkJoinPool.scan(ForkJoinPool.java:1655) ~[?:?]
	at java.util.concurrent.ForkJoinPool.runWorker(ForkJoinPool.java:1622) ~[?:?]
	at java.util.concurrent.ForkJoinWorkerThread.run(ForkJoinWorkerThread.java:165) ~[?:?]
Caused by: com.google.gson.stream.MalformedJsonException: Expected name at line 7 column 2 path $.damage_condition
	at com.google.gson.stream.JsonReader.syntaxError(JsonReader.java:1657) ~[gson-2.10.jar:?]
	at com.google.gson.stream.JsonReader.doPeek(JsonReader.java:514) ~[gson-2.10.jar:?]
	at com.google.gson.stream.JsonReader.hasNext(JsonReader.java:422) ~[gson-2.10.jar:?]
	at com.google.gson.internal.bind.TypeAdapters$28.read(TypeAdapters.java:779) ~[gson-2.10.jar:?]
	at com.google.gson.internal.bind.TypeAdapters$28.read(TypeAdapters.java:725) ~[gson-2.10.jar:?]
	at com.google.gson.internal.bind.TypeAdapters$34$1.read(TypeAdapters.java:1007) ~[gson-2.10.jar:?]
	at net.minecraft.class_3518.method_47993(class_3518.java:524) ~[server-intermediary.jar:?]
	... 14 more
[05:11:20] [Worker-Main-1/ERROR]: Couldn't parse data file foxboi_two:smolman from foxboi_two:powers/smolman.json
com.google.gson.JsonParseException: com.google.gson.stream.MalformedJsonException: Unterminated object at line 4 column 9 path $.entity_action_added
	at net.minecraft.class_3518.method_47993(class_3518.java:526) ~[server-intermediary.jar:?]
	at net.minecraft.class_3518.method_15267(class_3518.java:531) ~[server-intermediary.jar:?]
	at net.minecraft.class_3518.method_15276(class_3518.java:581) ~[server-intermediary.jar:?]
	at io.github.apace100.calio.data.MultiJsonDataLoader.lambda$prepare$1(MultiJsonDataLoader.java:62) ~[calio-1.11.0-c875030d672fe1b1.jar:?]
	at java.lang.Iterable.forEach(Iterable.java:75) ~[?:?]
	at io.github.apace100.calio.data.MultiJsonDataLoader.prepare(MultiJsonDataLoader.java:48) ~[calio-1.11.0-c875030d672fe1b1.jar:?]
	at io.github.apace100.calio.data.MultiJsonDataLoader.method_18789(MultiJsonDataLoader.java:25) ~[calio-1.11.0-c875030d672fe1b1.jar:?]
	at net.minecraft.class_4080.method_18791(class_4080.java:11) ~[server-intermediary.jar:?]
	at java.util.concurrent.CompletableFuture$AsyncSupply.run(CompletableFuture.java:1768) ~[?:?]
	at java.util.concurrent.CompletableFuture$AsyncSupply.exec(CompletableFuture.java:1760) ~[?:?]
	at java.util.concurrent.ForkJoinTask.doExec(ForkJoinTask.java:373) ~[?:?]
	at java.util.concurrent.ForkJoinPool$WorkQueue.topLevelExec(ForkJoinPool.java:1182) ~[?:?]
	at java.util.concurrent.ForkJoinPool.scan(ForkJoinPool.java:1655) ~[?:?]
	at java.util.concurrent.ForkJoinPool.runWorker(ForkJoinPool.java:1622) ~[?:?]
	at java.util.concurrent.ForkJoinWorkerThread.run(ForkJoinWorkerThread.java:165) ~[?:?]
Caused by: com.google.gson.stream.MalformedJsonException: Unterminated object at line 4 column 9 path $.entity_action_added
	at com.google.gson.stream.JsonReader.syntaxError(JsonReader.java:1657) ~[gson-2.10.jar:?]
	at com.google.gson.stream.JsonReader.doPeek(JsonReader.java:500) ~[gson-2.10.jar:?]
	at com.google.gson.stream.JsonReader.hasNext(JsonReader.java:422) ~[gson-2.10.jar:?]
	at com.google.gson.internal.bind.TypeAdapters$28.read(TypeAdapters.java:779) ~[gson-2.10.jar:?]
	at com.google.gson.internal.bind.TypeAdapters$28.read(TypeAdapters.java:725) ~[gson-2.10.jar:?]
	at com.google.gson.internal.bind.TypeAdapters$34$1.read(TypeAdapters.java:1007) ~[gson-2.10.jar:?]
	at net.minecraft.class_3518.method_47993(class_3518.java:524) ~[server-intermediary.jar:?]
	... 14 more
[05:11:29] [main/INFO]: parsing loot tables
[05:11:30] [main/INFO]: finished parsing loot tables
[05:11:30] [main/ERROR]: Parsing error loading recipe mythiclib:peridot_to_netherite_shovel_smithing
com.google.gson.JsonSyntaxException: Unknown item 'mythicupgrades:netherite_upgrade_smithing_template'
	at net.minecraft.class_1869.method_17878(class_1869.java:272) ~[server-intermediary.jar:?]
	at java.util.Optional.orElseThrow(Optional.java:403) ~[?:?]
	at net.minecraft.class_1869.method_8155(class_1869.java:272) ~[server-intermediary.jar:?]
	at net.minecraft.class_1856.method_8107(class_1856.java:160) ~[server-intermediary.jar:?]
	at net.minecraft.class_1856.method_8102(class_1856.java:143) ~[server-intermediary.jar:?]
	at net.minecraft.class_1856.method_52177(class_1856.java:135) ~[server-intermediary.jar:?]
	at net.minecraft.class_8060$class_8061.method_48455(class_8060.java:87) ~[server-intermediary.jar:?]
	at net.minecraft.class_8060$class_8061.method_8121(class_8060.java:84) ~[server-intermediary.jar:?]
	at net.minecraft.class_1863.method_17720(class_1863.java:135) ~[server-intermediary.jar:?]
	at net.minecraft.class_1863.method_20705(class_1863.java:56) ~[server-intermediary.jar:?]
	at net.minecraft.class_1863.method_18788(class_1863.java:35) ~[server-intermediary.jar:?]
	at net.minecraft.class_4080.method_18790(class_4080.java:13) ~[server-intermediary.jar:?]
	at java.util.concurrent.CompletableFuture$UniAccept.tryFire(CompletableFuture.java:718) ~[?:?]
	at java.util.concurrent.CompletableFuture$Completion.run(CompletableFuture.java:482) ~[?:?]
	at net.minecraft.class_4014.method_18365(class_4014.java:69) ~[server-intermediary.jar:?]
	at net.minecraft.class_156.method_43498(class_156.java:950) ~[server-intermediary.jar:?]
	at net.minecraft.class_156.method_43499(class_156.java:938) ~[server-intermediary.jar:?]
	at net.minecraft.server.Main.main(Main.java:160) ~[server-intermediary.jar:?]
	at net.fabricmc.loader.impl.game.minecraft.MinecraftGameProvider.launch(MinecraftGameProvider.java:514) ~[fabric-loader-0.18.2.jar:?]
	at net.fabricmc.loader.impl.launch.knot.Knot.launch(Knot.java:72) ~[fabric-loader-0.18.2.jar:?]
	at net.fabricmc.loader.impl.launch.knot.KnotServer.main(KnotServer.java:23) ~[fabric-loader-0.18.2.jar:?]
	at net.fabricmc.loader.impl.launch.server.FabricServerLauncher.main(FabricServerLauncher.java:69) ~[fabric-loader-0.18.2.jar:?]
	at net.fabricmc.installer.ServerLauncher.main(ServerLauncher.java:69) ~[fabric-server-launch.jar:1.0.1]
[05:11:30] [main/ERROR]: Parsing error loading recipe invoke:null_rune
com.google.gson.JsonSyntaxException: Unknown item 'invoke:null_rune'
	at net.minecraft.class_1869.method_17878(class_1869.java:272) ~[server-intermediary.jar:?]
	at java.util.Optional.orElseThrow(Optional.java:403) ~[?:?]
	at net.minecraft.class_1869.method_8155(class_1869.java:272) ~[server-intermediary.jar:?]
	at net.minecraft.class_1869.method_35228(class_1869.java:259) ~[server-intermediary.jar:?]
	at net.minecraft.class_1867$class_1868.method_8142(class_1867.java:99) ~[server-intermediary.jar:?]
	at net.minecraft.class_1867$class_1868.method_8121(class_1867.java:87) ~[server-intermediary.jar:?]
	at net.minecraft.class_1863.method_17720(class_1863.java:135) ~[server-intermediary.jar:?]
	at net.minecraft.class_1863.method_20705(class_1863.java:56) ~[server-intermediary.jar:?]
	at net.minecraft.class_1863.method_18788(class_1863.java:35) ~[server-intermediary.jar:?]
	at net.minecraft.class_4080.method_18790(class_4080.java:13) ~[server-intermediary.jar:?]
	at java.util.concurrent.CompletableFuture$UniAccept.tryFire(CompletableFuture.java:718) ~[?:?]
	at java.util.concurrent.CompletableFuture$Completion.run(CompletableFuture.java:482) ~[?:?]
	at net.minecraft.class_4014.method_18365(class_4014.java:69) ~[server-intermediary.jar:?]
	at net.minecraft.class_156.method_43498(class_156.java:950) ~[server-intermediary.jar:?]
	at net.minecraft.class_156.method_43499(class_156.java:938) ~[server-intermediary.jar:?]
	at net.minecraft.server.Main.main(Main.java:160) ~[server-intermediary.jar:?]
	at net.fabricmc.loader.impl.game.minecraft.MinecraftGameProvider.launch(MinecraftGameProvider.java:514) ~[fabric-loader-0.18.2.jar:?]
	at net.fabricmc.loader.impl.launch.knot.Knot.launch(Knot.java:72) ~[fabric-loader-0.18.2.jar:?]
	at net.fabricmc.loader.impl.launch.knot.KnotServer.main(KnotServer.java:23) ~[fabric-loader-0.18.2.jar:?]
	at net.fabricmc.loader.impl.launch.server.FabricServerLauncher.main(FabricServerLauncher.java:69) ~[fabric-loader-0.18.2.jar:?]
	at net.fabricmc.installer.ServerLauncher.main(ServerLauncher.java:69) ~[fabric-server-launch.jar:1.0.1]
[05:11:30] [main/ERROR]: Parsing error loading recipe mythiclib:netherite_to_topaz_axe_smithing
com.google.gson.JsonSyntaxException: Unknown item 'mythicupgrades:netherite_axe'
	at net.minecraft.class_1869.method_17878(class_1869.java:272) ~[server-intermediary.jar:?]
	at java.util.Optional.orElseThrow(Optional.java:403) ~[?:?]
	at net.minecraft.class_1869.method_8155(class_1869.java:272) ~[server-intermediary.jar:?]
	at net.minecraft.class_1856.method_8107(class_1856.java:160) ~[server-intermediary.jar:?]
	at net.minecraft.class_1856.method_8102(class_1856.java:143) ~[server-intermediary.jar:?]
	at net.minecraft.class_1856.method_52177(class_1856.java:135) ~[server-intermediary.jar:?]
	at net.minecraft.class_8060$class_8061.method_48455(class_8060.java:88) ~[server-intermediary.jar:?]
	at net.minecraft.class_8060$class_8061.method_8121(class_8060.java:84) ~[server-intermediary.jar:?]
	at net.minecraft.class_1863.method_17720(class_1863.java:135) ~[server-intermediary.jar:?]
	at net.minecraft.class_1863.method_20705(class_1863.java:56) ~[server-intermediary.jar:?]
	at net.minecraft.class_1863.method_18788(class_1863.java:35) ~[server-intermediary.jar:?]
	at net.minecraft.class_4080.method_18790(class_4080.java:13) ~[server-intermediary.jar:?]
	at java.util.concurrent.CompletableFuture$UniAccept.tryFire(CompletableFuture.java:718) ~[?:?]
	at java.util.concurrent.CompletableFuture$Completion.run(CompletableFuture.java:482) ~[?:?]
	at net.minecraft.class_4014.method_18365(class_4014.java:69) ~[server-intermediary.jar:?]
	at net.minecraft.class_156.method_43498(class_156.java:950) ~[server-intermediary.jar:?]
	at net.minecraft.class_156.method_43499(class_156.java:938) ~[server-intermediary.jar:?]
	at net.minecraft.server.Main.main(Main.java:160) ~[server-intermediary.jar:?]
	at net.fabricmc.loader.impl.game.minecraft.MinecraftGameProvider.launch(MinecraftGameProvider.java:514) ~[fabric-loader-0.18.2.jar:?]
	at net.fabricmc.loader.impl.launch.knot.Knot.launch(Knot.java:72) ~[fabric-loader-0.18.2.jar:?]
	at net.fabricmc.loader.impl.launch.knot.KnotServer.main(KnotServer.java:23) ~[fabric-loader-0.18.2.jar:?]
	at net.fabricmc.loader.impl.launch.server.FabricServerLauncher.main(FabricServerLauncher.java:69) ~[fabric-loader-0.18.2.jar:?]
	at net.fabricmc.installer.ServerLauncher.main(ServerLauncher.java:69) ~[fabric-server-launch.jar:1.0.1]
[05:11:30] [main/ERROR]: Parsing error loading recipe mythiclib:jade_to_netherite_chestplate_smithing
com.google.gson.JsonSyntaxException: Unknown item 'mythicupgrades:netherite_upgrade_smithing_template'
	at net.minecraft.class_1869.method_17878(class_1869.java:272) ~[server-intermediary.jar:?]
	at java.util.Optional.orElseThrow(Optional.java:403) ~[?:?]
	at net.minecraft.class_1869.method_8155(class_1869.java:272) ~[server-intermediary.jar:?]
	at net.minecraft.class_1856.method_8107(class_1856.java:160) ~[server-intermediary.jar:?]
	at net.minecraft.class_1856.method_8102(class_1856.java:143) ~[server-intermediary.jar:?]
	at net.minecraft.class_1856.method_52177(class_1856.java:135) ~[server-intermediary.jar:?]
	at net.minecraft.class_8060$class_8061.method_48455(class_8060.java:87) ~[server-intermediary.jar:?]
	at net.minecraft.class_8060$class_8061.method_8121(class_8060.java:84) ~[server-intermediary.jar:?]
	at net.minecraft.class_1863.method_17720(class_1863.java:135) ~[server-intermediary.jar:?]
	at net.minecraft.class_1863.method_20705(class_1863.java:56) ~[server-intermediary.jar:?]
	at net.minecraft.class_1863.method_18788(class_1863.java:35) ~[server-intermediary.jar:?]
	at net.minecraft.class_4080.method_18790(class_4080.java:13) ~[server-intermediary.jar:?]
	at java.util.concurrent.CompletableFuture$UniAccept.tryFire(CompletableFuture.java:718) ~[?:?]
	at java.util.concurrent.CompletableFuture$Completion.run(CompletableFuture.java:482) ~[?:?]
	at net.minecraft.class_4014.method_18365(class_4014.java:69) ~[server-intermediary.jar:?]
	at net.minecraft.class_156.method_43498(class_156.java:950) ~[server-intermediary.jar:?]
	at net.minecraft.class_156.method_43499(class_156.java:938) ~[server-intermediary.jar:?]
	at net.minecraft.server.Main.main(Main.java:160) ~[server-intermediary.jar:?]
	at net.fabricmc.loader.impl.game.minecraft.MinecraftGameProvider.launch(MinecraftGameProvider.java:514) ~[fabric-loader-0.18.2.jar:?]
	at net.fabricmc.loader.impl.launch.knot.Knot.launch(Knot.java:72) ~[fabric-loader-0.18.2.jar:?]
	at net.fabricmc.loader.impl.launch.knot.KnotServer.main(KnotServer.java:23) ~[fabric-loader-0.18.2.jar:?]
	at net.fabricmc.loader.impl.launch.server.FabricServerLauncher.main(FabricServerLauncher.java:69) ~[fabric-loader-0.18.2.jar:?]
	at net.fabricmc.installer.ServerLauncher.main(ServerLauncher.java:69) ~[fabric-server-launch.jar:1.0.1]
[05:11:30] [main/ERROR]: Parsing error loading recipe alloy_forgery:compat/forge_tin_blocks
com.google.gson.JsonSyntaxException: Priority-based recipes must declare a 'default' tag
	at wraith.alloyforgery.recipe.AlloyForgeRecipeSerializer.read(AlloyForgeRecipeSerializer.java:75) ~[alloy-forgery-2.1.2+1.20.jar:?]
	at wraith.alloyforgery.recipe.AlloyForgeRecipeSerializer.method_8121(AlloyForgeRecipeSerializer.java:18) ~[alloy-forgery-2.1.2+1.20.jar:?]
	at net.minecraft.class_1863.method_17720(class_1863.java:135) ~[server-intermediary.jar:?]
	at net.minecraft.class_1863.method_20705(class_1863.java:56) ~[server-intermediary.jar:?]
	at net.minecraft.class_1863.method_18788(class_1863.java:35) ~[server-intermediary.jar:?]
	at net.minecraft.class_4080.method_18790(class_4080.java:13) ~[server-intermediary.jar:?]
	at java.util.concurrent.CompletableFuture$UniAccept.tryFire(CompletableFuture.java:718) ~[?:?]
	at java.util.concurrent.CompletableFuture$Completion.run(CompletableFuture.java:482) ~[?:?]
	at net.minecraft.class_4014.method_18365(class_4014.java:69) ~[server-intermediary.jar:?]
	at net.minecraft.class_156.method_43498(class_156.java:950) ~[server-intermediary.jar:?]
	at net.minecraft.class_156.method_43499(class_156.java:938) ~[server-intermediary.jar:?]
	at net.minecraft.server.Main.main(Main.java:160) ~[server-intermediary.jar:?]
	at net.fabricmc.loader.impl.game.minecraft.MinecraftGameProvider.launch(MinecraftGameProvider.java:514) ~[fabric-loader-0.18.2.jar:?]
	at net.fabricmc.loader.impl.launch.knot.Knot.launch(Knot.java:72) ~[fabric-loader-0.18.2.jar:?]
	at net.fabricmc.loader.impl.launch.knot.KnotServer.main(KnotServer.java:23) ~[fabric-loader-0.18.2.jar:?]
	at net.fabricmc.loader.impl.launch.server.FabricServerLauncher.main(FabricServerLauncher.java:69) ~[fabric-loader-0.18.2.jar:?]
	at net.fabricmc.installer.ServerLauncher.main(ServerLauncher.java:69) ~[fabric-server-launch.jar:1.0.1]
[05:11:30] [main/ERROR]: Parsing error loading recipe mythiclib:netherite_to_aquamarine_leggings_smithing
com.google.gson.JsonSyntaxException: Unknown item 'mythicupgrades:netherite_leggings'
	at net.minecraft.class_1869.method_17878(class_1869.java:272) ~[server-intermediary.jar:?]
	at java.util.Optional.orElseThrow(Optional.java:403) ~[?:?]
	at net.minecraft.class_1869.method_8155(class_1869.java:272) ~[server-intermediary.jar:?]
	at net.minecraft.class_1856.method_8107(class_1856.java:160) ~[server-intermediary.jar:?]
	at net.minecraft.class_1856.method_8102(class_1856.java:143) ~[server-intermediary.jar:?]
	at net.minecraft.class_1856.method_52177(class_1856.java:135) ~[server-intermediary.jar:?]
	at net.minecraft.class_8060$class_8061.method_48455(class_8060.java:88) ~[server-intermediary.jar:?]
	at net.minecraft.class_8060$class_8061.method_8121(class_8060.java:84) ~[server-intermediary.jar:?]
	at net.minecraft.class_1863.method_17720(class_1863.java:135) ~[server-intermediary.jar:?]
	at net.minecraft.class_1863.method_20705(class_1863.java:56) ~[server-intermediary.jar:?]
	at net.minecraft.class_1863.method_18788(class_1863.java:35) ~[server-intermediary.jar:?]
	at net.minecraft.class_4080.method_18790(class_4080.java:13) ~[server-intermediary.jar:?]
	at java.util.concurrent.CompletableFuture$UniAccept.tryFire(CompletableFuture.java:718) ~[?:?]
	at java.util.concurrent.CompletableFuture$Completion.run(CompletableFuture.java:482) ~[?:?]
	at net.minecraft.class_4014.method_18365(class_4014.java:69) ~[server-intermediary.jar:?]
	at net.minecraft.class_156.method_43498(class_156.java:950) ~[server-intermediary.jar:?]
	at net.minecraft.class_156.method_43499(class_156.java:938) ~[server-intermediary.jar:?]
	at net.minecraft.server.Main.main(Main.java:160) ~[server-intermediary.jar:?]
	at net.fabricmc.loader.impl.game.minecraft.MinecraftGameProvider.launch(MinecraftGameProvider.java:514) ~[fabric-loader-0.18.2.jar:?]
	at net.fabricmc.loader.impl.launch.knot.Knot.launch(Knot.java:72) ~[fabric-loader-0.18.2.jar:?]
	at net.fabricmc.loader.impl.launch.knot.KnotServer.main(KnotServer.java:23) ~[fabric-loader-0.18.2.jar:?]
	at net.fabricmc.loader.impl.launch.server.FabricServerLauncher.main(FabricServerLauncher.java:69) ~[fabric-loader-0.18.2.jar:?]
	at net.fabricmc.installer.ServerLauncher.main(ServerLauncher.java:69) ~[fabric-server-launch.jar:1.0.1]
[05:11:30] [main/ERROR]: Parsing error loading recipe alloy_forgery:compat/forge_tin_ingots_from_raw_materials
com.google.gson.JsonSyntaxException: Priority-based recipes must declare a 'default' tag
	at wraith.alloyforgery.recipe.AlloyForgeRecipeSerializer.read(AlloyForgeRecipeSerializer.java:75) ~[alloy-forgery-2.1.2+1.20.jar:?]
	at wraith.alloyforgery.recipe.AlloyForgeRecipeSerializer.method_8121(AlloyForgeRecipeSerializer.java:18) ~[alloy-forgery-2.1.2+1.20.jar:?]
	at net.minecraft.class_1863.method_17720(class_1863.java:135) ~[server-intermediary.jar:?]
	at net.minecraft.class_1863.method_20705(class_1863.java:56) ~[server-intermediary.jar:?]
	at net.minecraft.class_1863.method_18788(class_1863.java:35) ~[server-intermediary.jar:?]
	at net.minecraft.class_4080.method_18790(class_4080.java:13) ~[server-intermediary.jar:?]
	at java.util.concurrent.CompletableFuture$UniAccept.tryFire(CompletableFuture.java:718) ~[?:?]
	at java.util.concurrent.CompletableFuture$Completion.run(CompletableFuture.java:482) ~[?:?]
	at net.minecraft.class_4014.method_18365(class_4014.java:69) ~[server-intermediary.jar:?]
	at net.minecraft.class_156.method_43498(class_156.java:950) ~[server-intermediary.jar:?]
	at net.minecraft.class_156.method_43499(class_156.java:938) ~[server-intermediary.jar:?]
	at net.minecraft.server.Main.main(Main.java:160) ~[server-intermediary.jar:?]
	at net.fabricmc.loader.impl.game.minecraft.MinecraftGameProvider.launch(MinecraftGameProvider.java:514) ~[fabric-loader-0.18.2.jar:?]
	at net.fabricmc.loader.impl.launch.knot.Knot.launch(Knot.java:72) ~[fabric-loader-0.18.2.jar:?]
	at net.fabricmc.loader.impl.launch.knot.KnotServer.main(KnotServer.java:23) ~[fabric-loader-0.18.2.jar:?]
	at net.fabricmc.loader.impl.launch.server.FabricServerLauncher.main(FabricServerLauncher.java:69) ~[fabric-loader-0.18.2.jar:?]
	at net.fabricmc.installer.ServerLauncher.main(ServerLauncher.java:69) ~[fabric-server-launch.jar:1.0.1]
[05:11:30] [main/ERROR]: Parsing error loading recipe mythiclib:jade_to_netherite_helmet_smithing
com.google.gson.JsonSyntaxException: Unknown item 'mythicupgrades:netherite_upgrade_smithing_template'
	at net.minecraft.class_1869.method_17878(class_1869.java:272) ~[server-intermediary.jar:?]
	at java.util.Optional.orElseThrow(Optional.java:403) ~[?:?]
	at net.minecraft.class_1869.method_8155(class_1869.java:272) ~[server-intermediary.jar:?]
	at net.minecraft.class_1856.method_8107(class_1856.java:160) ~[server-intermediary.jar:?]
	at net.minecraft.class_1856.method_8102(class_1856.java:143) ~[server-intermediary.jar:?]
	at net.minecraft.class_1856.method_52177(class_1856.java:135) ~[server-intermediary.jar:?]
	at net.minecraft.class_8060$class_8061.method_48455(class_8060.java:87) ~[server-intermediary.jar:?]
	at net.minecraft.class_8060$class_8061.method_8121(class_8060.java:84) ~[server-intermediary.jar:?]
	at net.minecraft.class_1863.method_17720(class_1863.java:135) ~[server-intermediary.jar:?]
	at net.minecraft.class_1863.method_20705(class_1863.java:56) ~[server-intermediary.jar:?]
	at net.minecraft.class_1863.method_18788(class_1863.java:35) ~[server-intermediary.jar:?]
	at net.minecraft.class_4080.method_18790(class_4080.java:13) ~[server-intermediary.jar:?]
	at java.util.concurrent.CompletableFuture$UniAccept.tryFire(CompletableFuture.java:718) ~[?:?]
	at java.util.concurrent.CompletableFuture$Completion.run(CompletableFuture.java:482) ~[?:?]
	at net.minecraft.class_4014.method_18365(class_4014.java:69) ~[server-intermediary.jar:?]
	at net.minecraft.class_156.method_43498(class_156.java:950) ~[server-intermediary.jar:?]
	at net.minecraft.class_156.method_43499(class_156.java:938) ~[server-intermediary.jar:?]
	at net.minecraft.server.Main.main(Main.java:160) ~[server-intermediary.jar:?]
	at net.fabricmc.loader.impl.game.minecraft.MinecraftGameProvider.launch(MinecraftGameProvider.java:514) ~[fabric-loader-0.18.2.jar:?]
	at net.fabricmc.loader.impl.launch.knot.Knot.launch(Knot.java:72) ~[fabric-loader-0.18.2.jar:?]
	at net.fabricmc.loader.impl.launch.knot.KnotServer.main(KnotServer.java:23) ~[fabric-loader-0.18.2.jar:?]
	at net.fabricmc.loader.impl.launch.server.FabricServerLauncher.main(FabricServerLauncher.java:69) ~[fabric-loader-0.18.2.jar:?]
	at net.fabricmc.installer.ServerLauncher.main(ServerLauncher.java:69) ~[fabric-server-launch.jar:1.0.1]
[05:11:30] [main/ERROR]: Parsing error loading recipe mythiclib:netherite_to_aquamarine_chestplate_smithing
com.google.gson.JsonSyntaxException: Unknown item 'mythicupgrades:netherite_chestplate'
	at net.minecraft.class_1869.method_17878(class_1869.java:272) ~[server-intermediary.jar:?]
	at java.util.Optional.orElseThrow(Optional.java:403) ~[?:?]
	at net.minecraft.class_1869.method_8155(class_1869.java:272) ~[server-intermediary.jar:?]
	at net.minecraft.class_1856.method_8107(class_1856.java:160) ~[server-intermediary.jar:?]
	at net.minecraft.class_1856.method_8102(class_1856.java:143) ~[server-intermediary.jar:?]
	at net.minecraft.class_1856.method_52177(class_1856.java:135) ~[server-intermediary.jar:?]
	at net.minecraft.class_8060$class_8061.method_48455(class_8060.java:88) ~[server-intermediary.jar:?]
	at net.minecraft.class_8060$class_8061.method_8121(class_8060.java:84) ~[server-intermediary.jar:?]
	at net.minecraft.class_1863.method_17720(class_1863.java:135) ~[server-intermediary.jar:?]
	at net.minecraft.class_1863.method_20705(class_1863.java:56) ~[server-intermediary.jar:?]
	at net.minecraft.class_1863.method_18788(class_1863.java:35) ~[server-intermediary.jar:?]
	at net.minecraft.class_4080.method_18790(class_4080.java:13) ~[server-intermediary.jar:?]
	at java.util.concurrent.CompletableFuture$UniAccept.tryFire(CompletableFuture.java:718) ~[?:?]
	at java.util.concurrent.CompletableFuture$Completion.run(CompletableFuture.java:482) ~[?:?]
	at net.minecraft.class_4014.method_18365(class_4014.java:69) ~[server-intermediary.jar:?]
	at net.minecraft.class_156.method_43498(class_156.java:950) ~[server-intermediary.jar:?]
	at net.minecraft.class_156.method_43499(class_156.java:938) ~[server-intermediary.jar:?]
	at net.minecraft.server.Main.main(Main.java:160) ~[server-intermediary.jar:?]
	at net.fabricmc.loader.impl.game.minecraft.MinecraftGameProvider.launch(MinecraftGameProvider.java:514) ~[fabric-loader-0.18.2.jar:?]
	at net.fabricmc.loader.impl.launch.knot.Knot.launch(Knot.java:72) ~[fabric-loader-0.18.2.jar:?]
	at net.fabricmc.loader.impl.launch.knot.KnotServer.main(KnotServer.java:23) ~[fabric-loader-0.18.2.jar:?]
	at net.fabricmc.loader.impl.launch.server.FabricServerLauncher.main(FabricServerLauncher.java:69) ~[fabric-loader-0.18.2.jar:?]
	at net.fabricmc.installer.ServerLauncher.main(ServerLauncher.java:69) ~[fabric-server-launch.jar:1.0.1]
[05:11:30] [main/ERROR]: Parsing error loading recipe mythiclib:netherite_to_aquamarine_axe_smithing
com.google.gson.JsonSyntaxException: Unknown item 'mythicupgrades:netherite_axe'
	at net.minecraft.class_1869.method_17878(class_1869.java:272) ~[server-intermediary.jar:?]
	at java.util.Optional.orElseThrow(Optional.java:403) ~[?:?]
	at net.minecraft.class_1869.method_8155(class_1869.java:272) ~[server-intermediary.jar:?]
	at net.minecraft.class_1856.method_8107(class_1856.java:160) ~[server-intermediary.jar:?]
	at net.minecraft.class_1856.method_8102(class_1856.java:143) ~[server-intermediary.jar:?]
	at net.minecraft.class_1856.method_52177(class_1856.java:135) ~[server-intermediary.jar:?]
	at net.minecraft.class_8060$class_8061.method_48455(class_8060.java:88) ~[server-intermediary.jar:?]
	at net.minecraft.class_8060$class_8061.method_8121(class_8060.java:84) ~[server-intermediary.jar:?]
	at net.minecraft.class_1863.method_17720(class_1863.java:135) ~[server-intermediary.jar:?]
	at net.minecraft.class_1863.method_20705(class_1863.java:56) ~[server-intermediary.jar:?]
	at net.minecraft.class_1863.method_18788(class_1863.java:35) ~[server-intermediary.jar:?]
	at net.minecraft.class_4080.method_18790(class_4080.java:13) ~[server-intermediary.jar:?]
	at java.util.concurrent.CompletableFuture$UniAccept.tryFire(CompletableFuture.java:718) ~[?:?]
	at java.util.concurrent.CompletableFuture$Completion.run(CompletableFuture.java:482) ~[?:?]
	at net.minecraft.class_4014.method_18365(class_4014.java:69) ~[server-intermediary.jar:?]
	at net.minecraft.class_156.method_43498(class_156.java:950) ~[server-intermediary.jar:?]
	at net.minecraft.class_156.method_43499(class_156.java:938) ~[server-intermediary.jar:?]
	at net.minecraft.server.Main.main(Main.java:160) ~[server-intermediary.jar:?]
	at net.fabricmc.loader.impl.game.minecraft.MinecraftGameProvider.launch(MinecraftGameProvider.java:514) ~[fabric-loader-0.18.2.jar:?]
	at net.fabricmc.loader.impl.launch.knot.Knot.launch(Knot.java:72) ~[fabric-loader-0.18.2.jar:?]
	at net.fabricmc.loader.impl.launch.knot.KnotServer.main(KnotServer.java:23) ~[fabric-loader-0.18.2.jar:?]
	at net.fabricmc.loader.impl.launch.server.FabricServerLauncher.main(FabricServerLauncher.java:69) ~[fabric-loader-0.18.2.jar:?]
	at net.fabricmc.installer.ServerLauncher.main(ServerLauncher.java:69) ~[fabric-server-launch.jar:1.0.1]
[05:11:30] [main/ERROR]: Parsing error loading recipe mythiclib:jade_to_netherite_leggings_smithing
com.google.gson.JsonSyntaxException: Unknown item 'mythicupgrades:netherite_upgrade_smithing_template'
	at net.minecraft.class_1869.method_17878(class_1869.java:272) ~[server-intermediary.jar:?]
	at java.util.Optional.orElseThrow(Optional.java:403) ~[?:?]
	at net.minecraft.class_1869.method_8155(class_1869.java:272) ~[server-intermediary.jar:?]
	at net.minecraft.class_1856.method_8107(class_1856.java:160) ~[server-intermediary.jar:?]
	at net.minecraft.class_1856.method_8102(class_1856.java:143) ~[server-intermediary.jar:?]
	at net.minecraft.class_1856.method_52177(class_1856.java:135) ~[server-intermediary.jar:?]
	at net.minecraft.class_8060$class_8061.method_48455(class_8060.java:87) ~[server-intermediary.jar:?]
	at net.minecraft.class_8060$class_8061.method_8121(class_8060.java:84) ~[server-intermediary.jar:?]
	at net.minecraft.class_1863.method_17720(class_1863.java:135) ~[server-intermediary.jar:?]
	at net.minecraft.class_1863.method_20705(class_1863.java:56) ~[server-intermediary.jar:?]
	at net.minecraft.class_1863.method_18788(class_1863.java:35) ~[server-intermediary.jar:?]
	at net.minecraft.class_4080.method_18790(class_4080.java:13) ~[server-intermediary.jar:?]
	at java.util.concurrent.CompletableFuture$UniAccept.tryFire(CompletableFuture.java:718) ~[?:?]
	at java.util.concurrent.CompletableFuture$Completion.run(CompletableFuture.java:482) ~[?:?]
	at net.minecraft.class_4014.method_18365(class_4014.java:69) ~[server-intermediary.jar:?]
	at net.minecraft.class_156.method_43498(class_156.java:950) ~[server-intermediary.jar:?]
	at net.minecraft.class_156.method_43499(class_156.java:938) ~[server-intermediary.jar:?]
	at net.minecraft.server.Main.main(Main.java:160) ~[server-intermediary.jar:?]
	at net.fabricmc.loader.impl.game.minecraft.MinecraftGameProvider.launch(MinecraftGameProvider.java:514) ~[fabric-loader-0.18.2.jar:?]
	at net.fabricmc.loader.impl.launch.knot.Knot.launch(Knot.java:72) ~[fabric-loader-0.18.2.jar:?]
	at net.fabricmc.loader.impl.launch.knot.KnotServer.main(KnotServer.java:23) ~[fabric-loader-0.18.2.jar:?]
	at net.fabricmc.loader.impl.launch.server.FabricServerLauncher.main(FabricServerLauncher.java:69) ~[fabric-loader-0.18.2.jar:?]
	at net.fabricmc.installer.ServerLauncher.main(ServerLauncher.java:69) ~[fabric-server-launch.jar:1.0.1]
[05:11:30] [main/ERROR]: Parsing error loading recipe mythiclib:netherite_to_jade_pickaxe_smithing
com.google.gson.JsonSyntaxException: Unknown item 'mythicupgrades:netherite_pickaxe'
	at net.minecraft.class_1869.method_17878(class_1869.java:272) ~[server-intermediary.jar:?]
	at java.util.Optional.orElseThrow(Optional.java:403) ~[?:?]
	at net.minecraft.class_1869.method_8155(class_1869.java:272) ~[server-intermediary.jar:?]
	at net.minecraft.class_1856.method_8107(class_1856.java:160) ~[server-intermediary.jar:?]
	at net.minecraft.class_1856.method_8102(class_1856.java:143) ~[server-intermediary.jar:?]
	at net.minecraft.class_1856.method_52177(class_1856.java:135) ~[server-intermediary.jar:?]
	at net.minecraft.class_8060$class_8061.method_48455(class_8060.java:88) ~[server-intermediary.jar:?]
	at net.minecraft.class_8060$class_8061.method_8121(class_8060.java:84) ~[server-intermediary.jar:?]
	at net.minecraft.class_1863.method_17720(class_1863.java:135) ~[server-intermediary.jar:?]
	at net.minecraft.class_1863.method_20705(class_1863.java:56) ~[server-intermediary.jar:?]
	at net.minecraft.class_1863.method_18788(class_1863.java:35) ~[server-intermediary.jar:?]
	at net.minecraft.class_4080.method_18790(class_4080.java:13) ~[server-intermediary.jar:?]
	at java.util.concurrent.CompletableFuture$UniAccept.tryFire(CompletableFuture.java:718) ~[?:?]
	at java.util.concurrent.CompletableFuture$Completion.run(CompletableFuture.java:482) ~[?:?]
	at net.minecraft.class_4014.method_18365(class_4014.java:69) ~[server-intermediary.jar:?]
	at net.minecraft.class_156.method_43498(class_156.java:950) ~[server-intermediary.jar:?]
	at net.minecraft.class_156.method_43499(class_156.java:938) ~[server-intermediary.jar:?]
	at net.minecraft.server.Main.main(Main.java:160) ~[server-intermediary.jar:?]
	at net.fabricmc.loader.impl.game.minecraft.MinecraftGameProvider.launch(MinecraftGameProvider.java:514) ~[fabric-loader-0.18.2.jar:?]
	at net.fabricmc.loader.impl.launch.knot.Knot.launch(Knot.java:72) ~[fabric-loader-0.18.2.jar:?]
	at net.fabricmc.loader.impl.launch.knot.KnotServer.main(KnotServer.java:23) ~[fabric-loader-0.18.2.jar:?]
	at net.fabricmc.loader.impl.launch.server.FabricServerLauncher.main(FabricServerLauncher.java:69) ~[fabric-loader-0.18.2.jar:?]
	at net.fabricmc.installer.ServerLauncher.main(ServerLauncher.java:69) ~[fabric-server-launch.jar:1.0.1]
[05:11:30] [main/ERROR]: Parsing error loading recipe alloy_forgery:compat/alloys/bronze_from_raw_ores
com.google.gson.JsonSyntaxException: Priority-based recipes must declare a 'default' tag
	at wraith.alloyforgery.recipe.AlloyForgeRecipeSerializer.read(AlloyForgeRecipeSerializer.java:75) ~[alloy-forgery-2.1.2+1.20.jar:?]
	at wraith.alloyforgery.recipe.AlloyForgeRecipeSerializer.method_8121(AlloyForgeRecipeSerializer.java:18) ~[alloy-forgery-2.1.2+1.20.jar:?]
	at net.minecraft.class_1863.method_17720(class_1863.java:135) ~[server-intermediary.jar:?]
	at net.minecraft.class_1863.method_20705(class_1863.java:56) ~[server-intermediary.jar:?]
	at net.minecraft.class_1863.method_18788(class_1863.java:35) ~[server-intermediary.jar:?]
	at net.minecraft.class_4080.method_18790(class_4080.java:13) ~[server-intermediary.jar:?]
	at java.util.concurrent.CompletableFuture$UniAccept.tryFire(CompletableFuture.java:718) ~[?:?]
	at java.util.concurrent.CompletableFuture$Completion.run(CompletableFuture.java:482) ~[?:?]
	at net.minecraft.class_4014.method_18365(class_4014.java:69) ~[server-intermediary.jar:?]
	at net.minecraft.class_156.method_43498(class_156.java:950) ~[server-intermediary.jar:?]
	at net.minecraft.class_156.method_43499(class_156.java:938) ~[server-intermediary.jar:?]
	at net.minecraft.server.Main.main(Main.java:160) ~[server-intermediary.jar:?]
	at net.fabricmc.loader.impl.game.minecraft.MinecraftGameProvider.launch(MinecraftGameProvider.java:514) ~[fabric-loader-0.18.2.jar:?]
	at net.fabricmc.loader.impl.launch.knot.Knot.launch(Knot.java:72) ~[fabric-loader-0.18.2.jar:?]
	at net.fabricmc.loader.impl.launch.knot.KnotServer.main(KnotServer.java:23) ~[fabric-loader-0.18.2.jar:?]
	at net.fabricmc.loader.impl.launch.server.FabricServerLauncher.main(FabricServerLauncher.java:69) ~[fabric-loader-0.18.2.jar:?]
	at net.fabricmc.installer.ServerLauncher.main(ServerLauncher.java:69) ~[fabric-server-launch.jar:1.0.1]
[05:11:30] [main/ERROR]: Parsing error loading recipe mythiclib:aquamarine_to_netherite_leggings_smithing
com.google.gson.JsonSyntaxException: Unknown item 'mythicupgrades:netherite_upgrade_smithing_template'
	at net.minecraft.class_1869.method_17878(class_1869.java:272) ~[server-intermediary.jar:?]
	at java.util.Optional.orElseThrow(Optional.java:403) ~[?:?]
	at net.minecraft.class_1869.method_8155(class_1869.java:272) ~[server-intermediary.jar:?]
	at net.minecraft.class_1856.method_8107(class_1856.java:160) ~[server-intermediary.jar:?]
	at net.minecraft.class_1856.method_8102(class_1856.java:143) ~[server-intermediary.jar:?]
	at net.minecraft.class_1856.method_52177(class_1856.java:135) ~[server-intermediary.jar:?]
	at net.minecraft.class_8060$class_8061.method_48455(class_8060.java:87) ~[server-intermediary.jar:?]
	at net.minecraft.class_8060$class_8061.method_8121(class_8060.java:84) ~[server-intermediary.jar:?]
	at net.minecraft.class_1863.method_17720(class_1863.java:135) ~[server-intermediary.jar:?]
	at net.minecraft.class_1863.method_20705(class_1863.java:56) ~[server-intermediary.jar:?]
	at net.minecraft.class_1863.method_18788(class_1863.java:35) ~[server-intermediary.jar:?]
	at net.minecraft.class_4080.method_18790(class_4080.java:13) ~[server-intermediary.jar:?]
	at java.util.concurrent.CompletableFuture$UniAccept.tryFire(CompletableFuture.java:718) ~[?:?]
	at java.util.concurrent.CompletableFuture$Completion.run(CompletableFuture.java:482) ~[?:?]
	at net.minecraft.class_4014.method_18365(class_4014.java:69) ~[server-intermediary.jar:?]
	at net.minecraft.class_156.method_43498(class_156.java:950) ~[server-intermediary.jar:?]
	at net.minecraft.class_156.method_43499(class_156.java:938) ~[server-intermediary.jar:?]
	at net.minecraft.server.Main.main(Main.java:160) ~[server-intermediary.jar:?]
	at net.fabricmc.loader.impl.game.minecraft.MinecraftGameProvider.launch(MinecraftGameProvider.java:514) ~[fabric-loader-0.18.2.jar:?]
	at net.fabricmc.loader.impl.launch.knot.Knot.launch(Knot.java:72) ~[fabric-loader-0.18.2.jar:?]
	at net.fabricmc.loader.impl.launch.knot.KnotServer.main(KnotServer.java:23) ~[fabric-loader-0.18.2.jar:?]
	at net.fabricmc.loader.impl.launch.server.FabricServerLauncher.main(FabricServerLauncher.java:69) ~[fabric-loader-0.18.2.jar:?]
	at net.fabricmc.installer.ServerLauncher.main(ServerLauncher.java:69) ~[fabric-server-launch.jar:1.0.1]
[05:11:30] [main/ERROR]: Parsing error loading recipe mythiclib:topaz_to_netherite_shovel_smithing
com.google.gson.JsonSyntaxException: Unknown item 'mythicupgrades:netherite_upgrade_smithing_template'
	at net.minecraft.class_1869.method_17878(class_1869.java:272) ~[server-intermediary.jar:?]
	at java.util.Optional.orElseThrow(Optional.java:403) ~[?:?]
	at net.minecraft.class_1869.method_8155(class_1869.java:272) ~[server-intermediary.jar:?]
	at net.minecraft.class_1856.method_8107(class_1856.java:160) ~[server-intermediary.jar:?]
	at net.minecraft.class_1856.method_8102(class_1856.java:143) ~[server-intermediary.jar:?]
	at net.minecraft.class_1856.method_52177(class_1856.java:135) ~[server-intermediary.jar:?]
	at net.minecraft.class_8060$class_8061.method_48455(class_8060.java:87) ~[server-intermediary.jar:?]
	at net.minecraft.class_8060$class_8061.method_8121(class_8060.java:84) ~[server-intermediary.jar:?]
	at net.minecraft.class_1863.method_17720(class_1863.java:135) ~[server-intermediary.jar:?]
	at net.minecraft.class_1863.method_20705(class_1863.java:56) ~[server-intermediary.jar:?]
	at net.minecraft.class_1863.method_18788(class_1863.java:35) ~[server-intermediary.jar:?]
	at net.minecraft.class_4080.method_18790(class_4080.java:13) ~[server-intermediary.jar:?]
	at java.util.concurrent.CompletableFuture$UniAccept.tryFire(CompletableFuture.java:718) ~[?:?]
	at java.util.concurrent.CompletableFuture$Completion.run(CompletableFuture.java:482) ~[?:?]
	at net.minecraft.class_4014.method_18365(class_4014.java:69) ~[server-intermediary.jar:?]
	at net.minecraft.class_156.method_43498(class_156.java:950) ~[server-intermediary.jar:?]
	at net.minecraft.class_156.method_43499(class_156.java:938) ~[server-intermediary.jar:?]
	at net.minecraft.server.Main.main(Main.java:160) ~[server-intermediary.jar:?]
	at net.fabricmc.loader.impl.game.minecraft.MinecraftGameProvider.launch(MinecraftGameProvider.java:514) ~[fabric-loader-0.18.2.jar:?]
	at net.fabricmc.loader.impl.launch.knot.Knot.launch(Knot.java:72) ~[fabric-loader-0.18.2.jar:?]
	at net.fabricmc.loader.impl.launch.knot.KnotServer.main(KnotServer.java:23) ~[fabric-loader-0.18.2.jar:?]
	at net.fabricmc.loader.impl.launch.server.FabricServerLauncher.main(FabricServerLauncher.java:69) ~[fabric-loader-0.18.2.jar:?]
	at net.fabricmc.installer.ServerLauncher.main(ServerLauncher.java:69) ~[fabric-server-launch.jar:1.0.1]
[05:11:30] [main/ERROR]: Parsing error loading recipe tiered:limestone_create
com.google.gson.JsonSyntaxException: Unknown item 'create:limestone'
	at net.minecraft.class_1869.method_17878(class_1869.java:272) ~[server-intermediary.jar:?]
	at java.util.Optional.orElseThrow(Optional.java:403) ~[?:?]
	at net.minecraft.class_1869.method_8155(class_1869.java:272) ~[server-intermediary.jar:?]
	at net.minecraft.class_1856.method_8107(class_1856.java:160) ~[server-intermediary.jar:?]
	at net.minecraft.class_1856.method_8102(class_1856.java:143) ~[server-intermediary.jar:?]
	at net.minecraft.class_3972$class_3973.method_17881(class_3972.java:91) ~[server-intermediary.jar:?]
	at net.minecraft.class_3972$class_3973.method_8121(class_3972.java:72) ~[server-intermediary.jar:?]
	at net.minecraft.class_1863.method_17720(class_1863.java:135) ~[server-intermediary.jar:?]
	at net.minecraft.class_1863.method_20705(class_1863.java:56) ~[server-intermediary.jar:?]
	at net.minecraft.class_1863.method_18788(class_1863.java:35) ~[server-intermediary.jar:?]
	at net.minecraft.class_4080.method_18790(class_4080.java:13) ~[server-intermediary.jar:?]
	at java.util.concurrent.CompletableFuture$UniAccept.tryFire(CompletableFuture.java:718) ~[?:?]
	at java.util.concurrent.CompletableFuture$Completion.run(CompletableFuture.java:482) ~[?:?]
	at net.minecraft.class_4014.method_18365(class_4014.java:69) ~[server-intermediary.jar:?]
	at net.minecraft.class_156.method_43498(class_156.java:950) ~[server-intermediary.jar:?]
	at net.minecraft.class_156.method_43499(class_156.java:938) ~[server-intermediary.jar:?]
	at net.minecraft.server.Main.main(Main.java:160) ~[server-intermediary.jar:?]
	at net.fabricmc.loader.impl.game.minecraft.MinecraftGameProvider.launch(MinecraftGameProvider.java:514) ~[fabric-loader-0.18.2.jar:?]
	at net.fabricmc.loader.impl.launch.knot.Knot.launch(Knot.java:72) ~[fabric-loader-0.18.2.jar:?]
	at net.fabricmc.loader.impl.launch.knot.KnotServer.main(KnotServer.java:23) ~[fabric-loader-0.18.2.jar:?]
	at net.fabricmc.loader.impl.launch.server.FabricServerLauncher.main(FabricServerLauncher.java:69) ~[fabric-loader-0.18.2.jar:?]
	at net.fabricmc.installer.ServerLauncher.main(ServerLauncher.java:69) ~[fabric-server-launch.jar:1.0.1]
[05:11:30] [main/ERROR]: Parsing error loading recipe mythiclib:netherite_to_sapphire_chestplate_smithing
com.google.gson.JsonSyntaxException: Unknown item 'mythicupgrades:netherite_chestplate'
	at net.minecraft.class_1869.method_17878(class_1869.java:272) ~[server-intermediary.jar:?]
	at java.util.Optional.orElseThrow(Optional.java:403) ~[?:?]
	at net.minecraft.class_1869.method_8155(class_1869.java:272) ~[server-intermediary.jar:?]
	at net.minecraft.class_1856.method_8107(class_1856.java:160) ~[server-intermediary.jar:?]
	at net.minecraft.class_1856.method_8102(class_1856.java:143) ~[server-intermediary.jar:?]
	at net.minecraft.class_1856.method_52177(class_1856.java:135) ~[server-intermediary.jar:?]
	at net.minecraft.class_8060$class_8061.method_48455(class_8060.java:88) ~[server-intermediary.jar:?]
	at net.minecraft.class_8060$class_8061.method_8121(class_8060.java:84) ~[server-intermediary.jar:?]
	at net.minecraft.class_1863.method_17720(class_1863.java:135) ~[server-intermediary.jar:?]
	at net.minecraft.class_1863.method_20705(class_1863.java:56) ~[server-intermediary.jar:?]
	at net.minecraft.class_1863.method_18788(class_1863.java:35) ~[server-intermediary.jar:?]
	at net.minecraft.class_4080.method_18790(class_4080.java:13) ~[server-intermediary.jar:?]
	at java.util.concurrent.CompletableFuture$UniAccept.tryFire(CompletableFuture.java:718) ~[?:?]
	at java.util.concurrent.CompletableFuture$Completion.run(CompletableFuture.java:482) ~[?:?]
	at net.minecraft.class_4014.method_18365(class_4014.java:69) ~[server-intermediary.jar:?]
	at net.minecraft.class_156.method_43498(class_156.java:950) ~[server-intermediary.jar:?]
	at net.minecraft.class_156.method_43499(class_156.java:938) ~[server-intermediary.jar:?]
	at net.minecraft.server.Main.main(Main.java:160) ~[server-intermediary.jar:?]
	at net.fabricmc.loader.impl.game.minecraft.MinecraftGameProvider.launch(MinecraftGameProvider.java:514) ~[fabric-loader-0.18.2.jar:?]
	at net.fabricmc.loader.impl.launch.knot.Knot.launch(Knot.java:72) ~[fabric-loader-0.18.2.jar:?]
	at net.fabricmc.loader.impl.launch.knot.KnotServer.main(KnotServer.java:23) ~[fabric-loader-0.18.2.jar:?]
	at net.fabricmc.loader.impl.launch.server.FabricServerLauncher.main(FabricServerLauncher.java:69) ~[fabric-loader-0.18.2.jar:?]
	at net.fabricmc.installer.ServerLauncher.main(ServerLauncher.java:69) ~[fabric-server-launch.jar:1.0.1]
[05:11:30] [main/ERROR]: Parsing error loading recipe mythiclib:netherite_to_ruby_hoe_smithing
com.google.gson.JsonSyntaxException: Unknown item 'mythicupgrades:netherite_hoe'
	at net.minecraft.class_1869.method_17878(class_1869.java:272) ~[server-intermediary.jar:?]
	at java.util.Optional.orElseThrow(Optional.java:403) ~[?:?]
	at net.minecraft.class_1869.method_8155(class_1869.java:272) ~[server-intermediary.jar:?]
	at net.minecraft.class_1856.method_8107(class_1856.java:160) ~[server-intermediary.jar:?]
	at net.minecraft.class_1856.method_8102(class_1856.java:143) ~[server-intermediary.jar:?]
	at net.minecraft.class_1856.method_52177(class_1856.java:135) ~[server-intermediary.jar:?]
	at net.minecraft.class_8060$class_8061.method_48455(class_8060.java:88) ~[server-intermediary.jar:?]
	at net.minecraft.class_8060$class_8061.method_8121(class_8060.java:84) ~[server-intermediary.jar:?]
	at net.minecraft.class_1863.method_17720(class_1863.java:135) ~[server-intermediary.jar:?]
	at net.minecraft.class_1863.method_20705(class_1863.java:56) ~[server-intermediary.jar:?]
	at net.minecraft.class_1863.method_18788(class_1863.java:35) ~[server-intermediary.jar:?]
	at net.minecraft.class_4080.method_18790(class_4080.java:13) ~[server-intermediary.jar:?]
	at java.util.concurrent.CompletableFuture$UniAccept.tryFire(CompletableFuture.java:718) ~[?:?]
	at java.util.concurrent.CompletableFuture$Completion.run(CompletableFuture.java:482) ~[?:?]
	at net.minecraft.class_4014.method_18365(class_4014.java:69) ~[server-intermediary.jar:?]
	at net.minecraft.class_156.method_43498(class_156.java:950) ~[server-intermediary.jar:?]
	at net.minecraft.class_156.method_43499(class_156.java:938) ~[server-intermediary.jar:?]
	at net.minecraft.server.Main.main(Main.java:160) ~[server-intermediary.jar:?]
	at net.fabricmc.loader.impl.game.minecraft.MinecraftGameProvider.launch(MinecraftGameProvider.java:514) ~[fabric-loader-0.18.2.jar:?]
	at net.fabricmc.loader.impl.launch.knot.Knot.launch(Knot.java:72) ~[fabric-loader-0.18.2.jar:?]
	at net.fabricmc.loader.impl.launch.knot.KnotServer.main(KnotServer.java:23) ~[fabric-loader-0.18.2.jar:?]
	at net.fabricmc.loader.impl.launch.server.FabricServerLauncher.main(FabricServerLauncher.java:69) ~[fabric-loader-0.18.2.jar:?]
	at net.fabricmc.installer.ServerLauncher.main(ServerLauncher.java:69) ~[fabric-server-launch.jar:1.0.1]
[05:11:30] [main/ERROR]: Parsing error loading recipe mythiclib:netherite_to_topaz_leggings_smithing
com.google.gson.JsonSyntaxException: Unknown item 'mythicupgrades:netherite_leggings'
	at net.minecraft.class_1869.method_17878(class_1869.java:272) ~[server-intermediary.jar:?]
	at java.util.Optional.orElseThrow(Optional.java:403) ~[?:?]
	at net.minecraft.class_1869.method_8155(class_1869.java:272) ~[server-intermediary.jar:?]
	at net.minecraft.class_1856.method_8107(class_1856.java:160) ~[server-intermediary.jar:?]
	at net.minecraft.class_1856.method_8102(class_1856.java:143) ~[server-intermediary.jar:?]
	at net.minecraft.class_1856.method_52177(class_1856.java:135) ~[server-intermediary.jar:?]
	at net.minecraft.class_8060$class_8061.method_48455(class_8060.java:88) ~[server-intermediary.jar:?]
	at net.minecraft.class_8060$class_8061.method_8121(class_8060.java:84) ~[server-intermediary.jar:?]
	at net.minecraft.class_1863.method_17720(class_1863.java:135) ~[server-intermediary.jar:?]
	at net.minecraft.class_1863.method_20705(class_1863.java:56) ~[server-intermediary.jar:?]
	at net.minecraft.class_1863.method_18788(class_1863.java:35) ~[server-intermediary.jar:?]
	at net.minecraft.class_4080.method_18790(class_4080.java:13) ~[server-intermediary.jar:?]
	at java.util.concurrent.CompletableFuture$UniAccept.tryFire(CompletableFuture.java:718) ~[?:?]
	at java.util.concurrent.CompletableFuture$Completion.run(CompletableFuture.java:482) ~[?:?]
	at net.minecraft.class_4014.method_18365(class_4014.java:69) ~[server-intermediary.jar:?]
	at net.minecraft.class_156.method_43498(class_156.java:950) ~[server-intermediary.jar:?]
	at net.minecraft.class_156.method_43499(class_156.java:938) ~[server-intermediary.jar:?]
	at net.minecraft.server.Main.main(Main.java:160) ~[server-intermediary.jar:?]
	at net.fabricmc.loader.impl.game.minecraft.MinecraftGameProvider.launch(MinecraftGameProvider.java:514) ~[fabric-loader-0.18.2.jar:?]
	at net.fabricmc.loader.impl.launch.knot.Knot.launch(Knot.java:72) ~[fabric-loader-0.18.2.jar:?]
	at net.fabricmc.loader.impl.launch.knot.KnotServer.main(KnotServer.java:23) ~[fabric-loader-0.18.2.jar:?]
	at net.fabricmc.loader.impl.launch.server.FabricServerLauncher.main(FabricServerLauncher.java:69) ~[fabric-loader-0.18.2.jar:?]
	at net.fabricmc.installer.ServerLauncher.main(ServerLauncher.java:69) ~[fabric-server-launch.jar:1.0.1]
[05:11:30] [main/ERROR]: Parsing error loading recipe mythiclib:sapphire_to_netherite_hoe_smithing
com.google.gson.JsonSyntaxException: Unknown item 'mythicupgrades:netherite_upgrade_smithing_template'
	at net.minecraft.class_1869.method_17878(class_1869.java:272) ~[server-intermediary.jar:?]
	at java.util.Optional.orElseThrow(Optional.java:403) ~[?:?]
	at net.minecraft.class_1869.method_8155(class_1869.java:272) ~[server-intermediary.jar:?]
	at net.minecraft.class_1856.method_8107(class_1856.java:160) ~[server-intermediary.jar:?]
	at net.minecraft.class_1856.method_8102(class_1856.java:143) ~[server-intermediary.jar:?]
	at net.minecraft.class_1856.method_52177(class_1856.java:135) ~[server-intermediary.jar:?]
	at net.minecraft.class_8060$class_8061.method_48455(class_8060.java:87) ~[server-intermediary.jar:?]
	at net.minecraft.class_8060$class_8061.method_8121(class_8060.java:84) ~[server-intermediary.jar:?]
	at net.minecraft.class_1863.method_17720(class_1863.java:135) ~[server-intermediary.jar:?]
	at net.minecraft.class_1863.method_20705(class_1863.java:56) ~[server-intermediary.jar:?]
	at net.minecraft.class_1863.method_18788(class_1863.java:35) ~[server-intermediary.jar:?]
	at net.minecraft.class_4080.method_18790(class_4080.java:13) ~[server-intermediary.jar:?]
	at java.util.concurrent.CompletableFuture$UniAccept.tryFire(CompletableFuture.java:718) ~[?:?]
	at java.util.concurrent.CompletableFuture$Completion.run(CompletableFuture.java:482) ~[?:?]
	at net.minecraft.class_4014.method_18365(class_4014.java:69) ~[server-intermediary.jar:?]
	at net.minecraft.class_156.method_43498(class_156.java:950) ~[server-intermediary.jar:?]
	at net.minecraft.class_156.method_43499(class_156.java:938) ~[server-intermediary.jar:?]
	at net.minecraft.server.Main.main(Main.java:160) ~[server-intermediary.jar:?]
	at net.fabricmc.loader.impl.game.minecraft.MinecraftGameProvider.launch(MinecraftGameProvider.java:514) ~[fabric-loader-0.18.2.jar:?]
	at net.fabricmc.loader.impl.launch.knot.Knot.launch(Knot.java:72) ~[fabric-loader-0.18.2.jar:?]
	at net.fabricmc.loader.impl.launch.knot.KnotServer.main(KnotServer.java:23) ~[fabric-loader-0.18.2.jar:?]
	at net.fabricmc.loader.impl.launch.server.FabricServerLauncher.main(FabricServerLauncher.java:69) ~[fabric-loader-0.18.2.jar:?]
	at net.fabricmc.installer.ServerLauncher.main(ServerLauncher.java:69) ~[fabric-server-launch.jar:1.0.1]
[05:11:30] [main/ERROR]: Parsing error loading recipe mythiclib:netherite_to_topaz_pickaxe_smithing
com.google.gson.JsonSyntaxException: Unknown item 'mythicupgrades:netherite_pickaxe'
	at net.minecraft.class_1869.method_17878(class_1869.java:272) ~[server-intermediary.jar:?]
	at java.util.Optional.orElseThrow(Optional.java:403) ~[?:?]
	at net.minecraft.class_1869.method_8155(class_1869.java:272) ~[server-intermediary.jar:?]
	at net.minecraft.class_1856.method_8107(class_1856.java:160) ~[server-intermediary.jar:?]
	at net.minecraft.class_1856.method_8102(class_1856.java:143) ~[server-intermediary.jar:?]
	at net.minecraft.class_1856.method_52177(class_1856.java:135) ~[server-intermediary.jar:?]
	at net.minecraft.class_8060$class_8061.method_48455(class_8060.java:88) ~[server-intermediary.jar:?]
	at net.minecraft.class_8060$class_8061.method_8121(class_8060.java:84) ~[server-intermediary.jar:?]
	at net.minecraft.class_1863.method_17720(class_1863.java:135) ~[server-intermediary.jar:?]
	at net.minecraft.class_1863.method_20705(class_1863.java:56) ~[server-intermediary.jar:?]
	at net.minecraft.class_1863.method_18788(class_1863.java:35) ~[server-intermediary.jar:?]
	at net.minecraft.class_4080.method_18790(class_4080.java:13) ~[server-intermediary.jar:?]
	at java.util.concurrent.CompletableFuture$UniAccept.tryFire(CompletableFuture.java:718) ~[?:?]
	at java.util.concurrent.CompletableFuture$Completion.run(CompletableFuture.java:482) ~[?:?]
	at net.minecraft.class_4014.method_18365(class_4014.java:69) ~[server-intermediary.jar:?]
	at net.minecraft.class_156.method_43498(class_156.java:950) ~[server-intermediary.jar:?]
	at net.minecraft.class_156.method_43499(class_156.java:938) ~[server-intermediary.jar:?]
	at net.minecraft.server.Main.main(Main.java:160) ~[server-intermediary.jar:?]
	at net.fabricmc.loader.impl.game.minecraft.MinecraftGameProvider.launch(MinecraftGameProvider.java:514) ~[fabric-loader-0.18.2.jar:?]
	at net.fabricmc.loader.impl.launch.knot.Knot.launch(Knot.java:72) ~[fabric-loader-0.18.2.jar:?]
	at net.fabricmc.loader.impl.launch.knot.KnotServer.main(KnotServer.java:23) ~[fabric-loader-0.18.2.jar:?]
	at net.fabricmc.loader.impl.launch.server.FabricServerLauncher.main(FabricServerLauncher.java:69) ~[fabric-loader-0.18.2.jar:?]
	at net.fabricmc.installer.ServerLauncher.main(ServerLauncher.java:69) ~[fabric-server-launch.jar:1.0.1]
[05:11:30] [main/ERROR]: Parsing error loading recipe dramaticdoors:tall_chipped_modern_crimson_door
com.google.gson.JsonSyntaxException: Unknown item 'chipped:classic_windowed_crimson_door'
	at net.minecraft.class_1869.method_17878(class_1869.java:272) ~[server-intermediary.jar:?]
	at java.util.Optional.orElseThrow(Optional.java:403) ~[?:?]
	at net.minecraft.class_1869.method_8155(class_1869.java:272) ~[server-intermediary.jar:?]
	at net.minecraft.class_1856.method_8107(class_1856.java:160) ~[server-intermediary.jar:?]
	at net.minecraft.class_1856.method_8102(class_1856.java:143) ~[server-intermediary.jar:?]
	at net.minecraft.class_1869.method_8157(class_1869.java:252) ~[server-intermediary.jar:?]
	at net.minecraft.class_1869$class_1870.method_8164(class_1869.java:285) ~[server-intermediary.jar:?]
	at net.minecraft.class_1869$class_1870.method_8121(class_1869.java:279) ~[server-intermediary.jar:?]
	at net.minecraft.class_1863.method_17720(class_1863.java:135) ~[server-intermediary.jar:?]
	at net.minecraft.class_1863.method_20705(class_1863.java:56) ~[server-intermediary.jar:?]
	at net.minecraft.class_1863.method_18788(class_1863.java:35) ~[server-intermediary.jar:?]
	at net.minecraft.class_4080.method_18790(class_4080.java:13) ~[server-intermediary.jar:?]
	at java.util.concurrent.CompletableFuture$UniAccept.tryFire(CompletableFuture.java:718) ~[?:?]
	at java.util.concurrent.CompletableFuture$Completion.run(CompletableFuture.java:482) ~[?:?]
	at net.minecraft.class_4014.method_18365(class_4014.java:69) ~[server-intermediary.jar:?]
	at net.minecraft.class_156.method_43498(class_156.java:950) ~[server-intermediary.jar:?]
	at net.minecraft.class_156.method_43499(class_156.java:938) ~[server-intermediary.jar:?]
	at net.minecraft.server.Main.main(Main.java:160) ~[server-intermediary.jar:?]
	at net.fabricmc.loader.impl.game.minecraft.MinecraftGameProvider.launch(MinecraftGameProvider.java:514) ~[fabric-loader-0.18.2.jar:?]
	at net.fabricmc.loader.impl.launch.knot.Knot.launch(Knot.java:72) ~[fabric-loader-0.18.2.jar:?]
	at net.fabricmc.loader.impl.launch.knot.KnotServer.main(KnotServer.java:23) ~[fabric-loader-0.18.2.jar:?]
	at net.fabricmc.loader.impl.launch.server.FabricServerLauncher.main(FabricServerLauncher.java:69) ~[fabric-loader-0.18.2.jar:?]
	at net.fabricmc.installer.ServerLauncher.main(ServerLauncher.java:69) ~[fabric-server-launch.jar:1.0.1]
[05:11:30] [main/ERROR]: Parsing error loading recipe mythiclib:netherite_to_ruby_boots_smithing
com.google.gson.JsonSyntaxException: Unknown item 'mythicupgrades:netherite_boots'
	at net.minecraft.class_1869.method_17878(class_1869.java:272) ~[server-intermediary.jar:?]
	at java.util.Optional.orElseThrow(Optional.java:403) ~[?:?]
	at net.minecraft.class_1869.method_8155(class_1869.java:272) ~[server-intermediary.jar:?]
	at net.minecraft.class_1856.method_8107(class_1856.java:160) ~[server-intermediary.jar:?]
	at net.minecraft.class_1856.method_8102(class_1856.java:143) ~[server-intermediary.jar:?]
	at net.minecraft.class_1856.method_52177(class_1856.java:135) ~[server-intermediary.jar:?]
	at net.minecraft.class_8060$class_8061.method_48455(class_8060.java:88) ~[server-intermediary.jar:?]
	at net.minecraft.class_8060$class_8061.method_8121(class_8060.java:84) ~[server-intermediary.jar:?]
	at net.minecraft.class_1863.method_17720(class_1863.java:135) ~[server-intermediary.jar:?]
	at net.minecraft.class_1863.method_20705(class_1863.java:56) ~[server-intermediary.jar:?]
	at net.minecraft.class_1863.method_18788(class_1863.java:35) ~[server-intermediary.jar:?]
	at net.minecraft.class_4080.method_18790(class_4080.java:13) ~[server-intermediary.jar:?]
	at java.util.concurrent.CompletableFuture$UniAccept.tryFire(CompletableFuture.java:718) ~[?:?]
	at java.util.concurrent.CompletableFuture$Completion.run(CompletableFuture.java:482) ~[?:?]
	at net.minecraft.class_4014.method_18365(class_4014.java:69) ~[server-intermediary.jar:?]
	at net.minecraft.class_156.method_43498(class_156.java:950) ~[server-intermediary.jar:?]
	at net.minecraft.class_156.method_43499(class_156.java:938) ~[server-intermediary.jar:?]
	at net.minecraft.server.Main.main(Main.java:160) ~[server-intermediary.jar:?]
	at net.fabricmc.loader.impl.game.minecraft.MinecraftGameProvider.launch(MinecraftGameProvider.java:514) ~[fabric-loader-0.18.2.jar:?]
	at net.fabricmc.loader.impl.launch.knot.Knot.launch(Knot.java:72) ~[fabric-loader-0.18.2.jar:?]
	at net.fabricmc.loader.impl.launch.knot.KnotServer.main(KnotServer.java:23) ~[fabric-loader-0.18.2.jar:?]
	at net.fabricmc.loader.impl.launch.server.FabricServerLauncher.main(FabricServerLauncher.java:69) ~[fabric-loader-0.18.2.jar:?]
	at net.fabricmc.installer.ServerLauncher.main(ServerLauncher.java:69) ~[fabric-server-launch.jar:1.0.1]
[05:11:30] [main/ERROR]: Parsing error loading recipe mythiclib:netherite_to_jade_axe_smithing
com.google.gson.JsonSyntaxException: Unknown item 'mythicupgrades:netherite_axe'
	at net.minecraft.class_1869.method_17878(class_1869.java:272) ~[server-intermediary.jar:?]
	at java.util.Optional.orElseThrow(Optional.java:403) ~[?:?]
	at net.minecraft.class_1869.method_8155(class_1869.java:272) ~[server-intermediary.jar:?]
	at net.minecraft.class_1856.method_8107(class_1856.java:160) ~[server-intermediary.jar:?]
	at net.minecraft.class_1856.method_8102(class_1856.java:143) ~[server-intermediary.jar:?]
	at net.minecraft.class_1856.method_52177(class_1856.java:135) ~[server-intermediary.jar:?]
	at net.minecraft.class_8060$class_8061.method_48455(class_8060.java:88) ~[server-intermediary.jar:?]
	at net.minecraft.class_8060$class_8061.method_8121(class_8060.java:84) ~[server-intermediary.jar:?]
	at net.minecraft.class_1863.method_17720(class_1863.java:135) ~[server-intermediary.jar:?]
	at net.minecraft.class_1863.method_20705(class_1863.java:56) ~[server-intermediary.jar:?]
	at net.minecraft.class_1863.method_18788(class_1863.java:35) ~[server-intermediary.jar:?]
	at net.minecraft.class_4080.method_18790(class_4080.java:13) ~[server-intermediary.jar:?]
	at java.util.concurrent.CompletableFuture$UniAccept.tryFire(CompletableFuture.java:718) ~[?:?]
	at java.util.concurrent.CompletableFuture$Completion.run(CompletableFuture.java:482) ~[?:?]
	at net.minecraft.class_4014.method_18365(class_4014.java:69) ~[server-intermediary.jar:?]
	at net.minecraft.class_156.method_43498(class_156.java:950) ~[server-intermediary.jar:?]
	at net.minecraft.class_156.method_43499(class_156.java:938) ~[server-intermediary.jar:?]
	at net.minecraft.server.Main.main(Main.java:160) ~[server-intermediary.jar:?]
	at net.fabricmc.loader.impl.game.minecraft.MinecraftGameProvider.launch(MinecraftGameProvider.java:514) ~[fabric-loader-0.18.2.jar:?]
	at net.fabricmc.loader.impl.launch.knot.Knot.launch(Knot.java:72) ~[fabric-loader-0.18.2.jar:?]
	at net.fabricmc.loader.impl.launch.knot.KnotServer.main(KnotServer.java:23) ~[fabric-loader-0.18.2.jar:?]
	at net.fabricmc.loader.impl.launch.server.FabricServerLauncher.main(FabricServerLauncher.java:69) ~[fabric-loader-0.18.2.jar:?]
	at net.fabricmc.installer.ServerLauncher.main(ServerLauncher.java:69) ~[fabric-server-launch.jar:1.0.1]
[05:11:30] [main/ERROR]: Parsing error loading recipe dramaticdoors:tall_chipped_sliding_warped_door
com.google.gson.JsonSyntaxException: Unknown item 'chipped:sliding_warped_door'
	at net.minecraft.class_1869.method_17878(class_1869.java:272) ~[server-intermediary.jar:?]
	at java.util.Optional.orElseThrow(Optional.java:403) ~[?:?]
	at net.minecraft.class_1869.method_8155(class_1869.java:272) ~[server-intermediary.jar:?]
	at net.minecraft.class_1856.method_8107(class_1856.java:160) ~[server-intermediary.jar:?]
	at net.minecraft.class_1856.method_8102(class_1856.java:143) ~[server-intermediary.jar:?]
	at net.minecraft.class_1869.method_8157(class_1869.java:252) ~[server-intermediary.jar:?]
	at net.minecraft.class_1869$class_1870.method_8164(class_1869.java:285) ~[server-intermediary.jar:?]
	at net.minecraft.class_1869$class_1870.method_8121(class_1869.java:279) ~[server-intermediary.jar:?]
	at net.minecraft.class_1863.method_17720(class_1863.java:135) ~[server-intermediary.jar:?]
	at net.minecraft.class_1863.method_20705(class_1863.java:56) ~[server-intermediary.jar:?]
	at net.minecraft.class_1863.method_18788(class_1863.java:35) ~[server-intermediary.jar:?]
	at net.minecraft.class_4080.method_18790(class_4080.java:13) ~[server-intermediary.jar:?]
	at java.util.concurrent.CompletableFuture$UniAccept.tryFire(CompletableFuture.java:718) ~[?:?]
	at java.util.concurrent.CompletableFuture$Completion.run(CompletableFuture.java:482) ~[?:?]
	at net.minecraft.class_4014.method_18365(class_4014.java:69) ~[server-intermediary.jar:?]
	at net.minecraft.class_156.method_43498(class_156.java:950) ~[server-intermediary.jar:?]
	at net.minecraft.class_156.method_43499(class_156.java:938) ~[server-intermediary.jar:?]
	at net.minecraft.server.Main.main(Main.java:160) ~[server-intermediary.jar:?]
	at net.fabricmc.loader.impl.game.minecraft.MinecraftGameProvider.launch(MinecraftGameProvider.java:514) ~[fabric-loader-0.18.2.jar:?]
	at net.fabricmc.loader.impl.launch.knot.Knot.launch(Knot.java:72) ~[fabric-loader-0.18.2.jar:?]
	at net.fabricmc.loader.impl.launch.knot.KnotServer.main(KnotServer.java:23) ~[fabric-loader-0.18.2.jar:?]
	at net.fabricmc.loader.impl.launch.server.FabricServerLauncher.main(FabricServerLauncher.java:69) ~[fabric-loader-0.18.2.jar:?]
	at net.fabricmc.installer.ServerLauncher.main(ServerLauncher.java:69) ~[fabric-server-launch.jar:1.0.1]
[05:11:30] [main/ERROR]: Parsing error loading recipe mythiclib:aquamarine_to_netherite_axe_smithing
com.google.gson.JsonSyntaxException: Unknown item 'mythicupgrades:netherite_upgrade_smithing_template'
	at net.minecraft.class_1869.method_17878(class_1869.java:272) ~[server-intermediary.jar:?]
	at java.util.Optional.orElseThrow(Optional.java:403) ~[?:?]
	at net.minecraft.class_1869.method_8155(class_1869.java:272) ~[server-intermediary.jar:?]
	at net.minecraft.class_1856.method_8107(class_1856.java:160) ~[server-intermediary.jar:?]
	at net.minecraft.class_1856.method_8102(class_1856.java:143) ~[server-intermediary.jar:?]
	at net.minecraft.class_1856.method_52177(class_1856.java:135) ~[server-intermediary.jar:?]
	at net.minecraft.class_8060$class_8061.method_48455(class_8060.java:87) ~[server-intermediary.jar:?]
	at net.minecraft.class_8060$class_8061.method_8121(class_8060.java:84) ~[server-intermediary.jar:?]
	at net.minecraft.class_1863.method_17720(class_1863.java:135) ~[server-intermediary.jar:?]
	at net.minecraft.class_1863.method_20705(class_1863.java:56) ~[server-intermediary.jar:?]
	at net.minecraft.class_1863.method_18788(class_1863.java:35) ~[server-intermediary.jar:?]
	at net.minecraft.class_4080.method_18790(class_4080.java:13) ~[server-intermediary.jar:?]
	at java.util.concurrent.CompletableFuture$UniAccept.tryFire(CompletableFuture.java:718) ~[?:?]
	at java.util.concurrent.CompletableFuture$Completion.run(CompletableFuture.java:482) ~[?:?]
	at net.minecraft.class_4014.method_18365(class_4014.java:69) ~[server-intermediary.jar:?]
	at net.minecraft.class_156.method_43498(class_156.java:950) ~[server-intermediary.jar:?]
	at net.minecraft.class_156.method_43499(class_156.java:938) ~[server-intermediary.jar:?]
	at net.minecraft.server.Main.main(Main.java:160) ~[server-intermediary.jar:?]
	at net.fabricmc.loader.impl.game.minecraft.MinecraftGameProvider.launch(MinecraftGameProvider.java:514) ~[fabric-loader-0.18.2.jar:?]
	at net.fabricmc.loader.impl.launch.knot.Knot.launch(Knot.java:72) ~[fabric-loader-0.18.2.jar:?]
	at net.fabricmc.loader.impl.launch.knot.KnotServer.main(KnotServer.java:23) ~[fabric-loader-0.18.2.jar:?]
	at net.fabricmc.loader.impl.launch.server.FabricServerLauncher.main(FabricServerLauncher.java:69) ~[fabric-loader-0.18.2.jar:?]
	at net.fabricmc.installer.ServerLauncher.main(ServerLauncher.java:69) ~[fabric-server-launch.jar:1.0.1]
[05:11:30] [main/ERROR]: Parsing error loading recipe mythiclib:netherite_to_ametrine_chestplate_smithing
com.google.gson.JsonSyntaxException: Unknown item 'mythicupgrades:netherite_chestplate'
	at net.minecraft.class_1869.method_17878(class_1869.java:272) ~[server-intermediary.jar:?]
	at java.util.Optional.orElseThrow(Optional.java:403) ~[?:?]
	at net.minecraft.class_1869.method_8155(class_1869.java:272) ~[server-intermediary.jar:?]
	at net.minecraft.class_1856.method_8107(class_1856.java:160) ~[server-intermediary.jar:?]
	at net.minecraft.class_1856.method_8102(class_1856.java:143) ~[server-intermediary.jar:?]
	at net.minecraft.class_1856.method_52177(class_1856.java:135) ~[server-intermediary.jar:?]
	at net.minecraft.class_8060$class_8061.method_48455(class_8060.java:88) ~[server-intermediary.jar:?]
	at net.minecraft.class_8060$class_8061.method_8121(class_8060.java:84) ~[server-intermediary.jar:?]
	at net.minecraft.class_1863.method_17720(class_1863.java:135) ~[server-intermediary.jar:?]
	at net.minecraft.class_1863.method_20705(class_1863.java:56) ~[server-intermediary.jar:?]
	at net.minecraft.class_1863.method_18788(class_1863.java:35) ~[server-intermediary.jar:?]
	at net.minecraft.class_4080.method_18790(class_4080.java:13) ~[server-intermediary.jar:?]
	at java.util.concurrent.CompletableFuture$UniAccept.tryFire(CompletableFuture.java:718) ~[?:?]
	at java.util.concurrent.CompletableFuture$Completion.run(CompletableFuture.java:482) ~[?:?]
	at net.minecraft.class_4014.method_18365(class_4014.java:69) ~[server-intermediary.jar:?]
	at net.minecraft.class_156.method_43498(class_156.java:950) ~[server-intermediary.jar:?]
	at net.minecraft.class_156.method_43499(class_156.java:938) ~[server-intermediary.jar:?]
	at net.minecraft.server.Main.main(Main.java:160) ~[server-intermediary.jar:?]
	at net.fabricmc.loader.impl.game.minecraft.MinecraftGameProvider.launch(MinecraftGameProvider.java:514) ~[fabric-loader-0.18.2.jar:?]
	at net.fabricmc.loader.impl.launch.knot.Knot.launch(Knot.java:72) ~[fabric-loader-0.18.2.jar:?]
	at net.fabricmc.loader.impl.launch.knot.KnotServer.main(KnotServer.java:23) ~[fabric-loader-0.18.2.jar:?]
	at net.fabricmc.loader.impl.launch.server.FabricServerLauncher.main(FabricServerLauncher.java:69) ~[fabric-loader-0.18.2.jar:?]
	at net.fabricmc.installer.ServerLauncher.main(ServerLauncher.java:69) ~[fabric-server-launch.jar:1.0.1]
[05:11:30] [main/ERROR]: Parsing error loading recipe mythiclib:netherite_to_topaz_boots_smithing
com.google.gson.JsonSyntaxException: Unknown item 'mythicupgrades:netherite_boots'
	at net.minecraft.class_1869.method_17878(class_1869.java:272) ~[server-intermediary.jar:?]
	at java.util.Optional.orElseThrow(Optional.java:403) ~[?:?]
	at net.minecraft.class_1869.method_8155(class_1869.java:272) ~[server-intermediary.jar:?]
	at net.minecraft.class_1856.method_8107(class_1856.java:160) ~[server-intermediary.jar:?]
	at net.minecraft.class_1856.method_8102(class_1856.java:143) ~[server-intermediary.jar:?]
	at net.minecraft.class_1856.method_52177(class_1856.java:135) ~[server-intermediary.jar:?]
	at net.minecraft.class_8060$class_8061.method_48455(class_8060.java:88) ~[server-intermediary.jar:?]
	at net.minecraft.class_8060$class_8061.method_8121(class_8060.java:84) ~[server-intermediary.jar:?]
	at net.minecraft.class_1863.method_17720(class_1863.java:135) ~[server-intermediary.jar:?]
	at net.minecraft.class_1863.method_20705(class_1863.java:56) ~[server-intermediary.jar:?]
	at net.minecraft.class_1863.method_18788(class_1863.java:35) ~[server-intermediary.jar:?]
	at net.minecraft.class_4080.method_18790(class_4080.java:13) ~[server-intermediary.jar:?]
	at java.util.concurrent.CompletableFuture$UniAccept.tryFire(CompletableFuture.java:718) ~[?:?]
	at java.util.concurrent.CompletableFuture$Completion.run(CompletableFuture.java:482) ~[?:?]
	at net.minecraft.class_4014.method_18365(class_4014.java:69) ~[server-intermediary.jar:?]
	at net.minecraft.class_156.method_43498(class_156.java:950) ~[server-intermediary.jar:?]
	at net.minecraft.class_156.method_43499(class_156.java:938) ~[server-intermediary.jar:?]
	at net.minecraft.server.Main.main(Main.java:160) ~[server-intermediary.jar:?]
	at net.fabricmc.loader.impl.game.minecraft.MinecraftGameProvider.launch(MinecraftGameProvider.java:514) ~[fabric-loader-0.18.2.jar:?]
	at net.fabricmc.loader.impl.launch.knot.Knot.launch(Knot.java:72) ~[fabric-loader-0.18.2.jar:?]
	at net.fabricmc.loader.impl.launch.knot.KnotServer.main(KnotServer.java:23) ~[fabric-loader-0.18.2.jar:?]
	at net.fabricmc.loader.impl.launch.server.FabricServerLauncher.main(FabricServerLauncher.java:69) ~[fabric-loader-0.18.2.jar:?]
	at net.fabricmc.installer.ServerLauncher.main(ServerLauncher.java:69) ~[fabric-server-launch.jar:1.0.1]
[05:11:30] [main/ERROR]: Parsing error loading recipe mythiclib:netherite_to_jade_chestplate_smithing
com.google.gson.JsonSyntaxException: Unknown item 'mythicupgrades:netherite_chestplate'
	at net.minecraft.class_1869.method_17878(class_1869.java:272) ~[server-intermediary.jar:?]
	at java.util.Optional.orElseThrow(Optional.java:403) ~[?:?]
	at net.minecraft.class_1869.method_8155(class_1869.java:272) ~[server-intermediary.jar:?]
	at net.minecraft.class_1856.method_8107(class_1856.java:160) ~[server-intermediary.jar:?]
	at net.minecraft.class_1856.method_8102(class_1856.java:143) ~[server-intermediary.jar:?]
	at net.minecraft.class_1856.method_52177(class_1856.java:135) ~[server-intermediary.jar:?]
	at net.minecraft.class_8060$class_8061.method_48455(class_8060.java:88) ~[server-intermediary.jar:?]
	at net.minecraft.class_8060$class_8061.method_8121(class_8060.java:84) ~[server-intermediary.jar:?]
	at net.minecraft.class_1863.method_17720(class_1863.java:135) ~[server-intermediary.jar:?]
	at net.minecraft.class_1863.method_20705(class_1863.java:56) ~[server-intermediary.jar:?]
	at net.minecraft.class_1863.method_18788(class_1863.java:35) ~[server-intermediary.jar:?]
	at net.minecraft.class_4080.method_18790(class_4080.java:13) ~[server-intermediary.jar:?]
	at java.util.concurrent.CompletableFuture$UniAccept.tryFire(CompletableFuture.java:718) ~[?:?]
	at java.util.concurrent.CompletableFuture$Completion.run(CompletableFuture.java:482) ~[?:?]
	at net.minecraft.class_4014.method_18365(class_4014.java:69) ~[server-intermediary.jar:?]
	at net.minecraft.class_156.method_43498(class_156.java:950) ~[server-intermediary.jar:?]
	at net.minecraft.class_156.method_43499(class_156.java:938) ~[server-intermediary.jar:?]
	at net.minecraft.server.Main.main(Main.java:160) ~[server-intermediary.jar:?]
	at net.fabricmc.loader.impl.game.minecraft.MinecraftGameProvider.launch(MinecraftGameProvider.java:514) ~[fabric-loader-0.18.2.jar:?]
	at net.fabricmc.loader.impl.launch.knot.Knot.launch(Knot.java:72) ~[fabric-loader-0.18.2.jar:?]
	at net.fabricmc.loader.impl.launch.knot.KnotServer.main(KnotServer.java:23) ~[fabric-loader-0.18.2.jar:?]
	at net.fabricmc.loader.impl.launch.server.FabricServerLauncher.main(FabricServerLauncher.java:69) ~[fabric-loader-0.18.2.jar:?]
	at net.fabricmc.installer.ServerLauncher.main(ServerLauncher.java:69) ~[fabric-server-launch.jar:1.0.1]
[05:11:30] [main/ERROR]: Parsing error loading recipe mythiclib:netherite_to_aquamarine_boots_smithing
com.google.gson.JsonSyntaxException: Unknown item 'mythicupgrades:netherite_boots'
	at net.minecraft.class_1869.method_17878(class_1869.java:272) ~[server-intermediary.jar:?]
	at java.util.Optional.orElseThrow(Optional.java:403) ~[?:?]
	at net.minecraft.class_1869.method_8155(class_1869.java:272) ~[server-intermediary.jar:?]
	at net.minecraft.class_1856.method_8107(class_1856.java:160) ~[server-intermediary.jar:?]
	at net.minecraft.class_1856.method_8102(class_1856.java:143) ~[server-intermediary.jar:?]
	at net.minecraft.class_1856.method_52177(class_1856.java:135) ~[server-intermediary.jar:?]
	at net.minecraft.class_8060$class_8061.method_48455(class_8060.java:88) ~[server-intermediary.jar:?]
	at net.minecraft.class_8060$class_8061.method_8121(class_8060.java:84) ~[server-intermediary.jar:?]
	at net.minecraft.class_1863.method_17720(class_1863.java:135) ~[server-intermediary.jar:?]
	at net.minecraft.class_1863.method_20705(class_1863.java:56) ~[server-intermediary.jar:?]
	at net.minecraft.class_1863.method_18788(class_1863.java:35) ~[server-intermediary.jar:?]
	at net.minecraft.class_4080.method_18790(class_4080.java:13) ~[server-intermediary.jar:?]
	at java.util.concurrent.CompletableFuture$UniAccept.tryFire(CompletableFuture.java:718) ~[?:?]
	at java.util.concurrent.CompletableFuture$Completion.run(CompletableFuture.java:482) ~[?:?]
	at net.minecraft.class_4014.method_18365(class_4014.java:69) ~[server-intermediary.jar:?]
	at net.minecraft.class_156.method_43498(class_156.java:950) ~[server-intermediary.jar:?]
	at net.minecraft.class_156.method_43499(class_156.java:938) ~[server-intermediary.jar:?]
	at net.minecraft.server.Main.main(Main.java:160) ~[server-intermediary.jar:?]
	at net.fabricmc.loader.impl.game.minecraft.MinecraftGameProvider.launch(MinecraftGameProvider.java:514) ~[fabric-loader-0.18.2.jar:?]
	at net.fabricmc.loader.impl.launch.knot.Knot.launch(Knot.java:72) ~[fabric-loader-0.18.2.jar:?]
	at net.fabricmc.loader.impl.launch.knot.KnotServer.main(KnotServer.java:23) ~[fabric-loader-0.18.2.jar:?]
	at net.fabricmc.loader.impl.launch.server.FabricServerLauncher.main(FabricServerLauncher.java:69) ~[fabric-loader-0.18.2.jar:?]
	at net.fabricmc.installer.ServerLauncher.main(ServerLauncher.java:69) ~[fabric-server-launch.jar:1.0.1]
[05:11:30] [main/ERROR]: Parsing error loading recipe mythiclib:netherite_to_sapphire_leggings_smithing
com.google.gson.JsonSyntaxException: Unknown item 'mythicupgrades:netherite_leggings'
	at net.minecraft.class_1869.method_17878(class_1869.java:272) ~[server-intermediary.jar:?]
	at java.util.Optional.orElseThrow(Optional.java:403) ~[?:?]
	at net.minecraft.class_1869.method_8155(class_1869.java:272) ~[server-intermediary.jar:?]
	at net.minecraft.class_1856.method_8107(class_1856.java:160) ~[server-intermediary.jar:?]
	at net.minecraft.class_1856.method_8102(class_1856.java:143) ~[server-intermediary.jar:?]
	at net.minecraft.class_1856.method_52177(class_1856.java:135) ~[server-intermediary.jar:?]
	at net.minecraft.class_8060$class_8061.method_48455(class_8060.java:88) ~[server-intermediary.jar:?]
	at net.minecraft.class_8060$class_8061.method_8121(class_8060.java:84) ~[server-intermediary.jar:?]
	at net.minecraft.class_1863.method_17720(class_1863.java:135) ~[server-intermediary.jar:?]
	at net.minecraft.class_1863.method_20705(class_1863.java:56) ~[server-intermediary.jar:?]
	at net.minecraft.class_1863.method_18788(class_1863.java:35) ~[server-intermediary.jar:?]
	at net.minecraft.class_4080.method_18790(class_4080.java:13) ~[server-intermediary.jar:?]
	at java.util.concurrent.CompletableFuture$UniAccept.tryFire(CompletableFuture.java:718) ~[?:?]
	at java.util.concurrent.CompletableFuture$Completion.run(CompletableFuture.java:482) ~[?:?]
	at net.minecraft.class_4014.method_18365(class_4014.java:69) ~[server-intermediary.jar:?]
	at net.minecraft.class_156.method_43498(class_156.java:950) ~[server-intermediary.jar:?]
	at net.minecraft.class_156.method_43499(class_156.java:938) ~[server-intermediary.jar:?]
	at net.minecraft.server.Main.main(Main.java:160) ~[server-intermediary.jar:?]
	at net.fabricmc.loader.impl.game.minecraft.MinecraftGameProvider.launch(MinecraftGameProvider.java:514) ~[fabric-loader-0.18.2.jar:?]
	at net.fabricmc.loader.impl.launch.knot.Knot.launch(Knot.java:72) ~[fabric-loader-0.18.2.jar:?]
	at net.fabricmc.loader.impl.launch.knot.KnotServer.main(KnotServer.java:23) ~[fabric-loader-0.18.2.jar:?]
	at net.fabricmc.loader.impl.launch.server.FabricServerLauncher.main(FabricServerLauncher.java:69) ~[fabric-loader-0.18.2.jar:?]
	at net.fabricmc.installer.ServerLauncher.main(ServerLauncher.java:69) ~[fabric-server-launch.jar:1.0.1]
[05:11:30] [main/ERROR]: Parsing error loading recipe mythiclib:jade_to_netherite_shovel_smithing
com.google.gson.JsonSyntaxException: Unknown item 'mythicupgrades:netherite_upgrade_smithing_template'
	at net.minecraft.class_1869.method_17878(class_1869.java:272) ~[server-intermediary.jar:?]
	at java.util.Optional.orElseThrow(Optional.java:403) ~[?:?]
	at net.minecraft.class_1869.method_8155(class_1869.java:272) ~[server-intermediary.jar:?]
	at net.minecraft.class_1856.method_8107(class_1856.java:160) ~[server-intermediary.jar:?]
	at net.minecraft.class_1856.method_8102(class_1856.java:143) ~[server-intermediary.jar:?]
	at net.minecraft.class_1856.method_52177(class_1856.java:135) ~[server-intermediary.jar:?]
	at net.minecraft.class_8060$class_8061.method_48455(class_8060.java:87) ~[server-intermediary.jar:?]
	at net.minecraft.class_8060$class_8061.method_8121(class_8060.java:84) ~[server-intermediary.jar:?]
	at net.minecraft.class_1863.method_17720(class_1863.java:135) ~[server-intermediary.jar:?]
	at net.minecraft.class_1863.method_20705(class_1863.java:56) ~[server-intermediary.jar:?]
	at net.minecraft.class_1863.method_18788(class_1863.java:35) ~[server-intermediary.jar:?]
	at net.minecraft.class_4080.method_18790(class_4080.java:13) ~[server-intermediary.jar:?]
	at java.util.concurrent.CompletableFuture$UniAccept.tryFire(CompletableFuture.java:718) ~[?:?]
	at java.util.concurrent.CompletableFuture$Completion.run(CompletableFuture.java:482) ~[?:?]
	at net.minecraft.class_4014.method_18365(class_4014.java:69) ~[server-intermediary.jar:?]
	at net.minecraft.class_156.method_43498(class_156.java:950) ~[server-intermediary.jar:?]
	at net.minecraft.class_156.method_43499(class_156.java:938) ~[server-intermediary.jar:?]
	at net.minecraft.server.Main.main(Main.java:160) ~[server-intermediary.jar:?]
	at net.fabricmc.loader.impl.game.minecraft.MinecraftGameProvider.launch(MinecraftGameProvider.java:514) ~[fabric-loader-0.18.2.jar:?]
	at net.fabricmc.loader.impl.launch.knot.Knot.launch(Knot.java:72) ~[fabric-loader-0.18.2.jar:?]
	at net.fabricmc.loader.impl.launch.knot.KnotServer.main(KnotServer.java:23) ~[fabric-loader-0.18.2.jar:?]
	at net.fabricmc.loader.impl.launch.server.FabricServerLauncher.main(FabricServerLauncher.java:69) ~[fabric-loader-0.18.2.jar:?]
	at net.fabricmc.installer.ServerLauncher.main(ServerLauncher.java:69) ~[fabric-server-launch.jar:1.0.1]
[05:11:30] [main/ERROR]: Parsing error loading recipe spellbladenext:eviscerateoil
com.google.gson.JsonSyntaxException: Unknown item 'spellbladenext:spelloil'
	at net.minecraft.class_1869.method_17878(class_1869.java:272) ~[server-intermediary.jar:?]
	at java.util.Optional.orElseThrow(Optional.java:403) ~[?:?]
	at net.minecraft.class_1869.method_8155(class_1869.java:272) ~[server-intermediary.jar:?]
	at net.minecraft.class_1856.method_8107(class_1856.java:160) ~[server-intermediary.jar:?]
	at net.minecraft.class_1856.method_8102(class_1856.java:143) ~[server-intermediary.jar:?]
	at net.minecraft.class_1856.method_52177(class_1856.java:135) ~[server-intermediary.jar:?]
	at net.minecraft.class_8060$class_8061.method_48455(class_8060.java:88) ~[server-intermediary.jar:?]
	at net.minecraft.class_8060$class_8061.method_8121(class_8060.java:84) ~[server-intermediary.jar:?]
	at net.minecraft.class_1863.method_17720(class_1863.java:135) ~[server-intermediary.jar:?]
	at net.minecraft.class_1863.method_20705(class_1863.java:56) ~[server-intermediary.jar:?]
	at net.minecraft.class_1863.method_18788(class_1863.java:35) ~[server-intermediary.jar:?]
	at net.minecraft.class_4080.method_18790(class_4080.java:13) ~[server-intermediary.jar:?]
	at java.util.concurrent.CompletableFuture$UniAccept.tryFire(CompletableFuture.java:718) ~[?:?]
	at java.util.concurrent.CompletableFuture$Completion.run(CompletableFuture.java:482) ~[?:?]
	at net.minecraft.class_4014.method_18365(class_4014.java:69) ~[server-intermediary.jar:?]
	at net.minecraft.class_156.method_43498(class_156.java:950) ~[server-intermediary.jar:?]
	at net.minecraft.class_156.method_43499(class_156.java:938) ~[server-intermediary.jar:?]
	at net.minecraft.server.Main.main(Main.java:160) ~[server-intermediary.jar:?]
	at net.fabricmc.loader.impl.game.minecraft.MinecraftGameProvider.launch(MinecraftGameProvider.java:514) ~[fabric-loader-0.18.2.jar:?]
	at net.fabricmc.loader.impl.launch.knot.Knot.launch(Knot.java:72) ~[fabric-loader-0.18.2.jar:?]
	at net.fabricmc.loader.impl.launch.knot.KnotServer.main(KnotServer.java:23) ~[fabric-loader-0.18.2.jar:?]
	at net.fabricmc.loader.impl.launch.server.FabricServerLauncher.main(FabricServerLauncher.java:69) ~[fabric-loader-0.18.2.jar:?]
	at net.fabricmc.installer.ServerLauncher.main(ServerLauncher.java:69) ~[fabric-server-launch.jar:1.0.1]
[05:11:30] [main/ERROR]: Parsing error loading recipe mythiclib:ruby_to_netherite_shovel_smithing
com.google.gson.JsonSyntaxException: Unknown item 'mythicupgrades:netherite_upgrade_smithing_template'
	at net.minecraft.class_1869.method_17878(class_1869.java:272) ~[server-intermediary.jar:?]
	at java.util.Optional.orElseThrow(Optional.java:403) ~[?:?]
	at net.minecraft.class_1869.method_8155(class_1869.java:272) ~[server-intermediary.jar:?]
	at net.minecraft.class_1856.method_8107(class_1856.java:160) ~[server-intermediary.jar:?]
	at net.minecraft.class_1856.method_8102(class_1856.java:143) ~[server-intermediary.jar:?]
	at net.minecraft.class_1856.method_52177(class_1856.java:135) ~[server-intermediary.jar:?]
	at net.minecraft.class_8060$class_8061.method_48455(class_8060.java:87) ~[server-intermediary.jar:?]
	at net.minecraft.class_8060$class_8061.method_8121(class_8060.java:84) ~[server-intermediary.jar:?]
	at net.minecraft.class_1863.method_17720(class_1863.java:135) ~[server-intermediary.jar:?]
	at net.minecraft.class_1863.method_20705(class_1863.java:56) ~[server-intermediary.jar:?]
	at net.minecraft.class_1863.method_18788(class_1863.java:35) ~[server-intermediary.jar:?]
	at net.minecraft.class_4080.method_18790(class_4080.java:13) ~[server-intermediary.jar:?]
	at java.util.concurrent.CompletableFuture$UniAccept.tryFire(CompletableFuture.java:718) ~[?:?]
	at java.util.concurrent.CompletableFuture$Completion.run(CompletableFuture.java:482) ~[?:?]
	at net.minecraft.class_4014.method_18365(class_4014.java:69) ~[server-intermediary.jar:?]
	at net.minecraft.class_156.method_43498(class_156.java:950) ~[server-intermediary.jar:?]
	at net.minecraft.class_156.method_43499(class_156.java:938) ~[server-intermediary.jar:?]
	at net.minecraft.server.Main.main(Main.java:160) ~[server-intermediary.jar:?]
	at net.fabricmc.loader.impl.game.minecraft.MinecraftGameProvider.launch(MinecraftGameProvider.java:514) ~[fabric-loader-0.18.2.jar:?]
	at net.fabricmc.loader.impl.launch.knot.Knot.launch(Knot.java:72) ~[fabric-loader-0.18.2.jar:?]
	at net.fabricmc.loader.impl.launch.knot.KnotServer.main(KnotServer.java:23) ~[fabric-loader-0.18.2.jar:?]
	at net.fabricmc.loader.impl.launch.server.FabricServerLauncher.main(FabricServerLauncher.java:69) ~[fabric-loader-0.18.2.jar:?]
	at net.fabricmc.installer.ServerLauncher.main(ServerLauncher.java:69) ~[fabric-server-launch.jar:1.0.1]
[05:11:30] [main/ERROR]: Parsing error loading recipe mythiclib:netherite_to_topaz_chestplate_smithing
com.google.gson.JsonSyntaxException: Unknown item 'mythicupgrades:netherite_chestplate'
	at net.minecraft.class_1869.method_17878(class_1869.java:272) ~[server-intermediary.jar:?]
	at java.util.Optional.orElseThrow(Optional.java:403) ~[?:?]
	at net.minecraft.class_1869.method_8155(class_1869.java:272) ~[server-intermediary.jar:?]
	at net.minecraft.class_1856.method_8107(class_1856.java:160) ~[server-intermediary.jar:?]
	at net.minecraft.class_1856.method_8102(class_1856.java:143) ~[server-intermediary.jar:?]
	at net.minecraft.class_1856.method_52177(class_1856.java:135) ~[server-intermediary.jar:?]
	at net.minecraft.class_8060$class_8061.method_48455(class_8060.java:88) ~[server-intermediary.jar:?]
	at net.minecraft.class_8060$class_8061.method_8121(class_8060.java:84) ~[server-intermediary.jar:?]
	at net.minecraft.class_1863.method_17720(class_1863.java:135) ~[server-intermediary.jar:?]
	at net.minecraft.class_1863.method_20705(class_1863.java:56) ~[server-intermediary.jar:?]
	at net.minecraft.class_1863.method_18788(class_1863.java:35) ~[server-intermediary.jar:?]
	at net.minecraft.class_4080.method_18790(class_4080.java:13) ~[server-intermediary.jar:?]
	at java.util.concurrent.CompletableFuture$UniAccept.tryFire(CompletableFuture.java:718) ~[?:?]
	at java.util.concurrent.CompletableFuture$Completion.run(CompletableFuture.java:482) ~[?:?]
	at net.minecraft.class_4014.method_18365(class_4014.java:69) ~[server-intermediary.jar:?]
	at net.minecraft.class_156.method_43498(class_156.java:950) ~[server-intermediary.jar:?]
	at net.minecraft.class_156.method_43499(class_156.java:938) ~[server-intermediary.jar:?]
	at net.minecraft.server.Main.main(Main.java:160) ~[server-intermediary.jar:?]
	at net.fabricmc.loader.impl.game.minecraft.MinecraftGameProvider.launch(MinecraftGameProvider.java:514) ~[fabric-loader-0.18.2.jar:?]
	at net.fabricmc.loader.impl.launch.knot.Knot.launch(Knot.java:72) ~[fabric-loader-0.18.2.jar:?]
	at net.fabricmc.loader.impl.launch.knot.KnotServer.main(KnotServer.java:23) ~[fabric-loader-0.18.2.jar:?]
	at net.fabricmc.loader.impl.launch.server.FabricServerLauncher.main(FabricServerLauncher.java:69) ~[fabric-loader-0.18.2.jar:?]
	at net.fabricmc.installer.ServerLauncher.main(ServerLauncher.java:69) ~[fabric-server-launch.jar:1.0.1]
[05:11:30] [main/ERROR]: Parsing error loading recipe mythiclib:netherite_to_peridot_chestplate_smithing
com.google.gson.JsonSyntaxException: Unknown item 'mythicupgrades:netherite_chestplate'
	at net.minecraft.class_1869.method_17878(class_1869.java:272) ~[server-intermediary.jar:?]
	at java.util.Optional.orElseThrow(Optional.java:403) ~[?:?]
	at net.minecraft.class_1869.method_8155(class_1869.java:272) ~[server-intermediary.jar:?]
	at net.minecraft.class_1856.method_8107(class_1856.java:160) ~[server-intermediary.jar:?]
	at net.minecraft.class_1856.method_8102(class_1856.java:143) ~[server-intermediary.jar:?]
	at net.minecraft.class_1856.method_52177(class_1856.java:135) ~[server-intermediary.jar:?]
	at net.minecraft.class_8060$class_8061.method_48455(class_8060.java:88) ~[server-intermediary.jar:?]
	at net.minecraft.class_8060$class_8061.method_8121(class_8060.java:84) ~[server-intermediary.jar:?]
	at net.minecraft.class_1863.method_17720(class_1863.java:135) ~[server-intermediary.jar:?]
	at net.minecraft.class_1863.method_20705(class_1863.java:56) ~[server-intermediary.jar:?]
	at net.minecraft.class_1863.method_18788(class_1863.java:35) ~[server-intermediary.jar:?]
	at net.minecraft.class_4080.method_18790(class_4080.java:13) ~[server-intermediary.jar:?]
	at java.util.concurrent.CompletableFuture$UniAccept.tryFire(CompletableFuture.java:718) ~[?:?]
	at java.util.concurrent.CompletableFuture$Completion.run(CompletableFuture.java:482) ~[?:?]
	at net.minecraft.class_4014.method_18365(class_4014.java:69) ~[server-intermediary.jar:?]
	at net.minecraft.class_156.method_43498(class_156.java:950) ~[server-intermediary.jar:?]
	at net.minecraft.class_156.method_43499(class_156.java:938) ~[server-intermediary.jar:?]
	at net.minecraft.server.Main.main(Main.java:160) ~[server-intermediary.jar:?]
	at net.fabricmc.loader.impl.game.minecraft.MinecraftGameProvider.launch(MinecraftGameProvider.java:514) ~[fabric-loader-0.18.2.jar:?]
	at net.fabricmc.loader.impl.launch.knot.Knot.launch(Knot.java:72) ~[fabric-loader-0.18.2.jar:?]
	at net.fabricmc.loader.impl.launch.knot.KnotServer.main(KnotServer.java:23) ~[fabric-loader-0.18.2.jar:?]
	at net.fabricmc.loader.impl.launch.server.FabricServerLauncher.main(FabricServerLauncher.java:69) ~[fabric-loader-0.18.2.jar:?]
	at net.fabricmc.installer.ServerLauncher.main(ServerLauncher.java:69) ~[fabric-server-launch.jar:1.0.1]
[05:11:30] [main/ERROR]: Parsing error loading recipe mythiclib:aquamarine_to_netherite_sword_smithing
com.google.gson.JsonSyntaxException: Unknown item 'mythicupgrades:netherite_upgrade_smithing_template'
	at net.minecraft.class_1869.method_17878(class_1869.java:272) ~[server-intermediary.jar:?]
	at java.util.Optional.orElseThrow(Optional.java:403) ~[?:?]
	at net.minecraft.class_1869.method_8155(class_1869.java:272) ~[server-intermediary.jar:?]
	at net.minecraft.class_1856.method_8107(class_1856.java:160) ~[server-intermediary.jar:?]
	at net.minecraft.class_1856.method_8102(class_1856.java:143) ~[server-intermediary.jar:?]
	at net.minecraft.class_1856.method_52177(class_1856.java:135) ~[server-intermediary.jar:?]
	at net.minecraft.class_8060$class_8061.method_48455(class_8060.java:87) ~[server-intermediary.jar:?]
	at net.minecraft.class_8060$class_8061.method_8121(class_8060.java:84) ~[server-intermediary.jar:?]
	at net.minecraft.class_1863.method_17720(class_1863.java:135) ~[server-intermediary.jar:?]
	at net.minecraft.class_1863.method_20705(class_1863.java:56) ~[server-intermediary.jar:?]
	at net.minecraft.class_1863.method_18788(class_1863.java:35) ~[server-intermediary.jar:?]
	at net.minecraft.class_4080.method_18790(class_4080.java:13) ~[server-intermediary.jar:?]
	at java.util.concurrent.CompletableFuture$UniAccept.tryFire(CompletableFuture.java:718) ~[?:?]
	at java.util.concurrent.CompletableFuture$Completion.run(CompletableFuture.java:482) ~[?:?]
	at net.minecraft.class_4014.method_18365(class_4014.java:69) ~[server-intermediary.jar:?]
	at net.minecraft.class_156.method_43498(class_156.java:950) ~[server-intermediary.jar:?]
	at net.minecraft.class_156.method_43499(class_156.java:938) ~[server-intermediary.jar:?]
	at net.minecraft.server.Main.main(Main.java:160) ~[server-intermediary.jar:?]
	at net.fabricmc.loader.impl.game.minecraft.MinecraftGameProvider.launch(MinecraftGameProvider.java:514) ~[fabric-loader-0.18.2.jar:?]
	at net.fabricmc.loader.impl.launch.knot.Knot.launch(Knot.java:72) ~[fabric-loader-0.18.2.jar:?]
	at net.fabricmc.loader.impl.launch.knot.KnotServer.main(KnotServer.java:23) ~[fabric-loader-0.18.2.jar:?]
	at net.fabricmc.loader.impl.launch.server.FabricServerLauncher.main(FabricServerLauncher.java:69) ~[fabric-loader-0.18.2.jar:?]
	at net.fabricmc.installer.ServerLauncher.main(ServerLauncher.java:69) ~[fabric-server-launch.jar:1.0.1]
[05:11:30] [main/ERROR]: Parsing error loading recipe mythiclib:ametrine_to_netherite_axe_smithing
com.google.gson.JsonSyntaxException: Unknown item 'mythicupgrades:netherite_upgrade_smithing_template'
	at net.minecraft.class_1869.method_17878(class_1869.java:272) ~[server-intermediary.jar:?]
	at java.util.Optional.orElseThrow(Optional.java:403) ~[?:?]
	at net.minecraft.class_1869.method_8155(class_1869.java:272) ~[server-intermediary.jar:?]
	at net.minecraft.class_1856.method_8107(class_1856.java:160) ~[server-intermediary.jar:?]
	at net.minecraft.class_1856.method_8102(class_1856.java:143) ~[server-intermediary.jar:?]
	at net.minecraft.class_1856.method_52177(class_1856.java:135) ~[server-intermediary.jar:?]
	at net.minecraft.class_8060$class_8061.method_48455(class_8060.java:87) ~[server-intermediary.jar:?]
	at net.minecraft.class_8060$class_8061.method_8121(class_8060.java:84) ~[server-intermediary.jar:?]
	at net.minecraft.class_1863.method_17720(class_1863.java:135) ~[server-intermediary.jar:?]
	at net.minecraft.class_1863.method_20705(class_1863.java:56) ~[server-intermediary.jar:?]
	at net.minecraft.class_1863.method_18788(class_1863.java:35) ~[server-intermediary.jar:?]
	at net.minecraft.class_4080.method_18790(class_4080.java:13) ~[server-intermediary.jar:?]
	at java.util.concurrent.CompletableFuture$UniAccept.tryFire(CompletableFuture.java:718) ~[?:?]
	at java.util.concurrent.CompletableFuture$Completion.run(CompletableFuture.java:482) ~[?:?]
	at net.minecraft.class_4014.method_18365(class_4014.java:69) ~[server-intermediary.jar:?]
	at net.minecraft.class_156.method_43498(class_156.java:950) ~[server-intermediary.jar:?]
	at net.minecraft.class_156.method_43499(class_156.java:938) ~[server-intermediary.jar:?]
	at net.minecraft.server.Main.main(Main.java:160) ~[server-intermediary.jar:?]
	at net.fabricmc.loader.impl.game.minecraft.MinecraftGameProvider.launch(MinecraftGameProvider.java:514) ~[fabric-loader-0.18.2.jar:?]
	at net.fabricmc.loader.impl.launch.knot.Knot.launch(Knot.java:72) ~[fabric-loader-0.18.2.jar:?]
	at net.fabricmc.loader.impl.launch.knot.KnotServer.main(KnotServer.java:23) ~[fabric-loader-0.18.2.jar:?]
	at net.fabricmc.loader.impl.launch.server.FabricServerLauncher.main(FabricServerLauncher.java:69) ~[fabric-loader-0.18.2.jar:?]
	at net.fabricmc.installer.ServerLauncher.main(ServerLauncher.java:69) ~[fabric-server-launch.jar:1.0.1]
[05:11:30] [main/ERROR]: Parsing error loading recipe triqueapi:warden_axe_smithing_universal
com.google.gson.JsonSyntaxException: Unknown item 'wardentools:echo_ingot'
	at net.minecraft.class_1869.method_17878(class_1869.java:272) ~[server-intermediary.jar:?]
	at java.util.Optional.orElseThrow(Optional.java:403) ~[?:?]
	at net.minecraft.class_1869.method_8155(class_1869.java:272) ~[server-intermediary.jar:?]
	at net.minecraft.class_1856.method_8107(class_1856.java:160) ~[server-intermediary.jar:?]
	at net.minecraft.class_1856.method_8102(class_1856.java:143) ~[server-intermediary.jar:?]
	at net.minecraft.class_1856.method_52177(class_1856.java:135) ~[server-intermediary.jar:?]
	at net.minecraft.class_8060$class_8061.method_48455(class_8060.java:89) ~[server-intermediary.jar:?]
	at net.minecraft.class_8060$class_8061.method_8121(class_8060.java:84) ~[server-intermediary.jar:?]
	at net.minecraft.class_1863.method_17720(class_1863.java:135) ~[server-intermediary.jar:?]
	at net.minecraft.class_1863.method_20705(class_1863.java:56) ~[server-intermediary.jar:?]
	at net.minecraft.class_1863.method_18788(class_1863.java:35) ~[server-intermediary.jar:?]
	at net.minecraft.class_4080.method_18790(class_4080.java:13) ~[server-intermediary.jar:?]
	at java.util.concurrent.CompletableFuture$UniAccept.tryFire(CompletableFuture.java:718) ~[?:?]
	at java.util.concurrent.CompletableFuture$Completion.run(CompletableFuture.java:482) ~[?:?]
	at net.minecraft.class_4014.method_18365(class_4014.java:69) ~[server-intermediary.jar:?]
	at net.minecraft.class_156.method_43498(class_156.java:950) ~[server-intermediary.jar:?]
	at net.minecraft.class_156.method_43499(class_156.java:938) ~[server-intermediary.jar:?]
	at net.minecraft.server.Main.main(Main.java:160) ~[server-intermediary.jar:?]
	at net.fabricmc.loader.impl.game.minecraft.MinecraftGameProvider.launch(MinecraftGameProvider.java:514) ~[fabric-loader-0.18.2.jar:?]
	at net.fabricmc.loader.impl.launch.knot.Knot.launch(Knot.java:72) ~[fabric-loader-0.18.2.jar:?]
	at net.fabricmc.loader.impl.launch.knot.KnotServer.main(KnotServer.java:23) ~[fabric-loader-0.18.2.jar:?]
	at net.fabricmc.loader.impl.launch.server.FabricServerLauncher.main(FabricServerLauncher.java:69) ~[fabric-loader-0.18.2.jar:?]
	at net.fabricmc.installer.ServerLauncher.main(ServerLauncher.java:69) ~[fabric-server-launch.jar:1.0.1]
[05:11:30] [main/ERROR]: Parsing error loading recipe mythiclib:netherite_to_jade_sword_smithing
com.google.gson.JsonSyntaxException: Unknown item 'mythicupgrades:netherite_sword'
	at net.minecraft.class_1869.method_17878(class_1869.java:272) ~[server-intermediary.jar:?]
	at java.util.Optional.orElseThrow(Optional.java:403) ~[?:?]
	at net.minecraft.class_1869.method_8155(class_1869.java:272) ~[server-intermediary.jar:?]
	at net.minecraft.class_1856.method_8107(class_1856.java:160) ~[server-intermediary.jar:?]
	at net.minecraft.class_1856.method_8102(class_1856.java:143) ~[server-intermediary.jar:?]
	at net.minecraft.class_1856.method_52177(class_1856.java:135) ~[server-intermediary.jar:?]
	at net.minecraft.class_8060$class_8061.method_48455(class_8060.java:88) ~[server-intermediary.jar:?]
	at net.minecraft.class_8060$class_8061.method_8121(class_8060.java:84) ~[server-intermediary.jar:?]
	at net.minecraft.class_1863.method_17720(class_1863.java:135) ~[server-intermediary.jar:?]
	at net.minecraft.class_1863.method_20705(class_1863.java:56) ~[server-intermediary.jar:?]
	at net.minecraft.class_1863.method_18788(class_1863.java:35) ~[server-intermediary.jar:?]
	at net.minecraft.class_4080.method_18790(class_4080.java:13) ~[server-intermediary.jar:?]
	at java.util.concurrent.CompletableFuture$UniAccept.tryFire(CompletableFuture.java:718) ~[?:?]
	at java.util.concurrent.CompletableFuture$Completion.run(CompletableFuture.java:482) ~[?:?]
	at net.minecraft.class_4014.method_18365(class_4014.java:69) ~[server-intermediary.jar:?]
	at net.minecraft.class_156.method_43498(class_156.java:950) ~[server-intermediary.jar:?]
	at net.minecraft.class_156.method_43499(class_156.java:938) ~[server-intermediary.jar:?]
	at net.minecraft.server.Main.main(Main.java:160) ~[server-intermediary.jar:?]
	at net.fabricmc.loader.impl.game.minecraft.MinecraftGameProvider.launch(MinecraftGameProvider.java:514) ~[fabric-loader-0.18.2.jar:?]
	at net.fabricmc.loader.impl.launch.knot.Knot.launch(Knot.java:72) ~[fabric-loader-0.18.2.jar:?]
	at net.fabricmc.loader.impl.launch.knot.KnotServer.main(KnotServer.java:23) ~[fabric-loader-0.18.2.jar:?]
	at net.fabricmc.loader.impl.launch.server.FabricServerLauncher.main(FabricServerLauncher.java:69) ~[fabric-loader-0.18.2.jar:?]
	at net.fabricmc.installer.ServerLauncher.main(ServerLauncher.java:69) ~[fabric-server-launch.jar:1.0.1]
[05:11:30] [main/ERROR]: Parsing error loading recipe mythiclib:netherite_to_peridot_pickaxe_smithing
com.google.gson.JsonSyntaxException: Unknown item 'mythicupgrades:netherite_pickaxe'
	at net.minecraft.class_1869.method_17878(class_1869.java:272) ~[server-intermediary.jar:?]
	at java.util.Optional.orElseThrow(Optional.java:403) ~[?:?]
	at net.minecraft.class_1869.method_8155(class_1869.java:272) ~[server-intermediary.jar:?]
	at net.minecraft.class_1856.method_8107(class_1856.java:160) ~[server-intermediary.jar:?]
	at net.minecraft.class_1856.method_8102(class_1856.java:143) ~[server-intermediary.jar:?]
	at net.minecraft.class_1856.method_52177(class_1856.java:135) ~[server-intermediary.jar:?]
	at net.minecraft.class_8060$class_8061.method_48455(class_8060.java:88) ~[server-intermediary.jar:?]
	at net.minecraft.class_8060$class_8061.method_8121(class_8060.java:84) ~[server-intermediary.jar:?]
	at net.minecraft.class_1863.method_17720(class_1863.java:135) ~[server-intermediary.jar:?]
	at net.minecraft.class_1863.method_20705(class_1863.java:56) ~[server-intermediary.jar:?]
	at net.minecraft.class_1863.method_18788(class_1863.java:35) ~[server-intermediary.jar:?]
	at net.minecraft.class_4080.method_18790(class_4080.java:13) ~[server-intermediary.jar:?]
	at java.util.concurrent.CompletableFuture$UniAccept.tryFire(CompletableFuture.java:718) ~[?:?]
	at java.util.concurrent.CompletableFuture$Completion.run(CompletableFuture.java:482) ~[?:?]
	at net.minecraft.class_4014.method_18365(class_4014.java:69) ~[server-intermediary.jar:?]
	at net.minecraft.class_156.method_43498(class_156.java:950) ~[server-intermediary.jar:?]
	at net.minecraft.class_156.method_43499(class_156.java:938) ~[server-intermediary.jar:?]
	at net.minecraft.server.Main.main(Main.java:160) ~[server-intermediary.jar:?]
	at net.fabricmc.loader.impl.game.minecraft.MinecraftGameProvider.launch(MinecraftGameProvider.java:514) ~[fabric-loader-0.18.2.jar:?]
	at net.fabricmc.loader.impl.launch.knot.Knot.launch(Knot.java:72) ~[fabric-loader-0.18.2.jar:?]
	at net.fabricmc.loader.impl.launch.knot.KnotServer.main(KnotServer.java:23) ~[fabric-loader-0.18.2.jar:?]
	at net.fabricmc.loader.impl.launch.server.FabricServerLauncher.main(FabricServerLauncher.java:69) ~[fabric-loader-0.18.2.jar:?]
	at net.fabricmc.installer.ServerLauncher.main(ServerLauncher.java:69) ~[fabric-server-launch.jar:1.0.1]
[05:11:30] [main/ERROR]: Parsing error loading recipe mythiclib:ruby_to_netherite_chestplate_smithing
com.google.gson.JsonSyntaxException: Unknown item 'mythicupgrades:netherite_upgrade_smithing_template'
	at net.minecraft.class_1869.method_17878(class_1869.java:272) ~[server-intermediary.jar:?]
	at java.util.Optional.orElseThrow(Optional.java:403) ~[?:?]
	at net.minecraft.class_1869.method_8155(class_1869.java:272) ~[server-intermediary.jar:?]
	at net.minecraft.class_1856.method_8107(class_1856.java:160) ~[server-intermediary.jar:?]
	at net.minecraft.class_1856.method_8102(class_1856.java:143) ~[server-intermediary.jar:?]
	at net.minecraft.class_1856.method_52177(class_1856.java:135) ~[server-intermediary.jar:?]
	at net.minecraft.class_8060$class_8061.method_48455(class_8060.java:87) ~[server-intermediary.jar:?]
	at net.minecraft.class_8060$class_8061.method_8121(class_8060.java:84) ~[server-intermediary.jar:?]
	at net.minecraft.class_1863.method_17720(class_1863.java:135) ~[server-intermediary.jar:?]
	at net.minecraft.class_1863.method_20705(class_1863.java:56) ~[server-intermediary.jar:?]
	at net.minecraft.class_1863.method_18788(class_1863.java:35) ~[server-intermediary.jar:?]
	at net.minecraft.class_4080.method_18790(class_4080.java:13) ~[server-intermediary.jar:?]
	at java.util.concurrent.CompletableFuture$UniAccept.tryFire(CompletableFuture.java:718) ~[?:?]
	at java.util.concurrent.CompletableFuture$Completion.run(CompletableFuture.java:482) ~[?:?]
	at net.minecraft.class_4014.method_18365(class_4014.java:69) ~[server-intermediary.jar:?]
	at net.minecraft.class_156.method_43498(class_156.java:950) ~[server-intermediary.jar:?]
	at net.minecraft.class_156.method_43499(class_156.java:938) ~[server-intermediary.jar:?]
	at net.minecraft.server.Main.main(Main.java:160) ~[server-intermediary.jar:?]
	at net.fabricmc.loader.impl.game.minecraft.MinecraftGameProvider.launch(MinecraftGameProvider.java:514) ~[fabric-loader-0.18.2.jar:?]
	at net.fabricmc.loader.impl.launch.knot.Knot.launch(Knot.java:72) ~[fabric-loader-0.18.2.jar:?]
	at net.fabricmc.loader.impl.launch.knot.KnotServer.main(KnotServer.java:23) ~[fabric-loader-0.18.2.jar:?]
	at net.fabricmc.loader.impl.launch.server.FabricServerLauncher.main(FabricServerLauncher.java:69) ~[fabric-loader-0.18.2.jar:?]
	at net.fabricmc.installer.ServerLauncher.main(ServerLauncher.java:69) ~[fabric-server-launch.jar:1.0.1]
[05:11:30] [main/ERROR]: Parsing error loading recipe mythiclib:peridot_to_netherite_axe_smithing
com.google.gson.JsonSyntaxException: Unknown item 'mythicupgrades:netherite_upgrade_smithing_template'
	at net.minecraft.class_1869.method_17878(class_1869.java:272) ~[server-intermediary.jar:?]
	at java.util.Optional.orElseThrow(Optional.java:403) ~[?:?]
	at net.minecraft.class_1869.method_8155(class_1869.java:272) ~[server-intermediary.jar:?]
	at net.minecraft.class_1856.method_8107(class_1856.java:160) ~[server-intermediary.jar:?]
	at net.minecraft.class_1856.method_8102(class_1856.java:143) ~[server-intermediary.jar:?]
	at net.minecraft.class_1856.method_52177(class_1856.java:135) ~[server-intermediary.jar:?]
	at net.minecraft.class_8060$class_8061.method_48455(class_8060.java:87) ~[server-intermediary.jar:?]
	at net.minecraft.class_8060$class_8061.method_8121(class_8060.java:84) ~[server-intermediary.jar:?]
	at net.minecraft.class_1863.method_17720(class_1863.java:135) ~[server-intermediary.jar:?]
	at net.minecraft.class_1863.method_20705(class_1863.java:56) ~[server-intermediary.jar:?]
	at net.minecraft.class_1863.method_18788(class_1863.java:35) ~[server-intermediary.jar:?]
	at net.minecraft.class_4080.method_18790(class_4080.java:13) ~[server-intermediary.jar:?]
	at java.util.concurrent.CompletableFuture$UniAccept.tryFire(CompletableFuture.java:718) ~[?:?]
	at java.util.concurrent.CompletableFuture$Completion.run(CompletableFuture.java:482) ~[?:?]
	at net.minecraft.class_4014.method_18365(class_4014.java:69) ~[server-intermediary.jar:?]
	at net.minecraft.class_156.method_43498(class_156.java:950) ~[server-intermediary.jar:?]
	at net.minecraft.class_156.method_43499(class_156.java:938) ~[server-intermediary.jar:?]
	at net.minecraft.server.Main.main(Main.java:160) ~[server-intermediary.jar:?]
	at net.fabricmc.loader.impl.game.minecraft.MinecraftGameProvider.launch(MinecraftGameProvider.java:514) ~[fabric-loader-0.18.2.jar:?]
	at net.fabricmc.loader.impl.launch.knot.Knot.launch(Knot.java:72) ~[fabric-loader-0.18.2.jar:?]
	at net.fabricmc.loader.impl.launch.knot.KnotServer.main(KnotServer.java:23) ~[fabric-loader-0.18.2.jar:?]
	at net.fabricmc.loader.impl.launch.server.FabricServerLauncher.main(FabricServerLauncher.java:69) ~[fabric-loader-0.18.2.jar:?]
	at net.fabricmc.installer.ServerLauncher.main(ServerLauncher.java:69) ~[fabric-server-launch.jar:1.0.1]
[05:11:30] [main/ERROR]: Parsing error loading recipe mythiclib:netherite_to_sapphire_axe_smithing
com.google.gson.JsonSyntaxException: Unknown item 'mythicupgrades:netherite_axe'
	at net.minecraft.class_1869.method_17878(class_1869.java:272) ~[server-intermediary.jar:?]
	at java.util.Optional.orElseThrow(Optional.java:403) ~[?:?]
	at net.minecraft.class_1869.method_8155(class_1869.java:272) ~[server-intermediary.jar:?]
	at net.minecraft.class_1856.method_8107(class_1856.java:160) ~[server-intermediary.jar:?]
	at net.minecraft.class_1856.method_8102(class_1856.java:143) ~[server-intermediary.jar:?]
	at net.minecraft.class_1856.method_52177(class_1856.java:135) ~[server-intermediary.jar:?]
	at net.minecraft.class_8060$class_8061.method_48455(class_8060.java:88) ~[server-intermediary.jar:?]
	at net.minecraft.class_8060$class_8061.method_8121(class_8060.java:84) ~[server-intermediary.jar:?]
	at net.minecraft.class_1863.method_17720(class_1863.java:135) ~[server-intermediary.jar:?]
	at net.minecraft.class_1863.method_20705(class_1863.java:56) ~[server-intermediary.jar:?]
	at net.minecraft.class_1863.method_18788(class_1863.java:35) ~[server-intermediary.jar:?]
	at net.minecraft.class_4080.method_18790(class_4080.java:13) ~[server-intermediary.jar:?]
	at java.util.concurrent.CompletableFuture$UniAccept.tryFire(CompletableFuture.java:718) ~[?:?]
	at java.util.concurrent.CompletableFuture$Completion.run(CompletableFuture.java:482) ~[?:?]
	at net.minecraft.class_4014.method_18365(class_4014.java:69) ~[server-intermediary.jar:?]
	at net.minecraft.class_156.method_43498(class_156.java:950) ~[server-intermediary.jar:?]
	at net.minecraft.class_156.method_43499(class_156.java:938) ~[server-intermediary.jar:?]
	at net.minecraft.server.Main.main(Main.java:160) ~[server-intermediary.jar:?]
	at net.fabricmc.loader.impl.game.minecraft.MinecraftGameProvider.launch(MinecraftGameProvider.java:514) ~[fabric-loader-0.18.2.jar:?]
	at net.fabricmc.loader.impl.launch.knot.Knot.launch(Knot.java:72) ~[fabric-loader-0.18.2.jar:?]
	at net.fabricmc.loader.impl.launch.knot.KnotServer.main(KnotServer.java:23) ~[fabric-loader-0.18.2.jar:?]
	at net.fabricmc.loader.impl.launch.server.FabricServerLauncher.main(FabricServerLauncher.java:69) ~[fabric-loader-0.18.2.jar:?]
	at net.fabricmc.installer.ServerLauncher.main(ServerLauncher.java:69) ~[fabric-server-launch.jar:1.0.1]
[05:11:30] [main/ERROR]: Parsing error loading recipe spellbladenext:finalstrikeoil
com.google.gson.JsonSyntaxException: Unknown item 'spellbladenext:spelloil'
	at net.minecraft.class_1869.method_17878(class_1869.java:272) ~[server-intermediary.jar:?]
	at java.util.Optional.orElseThrow(Optional.java:403) ~[?:?]
	at net.minecraft.class_1869.method_8155(class_1869.java:272) ~[server-intermediary.jar:?]
	at net.minecraft.class_1856.method_8107(class_1856.java:160) ~[server-intermediary.jar:?]
	at net.minecraft.class_1856.method_8102(class_1856.java:143) ~[server-intermediary.jar:?]
	at net.minecraft.class_1856.method_52177(class_1856.java:135) ~[server-intermediary.jar:?]
	at net.minecraft.class_8060$class_8061.method_48455(class_8060.java:88) ~[server-intermediary.jar:?]
	at net.minecraft.class_8060$class_8061.method_8121(class_8060.java:84) ~[server-intermediary.jar:?]
	at net.minecraft.class_1863.method_17720(class_1863.java:135) ~[server-intermediary.jar:?]
	at net.minecraft.class_1863.method_20705(class_1863.java:56) ~[server-intermediary.jar:?]
	at net.minecraft.class_1863.method_18788(class_1863.java:35) ~[server-intermediary.jar:?]
	at net.minecraft.class_4080.method_18790(class_4080.java:13) ~[server-intermediary.jar:?]
	at java.util.concurrent.CompletableFuture$UniAccept.tryFire(CompletableFuture.java:718) ~[?:?]
	at java.util.concurrent.CompletableFuture$Completion.run(CompletableFuture.java:482) ~[?:?]
	at net.minecraft.class_4014.method_18365(class_4014.java:69) ~[server-intermediary.jar:?]
	at net.minecraft.class_156.method_43498(class_156.java:950) ~[server-intermediary.jar:?]
	at net.minecraft.class_156.method_43499(class_156.java:938) ~[server-intermediary.jar:?]
	at net.minecraft.server.Main.main(Main.java:160) ~[server-intermediary.jar:?]
	at net.fabricmc.loader.impl.game.minecraft.MinecraftGameProvider.launch(MinecraftGameProvider.java:514) ~[fabric-loader-0.18.2.jar:?]
	at net.fabricmc.loader.impl.launch.knot.Knot.launch(Knot.java:72) ~[fabric-loader-0.18.2.jar:?]
	at net.fabricmc.loader.impl.launch.knot.KnotServer.main(KnotServer.java:23) ~[fabric-loader-0.18.2.jar:?]
	at net.fabricmc.loader.impl.launch.server.FabricServerLauncher.main(FabricServerLauncher.java:69) ~[fabric-loader-0.18.2.jar:?]
	at net.fabricmc.installer.ServerLauncher.main(ServerLauncher.java:69) ~[fabric-server-launch.jar:1.0.1]
[05:11:30] [main/ERROR]: Parsing error loading recipe triqueapi:warden_leggings_smithing_universal
com.google.gson.JsonSyntaxException: Unknown item 'wardentools:echo_ingot'
	at net.minecraft.class_1869.method_17878(class_1869.java:272) ~[server-intermediary.jar:?]
	at java.util.Optional.orElseThrow(Optional.java:403) ~[?:?]
	at net.minecraft.class_1869.method_8155(class_1869.java:272) ~[server-intermediary.jar:?]
	at net.minecraft.class_1856.method_8107(class_1856.java:160) ~[server-intermediary.jar:?]
	at net.minecraft.class_1856.method_8102(class_1856.java:143) ~[server-intermediary.jar:?]
	at net.minecraft.class_1856.method_52177(class_1856.java:135) ~[server-intermediary.jar:?]
	at net.minecraft.class_8060$class_8061.method_48455(class_8060.java:89) ~[server-intermediary.jar:?]
	at net.minecraft.class_8060$class_8061.method_8121(class_8060.java:84) ~[server-intermediary.jar:?]
	at net.minecraft.class_1863.method_17720(class_1863.java:135) ~[server-intermediary.jar:?]
	at net.minecraft.class_1863.method_20705(class_1863.java:56) ~[server-intermediary.jar:?]
	at net.minecraft.class_1863.method_18788(class_1863.java:35) ~[server-intermediary.jar:?]
	at net.minecraft.class_4080.method_18790(class_4080.java:13) ~[server-intermediary.jar:?]
	at java.util.concurrent.CompletableFuture$UniAccept.tryFire(CompletableFuture.java:718) ~[?:?]
	at java.util.concurrent.CompletableFuture$Completion.run(CompletableFuture.java:482) ~[?:?]
	at net.minecraft.class_4014.method_18365(class_4014.java:69) ~[server-intermediary.jar:?]
	at net.minecraft.class_156.method_43498(class_156.java:950) ~[server-intermediary.jar:?]
	at net.minecraft.class_156.method_43499(class_156.java:938) ~[server-intermediary.jar:?]
	at net.minecraft.server.Main.main(Main.java:160) ~[server-intermediary.jar:?]
	at net.fabricmc.loader.impl.game.minecraft.MinecraftGameProvider.launch(MinecraftGameProvider.java:514) ~[fabric-loader-0.18.2.jar:?]
	at net.fabricmc.loader.impl.launch.knot.Knot.launch(Knot.java:72) ~[fabric-loader-0.18.2.jar:?]
	at net.fabricmc.loader.impl.launch.knot.KnotServer.main(KnotServer.java:23) ~[fabric-loader-0.18.2.jar:?]
	at net.fabricmc.loader.impl.launch.server.FabricServerLauncher.main(FabricServerLauncher.java:69) ~[fabric-loader-0.18.2.jar:?]
	at net.fabricmc.installer.ServerLauncher.main(ServerLauncher.java:69) ~[fabric-server-launch.jar:1.0.1]
[05:11:30] [main/ERROR]: Parsing error loading recipe mythiclib:netherite_to_jade_helmet_smithing
com.google.gson.JsonSyntaxException: Unknown item 'mythicupgrades:netherite_helmet'
	at net.minecraft.class_1869.method_17878(class_1869.java:272) ~[server-intermediary.jar:?]
	at java.util.Optional.orElseThrow(Optional.java:403) ~[?:?]
	at net.minecraft.class_1869.method_8155(class_1869.java:272) ~[server-intermediary.jar:?]
	at net.minecraft.class_1856.method_8107(class_1856.java:160) ~[server-intermediary.jar:?]
	at net.minecraft.class_1856.method_8102(class_1856.java:143) ~[server-intermediary.jar:?]
	at net.minecraft.class_1856.method_52177(class_1856.java:135) ~[server-intermediary.jar:?]
	at net.minecraft.class_8060$class_8061.method_48455(class_8060.java:88) ~[server-intermediary.jar:?]
	at net.minecraft.class_8060$class_8061.method_8121(class_8060.java:84) ~[server-intermediary.jar:?]
	at net.minecraft.class_1863.method_17720(class_1863.java:135) ~[server-intermediary.jar:?]
	at net.minecraft.class_1863.method_20705(class_1863.java:56) ~[server-intermediary.jar:?]
	at net.minecraft.class_1863.method_18788(class_1863.java:35) ~[server-intermediary.jar:?]
	at net.minecraft.class_4080.method_18790(class_4080.java:13) ~[server-intermediary.jar:?]
	at java.util.concurrent.CompletableFuture$UniAccept.tryFire(CompletableFuture.java:718) ~[?:?]
	at java.util.concurrent.CompletableFuture$Completion.run(CompletableFuture.java:482) ~[?:?]
	at net.minecraft.class_4014.method_18365(class_4014.java:69) ~[server-intermediary.jar:?]
	at net.minecraft.class_156.method_43498(class_156.java:950) ~[server-intermediary.jar:?]
	at net.minecraft.class_156.method_43499(class_156.java:938) ~[server-intermediary.jar:?]
	at net.minecraft.server.Main.main(Main.java:160) ~[server-intermediary.jar:?]
	at net.fabricmc.loader.impl.game.minecraft.MinecraftGameProvider.launch(MinecraftGameProvider.java:514) ~[fabric-loader-0.18.2.jar:?]
	at net.fabricmc.loader.impl.launch.knot.Knot.launch(Knot.java:72) ~[fabric-loader-0.18.2.jar:?]
	at net.fabricmc.loader.impl.launch.knot.KnotServer.main(KnotServer.java:23) ~[fabric-loader-0.18.2.jar:?]
	at net.fabricmc.loader.impl.launch.server.FabricServerLauncher.main(FabricServerLauncher.java:69) ~[fabric-loader-0.18.2.jar:?]
	at net.fabricmc.installer.ServerLauncher.main(ServerLauncher.java:69) ~[fabric-server-launch.jar:1.0.1]
[05:11:30] [main/ERROR]: Parsing error loading recipe mythiclib:ruby_to_netherite_axe_smithing
com.google.gson.JsonSyntaxException: Unknown item 'mythicupgrades:netherite_upgrade_smithing_template'
	at net.minecraft.class_1869.method_17878(class_1869.java:272) ~[server-intermediary.jar:?]
	at java.util.Optional.orElseThrow(Optional.java:403) ~[?:?]
	at net.minecraft.class_1869.method_8155(class_1869.java:272) ~[server-intermediary.jar:?]
	at net.minecraft.class_1856.method_8107(class_1856.java:160) ~[server-intermediary.jar:?]
	at net.minecraft.class_1856.method_8102(class_1856.java:143) ~[server-intermediary.jar:?]
	at net.minecraft.class_1856.method_52177(class_1856.java:135) ~[server-intermediary.jar:?]
	at net.minecraft.class_8060$class_8061.method_48455(class_8060.java:87) ~[server-intermediary.jar:?]
	at net.minecraft.class_8060$class_8061.method_8121(class_8060.java:84) ~[server-intermediary.jar:?]
	at net.minecraft.class_1863.method_17720(class_1863.java:135) ~[server-intermediary.jar:?]
	at net.minecraft.class_1863.method_20705(class_1863.java:56) ~[server-intermediary.jar:?]
	at net.minecraft.class_1863.method_18788(class_1863.java:35) ~[server-intermediary.jar:?]
	at net.minecraft.class_4080.method_18790(class_4080.java:13) ~[server-intermediary.jar:?]
	at java.util.concurrent.CompletableFuture$UniAccept.tryFire(CompletableFuture.java:718) ~[?:?]
	at java.util.concurrent.CompletableFuture$Completion.run(CompletableFuture.java:482) ~[?:?]
	at net.minecraft.class_4014.method_18365(class_4014.java:69) ~[server-intermediary.jar:?]
	at net.minecraft.class_156.method_43498(class_156.java:950) ~[server-intermediary.jar:?]
	at net.minecraft.class_156.method_43499(class_156.java:938) ~[server-intermediary.jar:?]
	at net.minecraft.server.Main.main(Main.java:160) ~[server-intermediary.jar:?]
	at net.fabricmc.loader.impl.game.minecraft.MinecraftGameProvider.launch(MinecraftGameProvider.java:514) ~[fabric-loader-0.18.2.jar:?]
	at net.fabricmc.loader.impl.launch.knot.Knot.launch(Knot.java:72) ~[fabric-loader-0.18.2.jar:?]
	at net.fabricmc.loader.impl.launch.knot.KnotServer.main(KnotServer.java:23) ~[fabric-loader-0.18.2.jar:?]
	at net.fabricmc.loader.impl.launch.server.FabricServerLauncher.main(FabricServerLauncher.java:69) ~[fabric-loader-0.18.2.jar:?]
	at net.fabricmc.installer.ServerLauncher.main(ServerLauncher.java:69) ~[fabric-server-launch.jar:1.0.1]
[05:11:30] [main/ERROR]: Parsing error loading recipe dramaticdoors:tall_chipped_modern_spruce_door
com.google.gson.JsonSyntaxException: Unknown item 'chipped:classic_windowed_spruce_door'
	at net.minecraft.class_1869.method_17878(class_1869.java:272) ~[server-intermediary.jar:?]
	at java.util.Optional.orElseThrow(Optional.java:403) ~[?:?]
	at net.minecraft.class_1869.method_8155(class_1869.java:272) ~[server-intermediary.jar:?]
	at net.minecraft.class_1856.method_8107(class_1856.java:160) ~[server-intermediary.jar:?]
	at net.minecraft.class_1856.method_8102(class_1856.java:143) ~[server-intermediary.jar:?]
	at net.minecraft.class_1869.method_8157(class_1869.java:252) ~[server-intermediary.jar:?]
	at net.minecraft.class_1869$class_1870.method_8164(class_1869.java:285) ~[server-intermediary.jar:?]
	at net.minecraft.class_1869$class_1870.method_8121(class_1869.java:279) ~[server-intermediary.jar:?]
	at net.minecraft.class_1863.method_17720(class_1863.java:135) ~[server-intermediary.jar:?]
	at net.minecraft.class_1863.method_20705(class_1863.java:56) ~[server-intermediary.jar:?]
	at net.minecraft.class_1863.method_18788(class_1863.java:35) ~[server-intermediary.jar:?]
	at net.minecraft.class_4080.method_18790(class_4080.java:13) ~[server-intermediary.jar:?]
	at java.util.concurrent.CompletableFuture$UniAccept.tryFire(CompletableFuture.java:718) ~[?:?]
	at java.util.concurrent.CompletableFuture$Completion.run(CompletableFuture.java:482) ~[?:?]
	at net.minecraft.class_4014.method_18365(class_4014.java:69) ~[server-intermediary.jar:?]
	at net.minecraft.class_156.method_43498(class_156.java:950) ~[server-intermediary.jar:?]
	at net.minecraft.class_156.method_43499(class_156.java:938) ~[server-intermediary.jar:?]
	at net.minecraft.server.Main.main(Main.java:160) ~[server-intermediary.jar:?]
	at net.fabricmc.loader.impl.game.minecraft.MinecraftGameProvider.launch(MinecraftGameProvider.java:514) ~[fabric-loader-0.18.2.jar:?]
	at net.fabricmc.loader.impl.launch.knot.Knot.launch(Knot.java:72) ~[fabric-loader-0.18.2.jar:?]
	at net.fabricmc.loader.impl.launch.knot.KnotServer.main(KnotServer.java:23) ~[fabric-loader-0.18.2.jar:?]
	at net.fabricmc.loader.impl.launch.server.FabricServerLauncher.main(FabricServerLauncher.java:69) ~[fabric-loader-0.18.2.jar:?]
	at net.fabricmc.installer.ServerLauncher.main(ServerLauncher.java:69) ~[fabric-server-launch.jar:1.0.1]
[05:11:30] [main/ERROR]: Parsing error loading recipe mythiclib:topaz_to_netherite_hoe_smithing
com.google.gson.JsonSyntaxException: Unknown item 'mythicupgrades:netherite_upgrade_smithing_template'
	at net.minecraft.class_1869.method_17878(class_1869.java:272) ~[server-intermediary.jar:?]
	at java.util.Optional.orElseThrow(Optional.java:403) ~[?:?]
	at net.minecraft.class_1869.method_8155(class_1869.java:272) ~[server-intermediary.jar:?]
	at net.minecraft.class_1856.method_8107(class_1856.java:160) ~[server-intermediary.jar:?]
	at net.minecraft.class_1856.method_8102(class_1856.java:143) ~[server-intermediary.jar:?]
	at net.minecraft.class_1856.method_52177(class_1856.java:135) ~[server-intermediary.jar:?]
	at net.minecraft.class_8060$class_8061.method_48455(class_8060.java:87) ~[server-intermediary.jar:?]
	at net.minecraft.class_8060$class_8061.method_8121(class_8060.java:84) ~[server-intermediary.jar:?]
	at net.minecraft.class_1863.method_17720(class_1863.java:135) ~[server-intermediary.jar:?]
	at net.minecraft.class_1863.method_20705(class_1863.java:56) ~[server-intermediary.jar:?]
	at net.minecraft.class_1863.method_18788(class_1863.java:35) ~[server-intermediary.jar:?]
	at net.minecraft.class_4080.method_18790(class_4080.java:13) ~[server-intermediary.jar:?]
	at java.util.concurrent.CompletableFuture$UniAccept.tryFire(CompletableFuture.java:718) ~[?:?]
	at java.util.concurrent.CompletableFuture$Completion.run(CompletableFuture.java:482) ~[?:?]
	at net.minecraft.class_4014.method_18365(class_4014.java:69) ~[server-intermediary.jar:?]
	at net.minecraft.class_156.method_43498(class_156.java:950) ~[server-intermediary.jar:?]
	at net.minecraft.class_156.method_43499(class_156.java:938) ~[server-intermediary.jar:?]
	at net.minecraft.server.Main.main(Main.java:160) ~[server-intermediary.jar:?]
	at net.fabricmc.loader.impl.game.minecraft.MinecraftGameProvider.launch(MinecraftGameProvider.java:514) ~[fabric-loader-0.18.2.jar:?]
	at net.fabricmc.loader.impl.launch.knot.Knot.launch(Knot.java:72) ~[fabric-loader-0.18.2.jar:?]
	at net.fabricmc.loader.impl.launch.knot.KnotServer.main(KnotServer.java:23) ~[fabric-loader-0.18.2.jar:?]
	at net.fabricmc.loader.impl.launch.server.FabricServerLauncher.main(FabricServerLauncher.java:69) ~[fabric-loader-0.18.2.jar:?]
	at net.fabricmc.installer.ServerLauncher.main(ServerLauncher.java:69) ~[fabric-server-launch.jar:1.0.1]
[05:11:30] [main/ERROR]: Parsing error loading recipe mythiclib:topaz_to_netherite_sword_smithing
com.google.gson.JsonSyntaxException: Unknown item 'mythicupgrades:netherite_upgrade_smithing_template'
	at net.minecraft.class_1869.method_17878(class_1869.java:272) ~[server-intermediary.jar:?]
	at java.util.Optional.orElseThrow(Optional.java:403) ~[?:?]
	at net.minecraft.class_1869.method_8155(class_1869.java:272) ~[server-intermediary.jar:?]
	at net.minecraft.class_1856.method_8107(class_1856.java:160) ~[server-intermediary.jar:?]
	at net.minecraft.class_1856.method_8102(class_1856.java:143) ~[server-intermediary.jar:?]
	at net.minecraft.class_1856.method_52177(class_1856.java:135) ~[server-intermediary.jar:?]
	at net.minecraft.class_8060$class_8061.method_48455(class_8060.java:87) ~[server-intermediary.jar:?]
	at net.minecraft.class_8060$class_8061.method_8121(class_8060.java:84) ~[server-intermediary.jar:?]
	at net.minecraft.class_1863.method_17720(class_1863.java:135) ~[server-intermediary.jar:?]
	at net.minecraft.class_1863.method_20705(class_1863.java:56) ~[server-intermediary.jar:?]
	at net.minecraft.class_1863.method_18788(class_1863.java:35) ~[server-intermediary.jar:?]
	at net.minecraft.class_4080.method_18790(class_4080.java:13) ~[server-intermediary.jar:?]
	at java.util.concurrent.CompletableFuture$UniAccept.tryFire(CompletableFuture.java:718) ~[?:?]
	at java.util.concurrent.CompletableFuture$Completion.run(CompletableFuture.java:482) ~[?:?]
	at net.minecraft.class_4014.method_18365(class_4014.java:69) ~[server-intermediary.jar:?]
	at net.minecraft.class_156.method_43498(class_156.java:950) ~[server-intermediary.jar:?]
	at net.minecraft.class_156.method_43499(class_156.java:938) ~[server-intermediary.jar:?]
	at net.minecraft.server.Main.main(Main.java:160) ~[server-intermediary.jar:?]
	at net.fabricmc.loader.impl.game.minecraft.MinecraftGameProvider.launch(MinecraftGameProvider.java:514) ~[fabric-loader-0.18.2.jar:?]
	at net.fabricmc.loader.impl.launch.knot.Knot.launch(Knot.java:72) ~[fabric-loader-0.18.2.jar:?]
	at net.fabricmc.loader.impl.launch.knot.KnotServer.main(KnotServer.java:23) ~[fabric-loader-0.18.2.jar:?]
	at net.fabricmc.loader.impl.launch.server.FabricServerLauncher.main(FabricServerLauncher.java:69) ~[fabric-loader-0.18.2.jar:?]
	at net.fabricmc.installer.ServerLauncher.main(ServerLauncher.java:69) ~[fabric-server-launch.jar:1.0.1]
[05:11:32] [main/ERROR]: Parsing error loading recipe mythiclib:netherite_to_jade_boots_smithing
com.google.gson.JsonSyntaxException: Unknown item 'mythicupgrades:netherite_boots'
	at net.minecraft.class_1869.method_17878(class_1869.java:272) ~[server-intermediary.jar:?]
	at java.util.Optional.orElseThrow(Optional.java:403) ~[?:?]
	at net.minecraft.class_1869.method_8155(class_1869.java:272) ~[server-intermediary.jar:?]
	at net.minecraft.class_1856.method_8107(class_1856.java:160) ~[server-intermediary.jar:?]
	at net.minecraft.class_1856.method_8102(class_1856.java:143) ~[server-intermediary.jar:?]
	at net.minecraft.class_1856.method_52177(class_1856.java:135) ~[server-intermediary.jar:?]
	at net.minecraft.class_8060$class_8061.method_48455(class_8060.java:88) ~[server-intermediary.jar:?]
	at net.minecraft.class_8060$class_8061.method_8121(class_8060.java:84) ~[server-intermediary.jar:?]
	at net.minecraft.class_1863.method_17720(class_1863.java:135) ~[server-intermediary.jar:?]
	at net.minecraft.class_1863.method_20705(class_1863.java:56) ~[server-intermediary.jar:?]
	at net.minecraft.class_1863.method_18788(class_1863.java:35) ~[server-intermediary.jar:?]
	at net.minecraft.class_4080.method_18790(class_4080.java:13) ~[server-intermediary.jar:?]
	at java.util.concurrent.CompletableFuture$UniAccept.tryFire(CompletableFuture.java:718) ~[?:?]
	at java.util.concurrent.CompletableFuture$Completion.run(CompletableFuture.java:482) ~[?:?]
	at net.minecraft.class_4014.method_18365(class_4014.java:69) ~[server-intermediary.jar:?]
	at net.minecraft.class_156.method_43498(class_156.java:950) ~[server-intermediary.jar:?]
	at net.minecraft.class_156.method_43499(class_156.java:938) ~[server-intermediary.jar:?]
	at net.minecraft.server.Main.main(Main.java:160) ~[server-intermediary.jar:?]
	at net.fabricmc.loader.impl.game.minecraft.MinecraftGameProvider.launch(MinecraftGameProvider.java:514) ~[fabric-loader-0.18.2.jar:?]
	at net.fabricmc.loader.impl.launch.knot.Knot.launch(Knot.java:72) ~[fabric-loader-0.18.2.jar:?]
	at net.fabricmc.loader.impl.launch.knot.KnotServer.main(KnotServer.java:23) ~[fabric-loader-0.18.2.jar:?]
	at net.fabricmc.loader.impl.launch.server.FabricServerLauncher.main(FabricServerLauncher.java:69) ~[fabric-loader-0.18.2.jar:?]
	at net.fabricmc.installer.ServerLauncher.main(ServerLauncher.java:69) ~[fabric-server-launch.jar:1.0.1]
[05:11:32] [main/ERROR]: Parsing error loading recipe mythiclib:aquamarine_to_netherite_chestplate_smithing
com.google.gson.JsonSyntaxException: Unknown item 'mythicupgrades:netherite_upgrade_smithing_template'
	at net.minecraft.class_1869.method_17878(class_1869.java:272) ~[server-intermediary.jar:?]
	at java.util.Optional.orElseThrow(Optional.java:403) ~[?:?]
	at net.minecraft.class_1869.method_8155(class_1869.java:272) ~[server-intermediary.jar:?]
	at net.minecraft.class_1856.method_8107(class_1856.java:160) ~[server-intermediary.jar:?]
	at net.minecraft.class_1856.method_8102(class_1856.java:143) ~[server-intermediary.jar:?]
	at net.minecraft.class_1856.method_52177(class_1856.java:135) ~[server-intermediary.jar:?]
	at net.minecraft.class_8060$class_8061.method_48455(class_8060.java:87) ~[server-intermediary.jar:?]
	at net.minecraft.class_8060$class_8061.method_8121(class_8060.java:84) ~[server-intermediary.jar:?]
	at net.minecraft.class_1863.method_17720(class_1863.java:135) ~[server-intermediary.jar:?]
	at net.minecraft.class_1863.method_20705(class_1863.java:56) ~[server-intermediary.jar:?]
	at net.minecraft.class_1863.method_18788(class_1863.java:35) ~[server-intermediary.jar:?]
	at net.minecraft.class_4080.method_18790(class_4080.java:13) ~[server-intermediary.jar:?]
	at java.util.concurrent.CompletableFuture$UniAccept.tryFire(CompletableFuture.java:718) ~[?:?]
	at java.util.concurrent.CompletableFuture$Completion.run(CompletableFuture.java:482) ~[?:?]
	at net.minecraft.class_4014.method_18365(class_4014.java:69) ~[server-intermediary.jar:?]
	at net.minecraft.class_156.method_43498(class_156.java:950) ~[server-intermediary.jar:?]
	at net.minecraft.class_156.method_43499(class_156.java:938) ~[server-intermediary.jar:?]
	at net.minecraft.server.Main.main(Main.java:160) ~[server-intermediary.jar:?]
	at net.fabricmc.loader.impl.game.minecraft.MinecraftGameProvider.launch(MinecraftGameProvider.java:514) ~[fabric-loader-0.18.2.jar:?]
	at net.fabricmc.loader.impl.launch.knot.Knot.launch(Knot.java:72) ~[fabric-loader-0.18.2.jar:?]
	at net.fabricmc.loader.impl.launch.knot.KnotServer.main(KnotServer.java:23) ~[fabric-loader-0.18.2.jar:?]
	at net.fabricmc.loader.impl.launch.server.FabricServerLauncher.main(FabricServerLauncher.java:69) ~[fabric-loader-0.18.2.jar:?]
	at net.fabricmc.installer.ServerLauncher.main(ServerLauncher.java:69) ~[fabric-server-launch.jar:1.0.1]
[05:11:32] [main/ERROR]: Parsing error loading recipe mythiclib:aquamarine_to_netherite_pickaxe_smithing
com.google.gson.JsonSyntaxException: Unknown item 'mythicupgrades:netherite_upgrade_smithing_template'
	at net.minecraft.class_1869.method_17878(class_1869.java:272) ~[server-intermediary.jar:?]
	at java.util.Optional.orElseThrow(Optional.java:403) ~[?:?]
	at net.minecraft.class_1869.method_8155(class_1869.java:272) ~[server-intermediary.jar:?]
	at net.minecraft.class_1856.method_8107(class_1856.java:160) ~[server-intermediary.jar:?]
	at net.minecraft.class_1856.method_8102(class_1856.java:143) ~[server-intermediary.jar:?]
	at net.minecraft.class_1856.method_52177(class_1856.java:135) ~[server-intermediary.jar:?]
	at net.minecraft.class_8060$class_8061.method_48455(class_8060.java:87) ~[server-intermediary.jar:?]
	at net.minecraft.class_8060$class_8061.method_8121(class_8060.java:84) ~[server-intermediary.jar:?]
	at net.minecraft.class_1863.method_17720(class_1863.java:135) ~[server-intermediary.jar:?]
	at net.minecraft.class_1863.method_20705(class_1863.java:56) ~[server-intermediary.jar:?]
	at net.minecraft.class_1863.method_18788(class_1863.java:35) ~[server-intermediary.jar:?]
	at net.minecraft.class_4080.method_18790(class_4080.java:13) ~[server-intermediary.jar:?]
	at java.util.concurrent.CompletableFuture$UniAccept.tryFire(CompletableFuture.java:718) ~[?:?]
	at java.util.concurrent.CompletableFuture$Completion.run(CompletableFuture.java:482) ~[?:?]
	at net.minecraft.class_4014.method_18365(class_4014.java:69) ~[server-intermediary.jar:?]
	at net.minecraft.class_156.method_43498(class_156.java:950) ~[server-intermediary.jar:?]
	at net.minecraft.class_156.method_43499(class_156.java:938) ~[server-intermediary.jar:?]
	at net.minecraft.server.Main.main(Main.java:160) ~[server-intermediary.jar:?]
	at net.fabricmc.loader.impl.game.minecraft.MinecraftGameProvider.launch(MinecraftGameProvider.java:514) ~[fabric-loader-0.18.2.jar:?]
	at net.fabricmc.loader.impl.launch.knot.Knot.launch(Knot.java:72) ~[fabric-loader-0.18.2.jar:?]
	at net.fabricmc.loader.impl.launch.knot.KnotServer.main(KnotServer.java:23) ~[fabric-loader-0.18.2.jar:?]
	at net.fabricmc.loader.impl.launch.server.FabricServerLauncher.main(FabricServerLauncher.java:69) ~[fabric-loader-0.18.2.jar:?]
	at net.fabricmc.installer.ServerLauncher.main(ServerLauncher.java:69) ~[fabric-server-launch.jar:1.0.1]
[05:11:32] [main/ERROR]: Parsing error loading recipe triqueapi:warden_boots_smithing_universal
com.google.gson.JsonSyntaxException: Unknown item 'wardentools:echo_ingot'
	at net.minecraft.class_1869.method_17878(class_1869.java:272) ~[server-intermediary.jar:?]
	at java.util.Optional.orElseThrow(Optional.java:403) ~[?:?]
	at net.minecraft.class_1869.method_8155(class_1869.java:272) ~[server-intermediary.jar:?]
	at net.minecraft.class_1856.method_8107(class_1856.java:160) ~[server-intermediary.jar:?]
	at net.minecraft.class_1856.method_8102(class_1856.java:143) ~[server-intermediary.jar:?]
	at net.minecraft.class_1856.method_52177(class_1856.java:135) ~[server-intermediary.jar:?]
	at net.minecraft.class_8060$class_8061.method_48455(class_8060.java:89) ~[server-intermediary.jar:?]
	at net.minecraft.class_8060$class_8061.method_8121(class_8060.java:84) ~[server-intermediary.jar:?]
	at net.minecraft.class_1863.method_17720(class_1863.java:135) ~[server-intermediary.jar:?]
	at net.minecraft.class_1863.method_20705(class_1863.java:56) ~[server-intermediary.jar:?]
	at net.minecraft.class_1863.method_18788(class_1863.java:35) ~[server-intermediary.jar:?]
	at net.minecraft.class_4080.method_18790(class_4080.java:13) ~[server-intermediary.jar:?]
	at java.util.concurrent.CompletableFuture$UniAccept.tryFire(CompletableFuture.java:718) ~[?:?]
	at java.util.concurrent.CompletableFuture$Completion.run(CompletableFuture.java:482) ~[?:?]
	at net.minecraft.class_4014.method_18365(class_4014.java:69) ~[server-intermediary.jar:?]
	at net.minecraft.class_156.method_43498(class_156.java:950) ~[server-intermediary.jar:?]
	at net.minecraft.class_156.method_43499(class_156.java:938) ~[server-intermediary.jar:?]
	at net.minecraft.server.Main.main(Main.java:160) ~[server-intermediary.jar:?]
	at net.fabricmc.loader.impl.game.minecraft.MinecraftGameProvider.launch(MinecraftGameProvider.java:514) ~[fabric-loader-0.18.2.jar:?]
	at net.fabricmc.loader.impl.launch.knot.Knot.launch(Knot.java:72) ~[fabric-loader-0.18.2.jar:?]
	at net.fabricmc.loader.impl.launch.knot.KnotServer.main(KnotServer.java:23) ~[fabric-loader-0.18.2.jar:?]
	at net.fabricmc.loader.impl.launch.server.FabricServerLauncher.main(FabricServerLauncher.java:69) ~[fabric-loader-0.18.2.jar:?]
	at net.fabricmc.installer.ServerLauncher.main(ServerLauncher.java:69) ~[fabric-server-launch.jar:1.0.1]
[05:11:32] [main/ERROR]: Parsing error loading recipe dramaticdoors:tall_chipped_modern_mangrove_door
com.google.gson.JsonSyntaxException: Unknown item 'chipped:classic_windowed_mangrove_door'
	at net.minecraft.class_1869.method_17878(class_1869.java:272) ~[server-intermediary.jar:?]
	at java.util.Optional.orElseThrow(Optional.java:403) ~[?:?]
	at net.minecraft.class_1869.method_8155(class_1869.java:272) ~[server-intermediary.jar:?]
	at net.minecraft.class_1856.method_8107(class_1856.java:160) ~[server-intermediary.jar:?]
	at net.minecraft.class_1856.method_8102(class_1856.java:143) ~[server-intermediary.jar:?]
	at net.minecraft.class_1869.method_8157(class_1869.java:252) ~[server-intermediary.jar:?]
	at net.minecraft.class_1869$class_1870.method_8164(class_1869.java:285) ~[server-intermediary.jar:?]
	at net.minecraft.class_1869$class_1870.method_8121(class_1869.java:279) ~[server-intermediary.jar:?]
	at net.minecraft.class_1863.method_17720(class_1863.java:135) ~[server-intermediary.jar:?]
	at net.minecraft.class_1863.method_20705(class_1863.java:56) ~[server-intermediary.jar:?]
	at net.minecraft.class_1863.method_18788(class_1863.java:35) ~[server-intermediary.jar:?]
	at net.minecraft.class_4080.method_18790(class_4080.java:13) ~[server-intermediary.jar:?]
	at java.util.concurrent.CompletableFuture$UniAccept.tryFire(CompletableFuture.java:718) ~[?:?]
	at java.util.concurrent.CompletableFuture$Completion.run(CompletableFuture.java:482) ~[?:?]
	at net.minecraft.class_4014.method_18365(class_4014.java:69) ~[server-intermediary.jar:?]
	at net.minecraft.class_156.method_43498(class_156.java:950) ~[server-intermediary.jar:?]
	at net.minecraft.class_156.method_43499(class_156.java:938) ~[server-intermediary.jar:?]
	at net.minecraft.server.Main.main(Main.java:160) ~[server-intermediary.jar:?]
	at net.fabricmc.loader.impl.game.minecraft.MinecraftGameProvider.launch(MinecraftGameProvider.java:514) ~[fabric-loader-0.18.2.jar:?]
	at net.fabricmc.loader.impl.launch.knot.Knot.launch(Knot.java:72) ~[fabric-loader-0.18.2.jar:?]
	at net.fabricmc.loader.impl.launch.knot.KnotServer.main(KnotServer.java:23) ~[fabric-loader-0.18.2.jar:?]
	at net.fabricmc.loader.impl.launch.server.FabricServerLauncher.main(FabricServerLauncher.java:69) ~[fabric-loader-0.18.2.jar:?]
	at net.fabricmc.installer.ServerLauncher.main(ServerLauncher.java:69) ~[fabric-server-launch.jar:1.0.1]
[05:11:32] [main/ERROR]: Parsing error loading recipe mythiclib:topaz_to_netherite_boots_smithing
com.google.gson.JsonSyntaxException: Unknown item 'mythicupgrades:netherite_upgrade_smithing_template'
	at net.minecraft.class_1869.method_17878(class_1869.java:272) ~[server-intermediary.jar:?]
	at java.util.Optional.orElseThrow(Optional.java:403) ~[?:?]
	at net.minecraft.class_1869.method_8155(class_1869.java:272) ~[server-intermediary.jar:?]
	at net.minecraft.class_1856.method_8107(class_1856.java:160) ~[server-intermediary.jar:?]
	at net.minecraft.class_1856.method_8102(class_1856.java:143) ~[server-intermediary.jar:?]
	at net.minecraft.class_1856.method_52177(class_1856.java:135) ~[server-intermediary.jar:?]
	at net.minecraft.class_8060$class_8061.method_48455(class_8060.java:87) ~[server-intermediary.jar:?]
	at net.minecraft.class_8060$class_8061.method_8121(class_8060.java:84) ~[server-intermediary.jar:?]
	at net.minecraft.class_1863.method_17720(class_1863.java:135) ~[server-intermediary.jar:?]
	at net.minecraft.class_1863.method_20705(class_1863.java:56) ~[server-intermediary.jar:?]
	at net.minecraft.class_1863.method_18788(class_1863.java:35) ~[server-intermediary.jar:?]
	at net.minecraft.class_4080.method_18790(class_4080.java:13) ~[server-intermediary.jar:?]
	at java.util.concurrent.CompletableFuture$UniAccept.tryFire(CompletableFuture.java:718) ~[?:?]
	at java.util.concurrent.CompletableFuture$Completion.run(CompletableFuture.java:482) ~[?:?]
	at net.minecraft.class_4014.method_18365(class_4014.java:69) ~[server-intermediary.jar:?]
	at net.minecraft.class_156.method_43498(class_156.java:950) ~[server-intermediary.jar:?]
	at net.minecraft.class_156.method_43499(class_156.java:938) ~[server-intermediary.jar:?]
	at net.minecraft.server.Main.main(Main.java:160) ~[server-intermediary.jar:?]
	at net.fabricmc.loader.impl.game.minecraft.MinecraftGameProvider.launch(MinecraftGameProvider.java:514) ~[fabric-loader-0.18.2.jar:?]
	at net.fabricmc.loader.impl.launch.knot.Knot.launch(Knot.java:72) ~[fabric-loader-0.18.2.jar:?]
	at net.fabricmc.loader.impl.launch.knot.KnotServer.main(KnotServer.java:23) ~[fabric-loader-0.18.2.jar:?]
	at net.fabricmc.loader.impl.launch.server.FabricServerLauncher.main(FabricServerLauncher.java:69) ~[fabric-loader-0.18.2.jar:?]
	at net.fabricmc.installer.ServerLauncher.main(ServerLauncher.java:69) ~[fabric-server-launch.jar:1.0.1]
[05:11:32] [main/ERROR]: Parsing error loading recipe mythiclib:peridot_to_netherite_sword_smithing
com.google.gson.JsonSyntaxException: Unknown item 'mythicupgrades:netherite_upgrade_smithing_template'
	at net.minecraft.class_1869.method_17878(class_1869.java:272) ~[server-intermediary.jar:?]
	at java.util.Optional.orElseThrow(Optional.java:403) ~[?:?]
	at net.minecraft.class_1869.method_8155(class_1869.java:272) ~[server-intermediary.jar:?]
	at net.minecraft.class_1856.method_8107(class_1856.java:160) ~[server-intermediary.jar:?]
	at net.minecraft.class_1856.method_8102(class_1856.java:143) ~[server-intermediary.jar:?]
	at net.minecraft.class_1856.method_52177(class_1856.java:135) ~[server-intermediary.jar:?]
	at net.minecraft.class_8060$class_8061.method_48455(class_8060.java:87) ~[server-intermediary.jar:?]
	at net.minecraft.class_8060$class_8061.method_8121(class_8060.java:84) ~[server-intermediary.jar:?]
	at net.minecraft.class_1863.method_17720(class_1863.java:135) ~[server-intermediary.jar:?]
	at net.minecraft.class_1863.method_20705(class_1863.java:56) ~[server-intermediary.jar:?]
	at net.minecraft.class_1863.method_18788(class_1863.java:35) ~[server-intermediary.jar:?]
	at net.minecraft.class_4080.method_18790(class_4080.java:13) ~[server-intermediary.jar:?]
	at java.util.concurrent.CompletableFuture$UniAccept.tryFire(CompletableFuture.java:718) ~[?:?]
	at java.util.concurrent.CompletableFuture$Completion.run(CompletableFuture.java:482) ~[?:?]
	at net.minecraft.class_4014.method_18365(class_4014.java:69) ~[server-intermediary.jar:?]
	at net.minecraft.class_156.method_43498(class_156.java:950) ~[server-intermediary.jar:?]
	at net.minecraft.class_156.method_43499(class_156.java:938) ~[server-intermediary.jar:?]
	at net.minecraft.server.Main.main(Main.java:160) ~[server-intermediary.jar:?]
	at net.fabricmc.loader.impl.game.minecraft.MinecraftGameProvider.launch(MinecraftGameProvider.java:514) ~[fabric-loader-0.18.2.jar:?]
	at net.fabricmc.loader.impl.launch.knot.Knot.launch(Knot.java:72) ~[fabric-loader-0.18.2.jar:?]
	at net.fabricmc.loader.impl.launch.knot.KnotServer.main(KnotServer.java:23) ~[fabric-loader-0.18.2.jar:?]
	at net.fabricmc.loader.impl.launch.server.FabricServerLauncher.main(FabricServerLauncher.java:69) ~[fabric-loader-0.18.2.jar:?]
	at net.fabricmc.installer.ServerLauncher.main(ServerLauncher.java:69) ~[fabric-server-launch.jar:1.0.1]
[05:11:32] [main/ERROR]: Parsing error loading recipe mythiclib:netherite_to_peridot_axe_smithing
com.google.gson.JsonSyntaxException: Unknown item 'mythicupgrades:netherite_axe'
	at net.minecraft.class_1869.method_17878(class_1869.java:272) ~[server-intermediary.jar:?]
	at java.util.Optional.orElseThrow(Optional.java:403) ~[?:?]
	at net.minecraft.class_1869.method_8155(class_1869.java:272) ~[server-intermediary.jar:?]
	at net.minecraft.class_1856.method_8107(class_1856.java:160) ~[server-intermediary.jar:?]
	at net.minecraft.class_1856.method_8102(class_1856.java:143) ~[server-intermediary.jar:?]
	at net.minecraft.class_1856.method_52177(class_1856.java:135) ~[server-intermediary.jar:?]
	at net.minecraft.class_8060$class_8061.method_48455(class_8060.java:88) ~[server-intermediary.jar:?]
	at net.minecraft.class_8060$class_8061.method_8121(class_8060.java:84) ~[server-intermediary.jar:?]
	at net.minecraft.class_1863.method_17720(class_1863.java:135) ~[server-intermediary.jar:?]
	at net.minecraft.class_1863.method_20705(class_1863.java:56) ~[server-intermediary.jar:?]
	at net.minecraft.class_1863.method_18788(class_1863.java:35) ~[server-intermediary.jar:?]
	at net.minecraft.class_4080.method_18790(class_4080.java:13) ~[server-intermediary.jar:?]
	at java.util.concurrent.CompletableFuture$UniAccept.tryFire(CompletableFuture.java:718) ~[?:?]
	at java.util.concurrent.CompletableFuture$Completion.run(CompletableFuture.java:482) ~[?:?]
	at net.minecraft.class_4014.method_18365(class_4014.java:69) ~[server-intermediary.jar:?]
	at net.minecraft.class_156.method_43498(class_156.java:950) ~[server-intermediary.jar:?]
	at net.minecraft.class_156.method_43499(class_156.java:938) ~[server-intermediary.jar:?]
	at net.minecraft.server.Main.main(Main.java:160) ~[server-intermediary.jar:?]
	at net.fabricmc.loader.impl.game.minecraft.MinecraftGameProvider.launch(MinecraftGameProvider.java:514) ~[fabric-loader-0.18.2.jar:?]
	at net.fabricmc.loader.impl.launch.knot.Knot.launch(Knot.java:72) ~[fabric-loader-0.18.2.jar:?]
	at net.fabricmc.loader.impl.launch.knot.KnotServer.main(KnotServer.java:23) ~[fabric-loader-0.18.2.jar:?]
	at net.fabricmc.loader.impl.launch.server.FabricServerLauncher.main(FabricServerLauncher.java:69) ~[fabric-loader-0.18.2.jar:?]
	at net.fabricmc.installer.ServerLauncher.main(ServerLauncher.java:69) ~[fabric-server-launch.jar:1.0.1]
[05:11:32] [main/ERROR]: Parsing error loading recipe mythiclib:netherite_to_peridot_shovel_smithing
com.google.gson.JsonSyntaxException: Unknown item 'mythicupgrades:netherite_shovel'
	at net.minecraft.class_1869.method_17878(class_1869.java:272) ~[server-intermediary.jar:?]
	at java.util.Optional.orElseThrow(Optional.java:403) ~[?:?]
	at net.minecraft.class_1869.method_8155(class_1869.java:272) ~[server-intermediary.jar:?]
	at net.minecraft.class_1856.method_8107(class_1856.java:160) ~[server-intermediary.jar:?]
	at net.minecraft.class_1856.method_8102(class_1856.java:143) ~[server-intermediary.jar:?]
	at net.minecraft.class_1856.method_52177(class_1856.java:135) ~[server-intermediary.jar:?]
	at net.minecraft.class_8060$class_8061.method_48455(class_8060.java:88) ~[server-intermediary.jar:?]
	at net.minecraft.class_8060$class_8061.method_8121(class_8060.java:84) ~[server-intermediary.jar:?]
	at net.minecraft.class_1863.method_17720(class_1863.java:135) ~[server-intermediary.jar:?]
	at net.minecraft.class_1863.method_20705(class_1863.java:56) ~[server-intermediary.jar:?]
	at net.minecraft.class_1863.method_18788(class_1863.java:35) ~[server-intermediary.jar:?]
	at net.minecraft.class_4080.method_18790(class_4080.java:13) ~[server-intermediary.jar:?]
	at java.util.concurrent.CompletableFuture$UniAccept.tryFire(CompletableFuture.java:718) ~[?:?]
	at java.util.concurrent.CompletableFuture$Completion.run(CompletableFuture.java:482) ~[?:?]
	at net.minecraft.class_4014.method_18365(class_4014.java:69) ~[server-intermediary.jar:?]
	at net.minecraft.class_156.method_43498(class_156.java:950) ~[server-intermediary.jar:?]
	at net.minecraft.class_156.method_43499(class_156.java:938) ~[server-intermediary.jar:?]
	at net.minecraft.server.Main.main(Main.java:160) ~[server-intermediary.jar:?]
	at net.fabricmc.loader.impl.game.minecraft.MinecraftGameProvider.launch(MinecraftGameProvider.java:514) ~[fabric-loader-0.18.2.jar:?]
	at net.fabricmc.loader.impl.launch.knot.Knot.launch(Knot.java:72) ~[fabric-loader-0.18.2.jar:?]
	at net.fabricmc.loader.impl.launch.knot.KnotServer.main(KnotServer.java:23) ~[fabric-loader-0.18.2.jar:?]
	at net.fabricmc.loader.impl.launch.server.FabricServerLauncher.main(FabricServerLauncher.java:69) ~[fabric-loader-0.18.2.jar:?]
	at net.fabricmc.installer.ServerLauncher.main(ServerLauncher.java:69) ~[fabric-server-launch.jar:1.0.1]
[05:11:32] [main/ERROR]: Parsing error loading recipe mythiclib:netherite_to_topaz_helmet_smithing
com.google.gson.JsonSyntaxException: Unknown item 'mythicupgrades:netherite_helmet'
	at net.minecraft.class_1869.method_17878(class_1869.java:272) ~[server-intermediary.jar:?]
	at java.util.Optional.orElseThrow(Optional.java:403) ~[?:?]
	at net.minecraft.class_1869.method_8155(class_1869.java:272) ~[server-intermediary.jar:?]
	at net.minecraft.class_1856.method_8107(class_1856.java:160) ~[server-intermediary.jar:?]
	at net.minecraft.class_1856.method_8102(class_1856.java:143) ~[server-intermediary.jar:?]
	at net.minecraft.class_1856.method_52177(class_1856.java:135) ~[server-intermediary.jar:?]
	at net.minecraft.class_8060$class_8061.method_48455(class_8060.java:88) ~[server-intermediary.jar:?]
	at net.minecraft.class_8060$class_8061.method_8121(class_8060.java:84) ~[server-intermediary.jar:?]
	at net.minecraft.class_1863.method_17720(class_1863.java:135) ~[server-intermediary.jar:?]
	at net.minecraft.class_1863.method_20705(class_1863.java:56) ~[server-intermediary.jar:?]
	at net.minecraft.class_1863.method_18788(class_1863.java:35) ~[server-intermediary.jar:?]
	at net.minecraft.class_4080.method_18790(class_4080.java:13) ~[server-intermediary.jar:?]
	at java.util.concurrent.CompletableFuture$UniAccept.tryFire(CompletableFuture.java:718) ~[?:?]
	at java.util.concurrent.CompletableFuture$Completion.run(CompletableFuture.java:482) ~[?:?]
	at net.minecraft.class_4014.method_18365(class_4014.java:69) ~[server-intermediary.jar:?]
	at net.minecraft.class_156.method_43498(class_156.java:950) ~[server-intermediary.jar:?]
	at net.minecraft.class_156.method_43499(class_156.java:938) ~[server-intermediary.jar:?]
	at net.minecraft.server.Main.main(Main.java:160) ~[server-intermediary.jar:?]
	at net.fabricmc.loader.impl.game.minecraft.MinecraftGameProvider.launch(MinecraftGameProvider.java:514) ~[fabric-loader-0.18.2.jar:?]
	at net.fabricmc.loader.impl.launch.knot.Knot.launch(Knot.java:72) ~[fabric-loader-0.18.2.jar:?]
	at net.fabricmc.loader.impl.launch.knot.KnotServer.main(KnotServer.java:23) ~[fabric-loader-0.18.2.jar:?]
	at net.fabricmc.loader.impl.launch.server.FabricServerLauncher.main(FabricServerLauncher.java:69) ~[fabric-loader-0.18.2.jar:?]
	at net.fabricmc.installer.ServerLauncher.main(ServerLauncher.java:69) ~[fabric-server-launch.jar:1.0.1]
[05:11:32] [main/ERROR]: Parsing error loading recipe mythiclib:netherite_to_aquamarine_helmet_smithing
com.google.gson.JsonSyntaxException: Unknown item 'mythicupgrades:netherite_helmet'
	at net.minecraft.class_1869.method_17878(class_1869.java:272) ~[server-intermediary.jar:?]
	at java.util.Optional.orElseThrow(Optional.java:403) ~[?:?]
	at net.minecraft.class_1869.method_8155(class_1869.java:272) ~[server-intermediary.jar:?]
	at net.minecraft.class_1856.method_8107(class_1856.java:160) ~[server-intermediary.jar:?]
	at net.minecraft.class_1856.method_8102(class_1856.java:143) ~[server-intermediary.jar:?]
	at net.minecraft.class_1856.method_52177(class_1856.java:135) ~[server-intermediary.jar:?]
	at net.minecraft.class_8060$class_8061.method_48455(class_8060.java:88) ~[server-intermediary.jar:?]
	at net.minecraft.class_8060$class_8061.method_8121(class_8060.java:84) ~[server-intermediary.jar:?]
	at net.minecraft.class_1863.method_17720(class_1863.java:135) ~[server-intermediary.jar:?]
	at net.minecraft.class_1863.method_20705(class_1863.java:56) ~[server-intermediary.jar:?]
	at net.minecraft.class_1863.method_18788(class_1863.java:35) ~[server-intermediary.jar:?]
	at net.minecraft.class_4080.method_18790(class_4080.java:13) ~[server-intermediary.jar:?]
	at java.util.concurrent.CompletableFuture$UniAccept.tryFire(CompletableFuture.java:718) ~[?:?]
	at java.util.concurrent.CompletableFuture$Completion.run(CompletableFuture.java:482) ~[?:?]
	at net.minecraft.class_4014.method_18365(class_4014.java:69) ~[server-intermediary.jar:?]
	at net.minecraft.class_156.method_43498(class_156.java:950) ~[server-intermediary.jar:?]
	at net.minecraft.class_156.method_43499(class_156.java:938) ~[server-intermediary.jar:?]
	at net.minecraft.server.Main.main(Main.java:160) ~[server-intermediary.jar:?]
	at net.fabricmc.loader.impl.game.minecraft.MinecraftGameProvider.launch(MinecraftGameProvider.java:514) ~[fabric-loader-0.18.2.jar:?]
	at net.fabricmc.loader.impl.launch.knot.Knot.launch(Knot.java:72) ~[fabric-loader-0.18.2.jar:?]
	at net.fabricmc.loader.impl.launch.knot.KnotServer.main(KnotServer.java:23) ~[fabric-loader-0.18.2.jar:?]
	at net.fabricmc.loader.impl.launch.server.FabricServerLauncher.main(FabricServerLauncher.java:69) ~[fabric-loader-0.18.2.jar:?]
	at net.fabricmc.installer.ServerLauncher.main(ServerLauncher.java:69) ~[fabric-server-launch.jar:1.0.1]
[05:11:32] [main/ERROR]: Parsing error loading recipe mythiclib:sapphire_to_netherite_shovel_smithing
com.google.gson.JsonSyntaxException: Unknown item 'mythicupgrades:netherite_upgrade_smithing_template'
	at net.minecraft.class_1869.method_17878(class_1869.java:272) ~[server-intermediary.jar:?]
	at java.util.Optional.orElseThrow(Optional.java:403) ~[?:?]
	at net.minecraft.class_1869.method_8155(class_1869.java:272) ~[server-intermediary.jar:?]
	at net.minecraft.class_1856.method_8107(class_1856.java:160) ~[server-intermediary.jar:?]
	at net.minecraft.class_1856.method_8102(class_1856.java:143) ~[server-intermediary.jar:?]
	at net.minecraft.class_1856.method_52177(class_1856.java:135) ~[server-intermediary.jar:?]
	at net.minecraft.class_8060$class_8061.method_48455(class_8060.java:87) ~[server-intermediary.jar:?]
	at net.minecraft.class_8060$class_8061.method_8121(class_8060.java:84) ~[server-intermediary.jar:?]
	at net.minecraft.class_1863.method_17720(class_1863.java:135) ~[server-intermediary.jar:?]
	at net.minecraft.class_1863.method_20705(class_1863.java:56) ~[server-intermediary.jar:?]
	at net.minecraft.class_1863.method_18788(class_1863.java:35) ~[server-intermediary.jar:?]
	at net.minecraft.class_4080.method_18790(class_4080.java:13) ~[server-intermediary.jar:?]
	at java.util.concurrent.CompletableFuture$UniAccept.tryFire(CompletableFuture.java:718) ~[?:?]
	at java.util.concurrent.CompletableFuture$Completion.run(CompletableFuture.java:482) ~[?:?]
	at net.minecraft.class_4014.method_18365(class_4014.java:69) ~[server-intermediary.jar:?]
	at net.minecraft.class_156.method_43498(class_156.java:950) ~[server-intermediary.jar:?]
	at net.minecraft.class_156.method_43499(class_156.java:938) ~[server-intermediary.jar:?]
	at net.minecraft.server.Main.main(Main.java:160) ~[server-intermediary.jar:?]
	at net.fabricmc.loader.impl.game.minecraft.MinecraftGameProvider.launch(MinecraftGameProvider.java:514) ~[fabric-loader-0.18.2.jar:?]
	at net.fabricmc.loader.impl.launch.knot.Knot.launch(Knot.java:72) ~[fabric-loader-0.18.2.jar:?]
	at net.fabricmc.loader.impl.launch.knot.KnotServer.main(KnotServer.java:23) ~[fabric-loader-0.18.2.jar:?]
	at net.fabricmc.loader.impl.launch.server.FabricServerLauncher.main(FabricServerLauncher.java:69) ~[fabric-loader-0.18.2.jar:?]
	at net.fabricmc.installer.ServerLauncher.main(ServerLauncher.java:69) ~[fabric-server-launch.jar:1.0.1]
[05:11:32] [main/ERROR]: Parsing error loading recipe mythiclib:netherite_to_ruby_pickaxe_smithing
com.google.gson.JsonSyntaxException: Unknown item 'mythicupgrades:netherite_pickaxe'
	at net.minecraft.class_1869.method_17878(class_1869.java:272) ~[server-intermediary.jar:?]
	at java.util.Optional.orElseThrow(Optional.java:403) ~[?:?]
	at net.minecraft.class_1869.method_8155(class_1869.java:272) ~[server-intermediary.jar:?]
	at net.minecraft.class_1856.method_8107(class_1856.java:160) ~[server-intermediary.jar:?]
	at net.minecraft.class_1856.method_8102(class_1856.java:143) ~[server-intermediary.jar:?]
	at net.minecraft.class_1856.method_52177(class_1856.java:135) ~[server-intermediary.jar:?]
	at net.minecraft.class_8060$class_8061.method_48455(class_8060.java:88) ~[server-intermediary.jar:?]
	at net.minecraft.class_8060$class_8061.method_8121(class_8060.java:84) ~[server-intermediary.jar:?]
	at net.minecraft.class_1863.method_17720(class_1863.java:135) ~[server-intermediary.jar:?]
	at net.minecraft.class_1863.method_20705(class_1863.java:56) ~[server-intermediary.jar:?]
	at net.minecraft.class_1863.method_18788(class_1863.java:35) ~[server-intermediary.jar:?]
	at net.minecraft.class_4080.method_18790(class_4080.java:13) ~[server-intermediary.jar:?]
	at java.util.concurrent.CompletableFuture$UniAccept.tryFire(CompletableFuture.java:718) ~[?:?]
	at java.util.concurrent.CompletableFuture$Completion.run(CompletableFuture.java:482) ~[?:?]
	at net.minecraft.class_4014.method_18365(class_4014.java:69) ~[server-intermediary.jar:?]
	at net.minecraft.class_156.method_43498(class_156.java:950) ~[server-intermediary.jar:?]
	at net.minecraft.class_156.method_43499(class_156.java:938) ~[server-intermediary.jar:?]
	at net.minecraft.server.Main.main(Main.java:160) ~[server-intermediary.jar:?]
	at net.fabricmc.loader.impl.game.minecraft.MinecraftGameProvider.launch(MinecraftGameProvider.java:514) ~[fabric-loader-0.18.2.jar:?]
	at net.fabricmc.loader.impl.launch.knot.Knot.launch(Knot.java:72) ~[fabric-loader-0.18.2.jar:?]
	at net.fabricmc.loader.impl.launch.knot.KnotServer.main(KnotServer.java:23) ~[fabric-loader-0.18.2.jar:?]
	at net.fabricmc.loader.impl.launch.server.FabricServerLauncher.main(FabricServerLauncher.java:69) ~[fabric-loader-0.18.2.jar:?]
	at net.fabricmc.installer.ServerLauncher.main(ServerLauncher.java:69) ~[fabric-server-launch.jar:1.0.1]
[05:11:32] [main/ERROR]: Parsing error loading recipe mythiclib:ametrine_to_netherite_shovel_smithing
com.google.gson.JsonSyntaxException: Unknown item 'mythicupgrades:netherite_upgrade_smithing_template'
	at net.minecraft.class_1869.method_17878(class_1869.java:272) ~[server-intermediary.jar:?]
	at java.util.Optional.orElseThrow(Optional.java:403) ~[?:?]
	at net.minecraft.class_1869.method_8155(class_1869.java:272) ~[server-intermediary.jar:?]
	at net.minecraft.class_1856.method_8107(class_1856.java:160) ~[server-intermediary.jar:?]
	at net.minecraft.class_1856.method_8102(class_1856.java:143) ~[server-intermediary.jar:?]
	at net.minecraft.class_1856.method_52177(class_1856.java:135) ~[server-intermediary.jar:?]
	at net.minecraft.class_8060$class_8061.method_48455(class_8060.java:87) ~[server-intermediary.jar:?]
	at net.minecraft.class_8060$class_8061.method_8121(class_8060.java:84) ~[server-intermediary.jar:?]
	at net.minecraft.class_1863.method_17720(class_1863.java:135) ~[server-intermediary.jar:?]
	at net.minecraft.class_1863.method_20705(class_1863.java:56) ~[server-intermediary.jar:?]
	at net.minecraft.class_1863.method_18788(class_1863.java:35) ~[server-intermediary.jar:?]
	at net.minecraft.class_4080.method_18790(class_4080.java:13) ~[server-intermediary.jar:?]
	at java.util.concurrent.CompletableFuture$UniAccept.tryFire(CompletableFuture.java:718) ~[?:?]
	at java.util.concurrent.CompletableFuture$Completion.run(CompletableFuture.java:482) ~[?:?]
	at net.minecraft.class_4014.method_18365(class_4014.java:69) ~[server-intermediary.jar:?]
	at net.minecraft.class_156.method_43498(class_156.java:950) ~[server-intermediary.jar:?]
	at net.minecraft.class_156.method_43499(class_156.java:938) ~[server-intermediary.jar:?]
	at net.minecraft.server.Main.main(Main.java:160) ~[server-intermediary.jar:?]
	at net.fabricmc.loader.impl.game.minecraft.MinecraftGameProvider.launch(MinecraftGameProvider.java:514) ~[fabric-loader-0.18.2.jar:?]
	at net.fabricmc.loader.impl.launch.knot.Knot.launch(Knot.java:72) ~[fabric-loader-0.18.2.jar:?]
	at net.fabricmc.loader.impl.launch.knot.KnotServer.main(KnotServer.java:23) ~[fabric-loader-0.18.2.jar:?]
	at net.fabricmc.loader.impl.launch.server.FabricServerLauncher.main(FabricServerLauncher.java:69) ~[fabric-loader-0.18.2.jar:?]
	at net.fabricmc.installer.ServerLauncher.main(ServerLauncher.java:69) ~[fabric-server-launch.jar:1.0.1]
[05:11:32] [main/ERROR]: Parsing error loading recipe mythiclib:netherite_to_sapphire_shovel_smithing
com.google.gson.JsonSyntaxException: Unknown item 'mythicupgrades:netherite_shovel'
	at net.minecraft.class_1869.method_17878(class_1869.java:272) ~[server-intermediary.jar:?]
	at java.util.Optional.orElseThrow(Optional.java:403) ~[?:?]
	at net.minecraft.class_1869.method_8155(class_1869.java:272) ~[server-intermediary.jar:?]
	at net.minecraft.class_1856.method_8107(class_1856.java:160) ~[server-intermediary.jar:?]
	at net.minecraft.class_1856.method_8102(class_1856.java:143) ~[server-intermediary.jar:?]
	at net.minecraft.class_1856.method_52177(class_1856.java:135) ~[server-intermediary.jar:?]
	at net.minecraft.class_8060$class_8061.method_48455(class_8060.java:88) ~[server-intermediary.jar:?]
	at net.minecraft.class_8060$class_8061.method_8121(class_8060.java:84) ~[server-intermediary.jar:?]
	at net.minecraft.class_1863.method_17720(class_1863.java:135) ~[server-intermediary.jar:?]
	at net.minecraft.class_1863.method_20705(class_1863.java:56) ~[server-intermediary.jar:?]
	at net.minecraft.class_1863.method_18788(class_1863.java:35) ~[server-intermediary.jar:?]
	at net.minecraft.class_4080.method_18790(class_4080.java:13) ~[server-intermediary.jar:?]
	at java.util.concurrent.CompletableFuture$UniAccept.tryFire(CompletableFuture.java:718) ~[?:?]
	at java.util.concurrent.CompletableFuture$Completion.run(CompletableFuture.java:482) ~[?:?]
	at net.minecraft.class_4014.method_18365(class_4014.java:69) ~[server-intermediary.jar:?]
	at net.minecraft.class_156.method_43498(class_156.java:950) ~[server-intermediary.jar:?]
	at net.minecraft.class_156.method_43499(class_156.java:938) ~[server-intermediary.jar:?]
	at net.minecraft.server.Main.main(Main.java:160) ~[server-intermediary.jar:?]
	at net.fabricmc.loader.impl.game.minecraft.MinecraftGameProvider.launch(MinecraftGameProvider.java:514) ~[fabric-loader-0.18.2.jar:?]
	at net.fabricmc.loader.impl.launch.knot.Knot.launch(Knot.java:72) ~[fabric-loader-0.18.2.jar:?]
	at net.fabricmc.loader.impl.launch.knot.KnotServer.main(KnotServer.java:23) ~[fabric-loader-0.18.2.jar:?]
	at net.fabricmc.loader.impl.launch.server.FabricServerLauncher.main(FabricServerLauncher.java:69) ~[fabric-loader-0.18.2.jar:?]
	at net.fabricmc.installer.ServerLauncher.main(ServerLauncher.java:69) ~[fabric-server-launch.jar:1.0.1]
[05:11:32] [main/ERROR]: Parsing error loading recipe mythiclib:netherite_to_peridot_sword_smithing
com.google.gson.JsonSyntaxException: Unknown item 'mythicupgrades:netherite_sword'
	at net.minecraft.class_1869.method_17878(class_1869.java:272) ~[server-intermediary.jar:?]
	at java.util.Optional.orElseThrow(Optional.java:403) ~[?:?]
	at net.minecraft.class_1869.method_8155(class_1869.java:272) ~[server-intermediary.jar:?]
	at net.minecraft.class_1856.method_8107(class_1856.java:160) ~[server-intermediary.jar:?]
	at net.minecraft.class_1856.method_8102(class_1856.java:143) ~[server-intermediary.jar:?]
	at net.minecraft.class_1856.method_52177(class_1856.java:135) ~[server-intermediary.jar:?]
	at net.minecraft.class_8060$class_8061.method_48455(class_8060.java:88) ~[server-intermediary.jar:?]
	at net.minecraft.class_8060$class_8061.method_8121(class_8060.java:84) ~[server-intermediary.jar:?]
	at net.minecraft.class_1863.method_17720(class_1863.java:135) ~[server-intermediary.jar:?]
	at net.minecraft.class_1863.method_20705(class_1863.java:56) ~[server-intermediary.jar:?]
	at net.minecraft.class_1863.method_18788(class_1863.java:35) ~[server-intermediary.jar:?]
	at net.minecraft.class_4080.method_18790(class_4080.java:13) ~[server-intermediary.jar:?]
	at java.util.concurrent.CompletableFuture$UniAccept.tryFire(CompletableFuture.java:718) ~[?:?]
	at java.util.concurrent.CompletableFuture$Completion.run(CompletableFuture.java:482) ~[?:?]
	at net.minecraft.class_4014.method_18365(class_4014.java:69) ~[server-intermediary.jar:?]
	at net.minecraft.class_156.method_43498(class_156.java:950) ~[server-intermediary.jar:?]
	at net.minecraft.class_156.method_43499(class_156.java:938) ~[server-intermediary.jar:?]
	at net.minecraft.server.Main.main(Main.java:160) ~[server-intermediary.jar:?]
	at net.fabricmc.loader.impl.game.minecraft.MinecraftGameProvider.launch(MinecraftGameProvider.java:514) ~[fabric-loader-0.18.2.jar:?]
	at net.fabricmc.loader.impl.launch.knot.Knot.launch(Knot.java:72) ~[fabric-loader-0.18.2.jar:?]
	at net.fabricmc.loader.impl.launch.knot.KnotServer.main(KnotServer.java:23) ~[fabric-loader-0.18.2.jar:?]
	at net.fabricmc.loader.impl.launch.server.FabricServerLauncher.main(FabricServerLauncher.java:69) ~[fabric-loader-0.18.2.jar:?]
	at net.fabricmc.installer.ServerLauncher.main(ServerLauncher.java:69) ~[fabric-server-launch.jar:1.0.1]
[05:11:32] [main/ERROR]: Parsing error loading recipe mythiclib:aquamarine_to_netherite_boots_smithing
com.google.gson.JsonSyntaxException: Unknown item 'mythicupgrades:netherite_upgrade_smithing_template'
	at net.minecraft.class_1869.method_17878(class_1869.java:272) ~[server-intermediary.jar:?]
	at java.util.Optional.orElseThrow(Optional.java:403) ~[?:?]
	at net.minecraft.class_1869.method_8155(class_1869.java:272) ~[server-intermediary.jar:?]
	at net.minecraft.class_1856.method_8107(class_1856.java:160) ~[server-intermediary.jar:?]
	at net.minecraft.class_1856.method_8102(class_1856.java:143) ~[server-intermediary.jar:?]
	at net.minecraft.class_1856.method_52177(class_1856.java:135) ~[server-intermediary.jar:?]
	at net.minecraft.class_8060$class_8061.method_48455(class_8060.java:87) ~[server-intermediary.jar:?]
	at net.minecraft.class_8060$class_8061.method_8121(class_8060.java:84) ~[server-intermediary.jar:?]
	at net.minecraft.class_1863.method_17720(class_1863.java:135) ~[server-intermediary.jar:?]
	at net.minecraft.class_1863.method_20705(class_1863.java:56) ~[server-intermediary.jar:?]
	at net.minecraft.class_1863.method_18788(class_1863.java:35) ~[server-intermediary.jar:?]
	at net.minecraft.class_4080.method_18790(class_4080.java:13) ~[server-intermediary.jar:?]
	at java.util.concurrent.CompletableFuture$UniAccept.tryFire(CompletableFuture.java:718) ~[?:?]
	at java.util.concurrent.CompletableFuture$Completion.run(CompletableFuture.java:482) ~[?:?]
	at net.minecraft.class_4014.method_18365(class_4014.java:69) ~[server-intermediary.jar:?]
	at net.minecraft.class_156.method_43498(class_156.java:950) ~[server-intermediary.jar:?]
	at net.minecraft.class_156.method_43499(class_156.java:938) ~[server-intermediary.jar:?]
	at net.minecraft.server.Main.main(Main.java:160) ~[server-intermediary.jar:?]
	at net.fabricmc.loader.impl.game.minecraft.MinecraftGameProvider.launch(MinecraftGameProvider.java:514) ~[fabric-loader-0.18.2.jar:?]
	at net.fabricmc.loader.impl.launch.knot.Knot.launch(Knot.java:72) ~[fabric-loader-0.18.2.jar:?]
	at net.fabricmc.loader.impl.launch.knot.KnotServer.main(KnotServer.java:23) ~[fabric-loader-0.18.2.jar:?]
	at net.fabricmc.loader.impl.launch.server.FabricServerLauncher.main(FabricServerLauncher.java:69) ~[fabric-loader-0.18.2.jar:?]
	at net.fabricmc.installer.ServerLauncher.main(ServerLauncher.java:69) ~[fabric-server-launch.jar:1.0.1]
[05:11:32] [main/ERROR]: Parsing error loading recipe mythiclib:aquamarine_to_netherite_shovel_smithing
com.google.gson.JsonSyntaxException: Unknown item 'mythicupgrades:netherite_upgrade_smithing_template'
	at net.minecraft.class_1869.method_17878(class_1869.java:272) ~[server-intermediary.jar:?]
	at java.util.Optional.orElseThrow(Optional.java:403) ~[?:?]
	at net.minecraft.class_1869.method_8155(class_1869.java:272) ~[server-intermediary.jar:?]
	at net.minecraft.class_1856.method_8107(class_1856.java:160) ~[server-intermediary.jar:?]
	at net.minecraft.class_1856.method_8102(class_1856.java:143) ~[server-intermediary.jar:?]
	at net.minecraft.class_1856.method_52177(class_1856.java:135) ~[server-intermediary.jar:?]
	at net.minecraft.class_8060$class_8061.method_48455(class_8060.java:87) ~[server-intermediary.jar:?]
	at net.minecraft.class_8060$class_8061.method_8121(class_8060.java:84) ~[server-intermediary.jar:?]
	at net.minecraft.class_1863.method_17720(class_1863.java:135) ~[server-intermediary.jar:?]
	at net.minecraft.class_1863.method_20705(class_1863.java:56) ~[server-intermediary.jar:?]
	at net.minecraft.class_1863.method_18788(class_1863.java:35) ~[server-intermediary.jar:?]
	at net.minecraft.class_4080.method_18790(class_4080.java:13) ~[server-intermediary.jar:?]
	at java.util.concurrent.CompletableFuture$UniAccept.tryFire(CompletableFuture.java:718) ~[?:?]
	at java.util.concurrent.CompletableFuture$Completion.run(CompletableFuture.java:482) ~[?:?]
	at net.minecraft.class_4014.method_18365(class_4014.java:69) ~[server-intermediary.jar:?]
	at net.minecraft.class_156.method_43498(class_156.java:950) ~[server-intermediary.jar:?]
	at net.minecraft.class_156.method_43499(class_156.java:938) ~[server-intermediary.jar:?]
	at net.minecraft.server.Main.main(Main.java:160) ~[server-intermediary.jar:?]
	at net.fabricmc.loader.impl.game.minecraft.MinecraftGameProvider.launch(MinecraftGameProvider.java:514) ~[fabric-loader-0.18.2.jar:?]
	at net.fabricmc.loader.impl.launch.knot.Knot.launch(Knot.java:72) ~[fabric-loader-0.18.2.jar:?]
	at net.fabricmc.loader.impl.launch.knot.KnotServer.main(KnotServer.java:23) ~[fabric-loader-0.18.2.jar:?]
	at net.fabricmc.loader.impl.launch.server.FabricServerLauncher.main(FabricServerLauncher.java:69) ~[fabric-loader-0.18.2.jar:?]
	at net.fabricmc.installer.ServerLauncher.main(ServerLauncher.java:69) ~[fabric-server-launch.jar:1.0.1]
[05:11:32] [main/ERROR]: Parsing error loading recipe mythiclib:netherite_to_ametrine_pickaxe_smithing
com.google.gson.JsonSyntaxException: Unknown item 'mythicupgrades:netherite_pickaxe'
	at net.minecraft.class_1869.method_17878(class_1869.java:272) ~[server-intermediary.jar:?]
	at java.util.Optional.orElseThrow(Optional.java:403) ~[?:?]
	at net.minecraft.class_1869.method_8155(class_1869.java:272) ~[server-intermediary.jar:?]
	at net.minecraft.class_1856.method_8107(class_1856.java:160) ~[server-intermediary.jar:?]
	at net.minecraft.class_1856.method_8102(class_1856.java:143) ~[server-intermediary.jar:?]
	at net.minecraft.class_1856.method_52177(class_1856.java:135) ~[server-intermediary.jar:?]
	at net.minecraft.class_8060$class_8061.method_48455(class_8060.java:88) ~[server-intermediary.jar:?]
	at net.minecraft.class_8060$class_8061.method_8121(class_8060.java:84) ~[server-intermediary.jar:?]
	at net.minecraft.class_1863.method_17720(class_1863.java:135) ~[server-intermediary.jar:?]
	at net.minecraft.class_1863.method_20705(class_1863.java:56) ~[server-intermediary.jar:?]
	at net.minecraft.class_1863.method_18788(class_1863.java:35) ~[server-intermediary.jar:?]
	at net.minecraft.class_4080.method_18790(class_4080.java:13) ~[server-intermediary.jar:?]
	at java.util.concurrent.CompletableFuture$UniAccept.tryFire(CompletableFuture.java:718) ~[?:?]
	at java.util.concurrent.CompletableFuture$Completion.run(CompletableFuture.java:482) ~[?:?]
	at net.minecraft.class_4014.method_18365(class_4014.java:69) ~[server-intermediary.jar:?]
	at net.minecraft.class_156.method_43498(class_156.java:950) ~[server-intermediary.jar:?]
	at net.minecraft.class_156.method_43499(class_156.java:938) ~[server-intermediary.jar:?]
	at net.minecraft.server.Main.main(Main.java:160) ~[server-intermediary.jar:?]
	at net.fabricmc.loader.impl.game.minecraft.MinecraftGameProvider.launch(MinecraftGameProvider.java:514) ~[fabric-loader-0.18.2.jar:?]
	at net.fabricmc.loader.impl.launch.knot.Knot.launch(Knot.java:72) ~[fabric-loader-0.18.2.jar:?]
	at net.fabricmc.loader.impl.launch.knot.KnotServer.main(KnotServer.java:23) ~[fabric-loader-0.18.2.jar:?]
	at net.fabricmc.loader.impl.launch.server.FabricServerLauncher.main(FabricServerLauncher.java:69) ~[fabric-loader-0.18.2.jar:?]
	at net.fabricmc.installer.ServerLauncher.main(ServerLauncher.java:69) ~[fabric-server-launch.jar:1.0.1]
[05:11:32] [main/ERROR]: Parsing error loading recipe mythiclib:netherite_to_aquamarine_hoe_smithing
com.google.gson.JsonSyntaxException: Unknown item 'mythicupgrades:netherite_hoe'
	at net.minecraft.class_1869.method_17878(class_1869.java:272) ~[server-intermediary.jar:?]
	at java.util.Optional.orElseThrow(Optional.java:403) ~[?:?]
	at net.minecraft.class_1869.method_8155(class_1869.java:272) ~[server-intermediary.jar:?]
	at net.minecraft.class_1856.method_8107(class_1856.java:160) ~[server-intermediary.jar:?]
	at net.minecraft.class_1856.method_8102(class_1856.java:143) ~[server-intermediary.jar:?]
	at net.minecraft.class_1856.method_52177(class_1856.java:135) ~[server-intermediary.jar:?]
	at net.minecraft.class_8060$class_8061.method_48455(class_8060.java:88) ~[server-intermediary.jar:?]
	at net.minecraft.class_8060$class_8061.method_8121(class_8060.java:84) ~[server-intermediary.jar:?]
	at net.minecraft.class_1863.method_17720(class_1863.java:135) ~[server-intermediary.jar:?]
	at net.minecraft.class_1863.method_20705(class_1863.java:56) ~[server-intermediary.jar:?]
	at net.minecraft.class_1863.method_18788(class_1863.java:35) ~[server-intermediary.jar:?]
	at net.minecraft.class_4080.method_18790(class_4080.java:13) ~[server-intermediary.jar:?]
	at java.util.concurrent.CompletableFuture$UniAccept.tryFire(CompletableFuture.java:718) ~[?:?]
	at java.util.concurrent.CompletableFuture$Completion.run(CompletableFuture.java:482) ~[?:?]
	at net.minecraft.class_4014.method_18365(class_4014.java:69) ~[server-intermediary.jar:?]
	at net.minecraft.class_156.method_43498(class_156.java:950) ~[server-intermediary.jar:?]
	at net.minecraft.class_156.method_43499(class_156.java:938) ~[server-intermediary.jar:?]
	at net.minecraft.server.Main.main(Main.java:160) ~[server-intermediary.jar:?]
	at net.fabricmc.loader.impl.game.minecraft.MinecraftGameProvider.launch(MinecraftGameProvider.java:514) ~[fabric-loader-0.18.2.jar:?]
	at net.fabricmc.loader.impl.launch.knot.Knot.launch(Knot.java:72) ~[fabric-loader-0.18.2.jar:?]
	at net.fabricmc.loader.impl.launch.knot.KnotServer.main(KnotServer.java:23) ~[fabric-loader-0.18.2.jar:?]
	at net.fabricmc.loader.impl.launch.server.FabricServerLauncher.main(FabricServerLauncher.java:69) ~[fabric-loader-0.18.2.jar:?]
	at net.fabricmc.installer.ServerLauncher.main(ServerLauncher.java:69) ~[fabric-server-launch.jar:1.0.1]
[05:11:32] [main/ERROR]: Parsing error loading recipe mythiclib:peridot_to_netherite_boots_smithing
com.google.gson.JsonSyntaxException: Unknown item 'mythicupgrades:netherite_upgrade_smithing_template'
	at net.minecraft.class_1869.method_17878(class_1869.java:272) ~[server-intermediary.jar:?]
	at java.util.Optional.orElseThrow(Optional.java:403) ~[?:?]
	at net.minecraft.class_1869.method_8155(class_1869.java:272) ~[server-intermediary.jar:?]
	at net.minecraft.class_1856.method_8107(class_1856.java:160) ~[server-intermediary.jar:?]
	at net.minecraft.class_1856.method_8102(class_1856.java:143) ~[server-intermediary.jar:?]
	at net.minecraft.class_1856.method_52177(class_1856.java:135) ~[server-intermediary.jar:?]
	at net.minecraft.class_8060$class_8061.method_48455(class_8060.java:87) ~[server-intermediary.jar:?]
	at net.minecraft.class_8060$class_8061.method_8121(class_8060.java:84) ~[server-intermediary.jar:?]
	at net.minecraft.class_1863.method_17720(class_1863.java:135) ~[server-intermediary.jar:?]
	at net.minecraft.class_1863.method_20705(class_1863.java:56) ~[server-intermediary.jar:?]
	at net.minecraft.class_1863.method_18788(class_1863.java:35) ~[server-intermediary.jar:?]
	at net.minecraft.class_4080.method_18790(class_4080.java:13) ~[server-intermediary.jar:?]
	at java.util.concurrent.CompletableFuture$UniAccept.tryFire(CompletableFuture.java:718) ~[?:?]
	at java.util.concurrent.CompletableFuture$Completion.run(CompletableFuture.java:482) ~[?:?]
	at net.minecraft.class_4014.method_18365(class_4014.java:69) ~[server-intermediary.jar:?]
	at net.minecraft.class_156.method_43498(class_156.java:950) ~[server-intermediary.jar:?]
	at net.minecraft.class_156.method_43499(class_156.java:938) ~[server-intermediary.jar:?]
	at net.minecraft.server.Main.main(Main.java:160) ~[server-intermediary.jar:?]
	at net.fabricmc.loader.impl.game.minecraft.MinecraftGameProvider.launch(MinecraftGameProvider.java:514) ~[fabric-loader-0.18.2.jar:?]
	at net.fabricmc.loader.impl.launch.knot.Knot.launch(Knot.java:72) ~[fabric-loader-0.18.2.jar:?]
	at net.fabricmc.loader.impl.launch.knot.KnotServer.main(KnotServer.java:23) ~[fabric-loader-0.18.2.jar:?]
	at net.fabricmc.loader.impl.launch.server.FabricServerLauncher.main(FabricServerLauncher.java:69) ~[fabric-loader-0.18.2.jar:?]
	at net.fabricmc.installer.ServerLauncher.main(ServerLauncher.java:69) ~[fabric-server-launch.jar:1.0.1]
[05:11:32] [main/ERROR]: Parsing error loading recipe dramaticdoors:tall_chipped_modern_jungle_door
com.google.gson.JsonSyntaxException: Unknown item 'chipped:classic_windowed_jungle_door'
	at net.minecraft.class_1869.method_17878(class_1869.java:272) ~[server-intermediary.jar:?]
	at java.util.Optional.orElseThrow(Optional.java:403) ~[?:?]
	at net.minecraft.class_1869.method_8155(class_1869.java:272) ~[server-intermediary.jar:?]
	at net.minecraft.class_1856.method_8107(class_1856.java:160) ~[server-intermediary.jar:?]
	at net.minecraft.class_1856.method_8102(class_1856.java:143) ~[server-intermediary.jar:?]
	at net.minecraft.class_1869.method_8157(class_1869.java:252) ~[server-intermediary.jar:?]
	at net.minecraft.class_1869$class_1870.method_8164(class_1869.java:285) ~[server-intermediary.jar:?]
	at net.minecraft.class_1869$class_1870.method_8121(class_1869.java:279) ~[server-intermediary.jar:?]
	at net.minecraft.class_1863.method_17720(class_1863.java:135) ~[server-intermediary.jar:?]
	at net.minecraft.class_1863.method_20705(class_1863.java:56) ~[server-intermediary.jar:?]
	at net.minecraft.class_1863.method_18788(class_1863.java:35) ~[server-intermediary.jar:?]
	at net.minecraft.class_4080.method_18790(class_4080.java:13) ~[server-intermediary.jar:?]
	at java.util.concurrent.CompletableFuture$UniAccept.tryFire(CompletableFuture.java:718) ~[?:?]
	at java.util.concurrent.CompletableFuture$Completion.run(CompletableFuture.java:482) ~[?:?]
	at net.minecraft.class_4014.method_18365(class_4014.java:69) ~[server-intermediary.jar:?]
	at net.minecraft.class_156.method_43498(class_156.java:950) ~[server-intermediary.jar:?]
	at net.minecraft.class_156.method_43499(class_156.java:938) ~[server-intermediary.jar:?]
	at net.minecraft.server.Main.main(Main.java:160) ~[server-intermediary.jar:?]
	at net.fabricmc.loader.impl.game.minecraft.MinecraftGameProvider.launch(MinecraftGameProvider.java:514) ~[fabric-loader-0.18.2.jar:?]
	at net.fabricmc.loader.impl.launch.knot.Knot.launch(Knot.java:72) ~[fabric-loader-0.18.2.jar:?]
	at net.fabricmc.loader.impl.launch.knot.KnotServer.main(KnotServer.java:23) ~[fabric-loader-0.18.2.jar:?]
	at net.fabricmc.loader.impl.launch.server.FabricServerLauncher.main(FabricServerLauncher.java:69) ~[fabric-loader-0.18.2.jar:?]
	at net.fabricmc.installer.ServerLauncher.main(ServerLauncher.java:69) ~[fabric-server-launch.jar:1.0.1]
[05:11:32] [main/ERROR]: Parsing error loading recipe alloy_forgery:compat/forge_tin_ingots_from_ores
com.google.gson.JsonSyntaxException: Priority-based recipes must declare a 'default' tag
	at wraith.alloyforgery.recipe.AlloyForgeRecipeSerializer.read(AlloyForgeRecipeSerializer.java:75) ~[alloy-forgery-2.1.2+1.20.jar:?]
	at wraith.alloyforgery.recipe.AlloyForgeRecipeSerializer.method_8121(AlloyForgeRecipeSerializer.java:18) ~[alloy-forgery-2.1.2+1.20.jar:?]
	at net.minecraft.class_1863.method_17720(class_1863.java:135) ~[server-intermediary.jar:?]
	at net.minecraft.class_1863.method_20705(class_1863.java:56) ~[server-intermediary.jar:?]
	at net.minecraft.class_1863.method_18788(class_1863.java:35) ~[server-intermediary.jar:?]
	at net.minecraft.class_4080.method_18790(class_4080.java:13) ~[server-intermediary.jar:?]
	at java.util.concurrent.CompletableFuture$UniAccept.tryFire(CompletableFuture.java:718) ~[?:?]
	at java.util.concurrent.CompletableFuture$Completion.run(CompletableFuture.java:482) ~[?:?]
	at net.minecraft.class_4014.method_18365(class_4014.java:69) ~[server-intermediary.jar:?]
	at net.minecraft.class_156.method_43498(class_156.java:950) ~[server-intermediary.jar:?]
	at net.minecraft.class_156.method_43499(class_156.java:938) ~[server-intermediary.jar:?]
	at net.minecraft.server.Main.main(Main.java:160) ~[server-intermediary.jar:?]
	at net.fabricmc.loader.impl.game.minecraft.MinecraftGameProvider.launch(MinecraftGameProvider.java:514) ~[fabric-loader-0.18.2.jar:?]
	at net.fabricmc.loader.impl.launch.knot.Knot.launch(Knot.java:72) ~[fabric-loader-0.18.2.jar:?]
	at net.fabricmc.loader.impl.launch.knot.KnotServer.main(KnotServer.java:23) ~[fabric-loader-0.18.2.jar:?]
	at net.fabricmc.loader.impl.launch.server.FabricServerLauncher.main(FabricServerLauncher.java:69) ~[fabric-loader-0.18.2.jar:?]
	at net.fabricmc.installer.ServerLauncher.main(ServerLauncher.java:69) ~[fabric-server-launch.jar:1.0.1]
[05:11:32] [main/ERROR]: Parsing error loading recipe mythiclib:netherite_to_aquamarine_sword_smithing
com.google.gson.JsonSyntaxException: Unknown item 'mythicupgrades:netherite_sword'
	at net.minecraft.class_1869.method_17878(class_1869.java:272) ~[server-intermediary.jar:?]
	at java.util.Optional.orElseThrow(Optional.java:403) ~[?:?]
	at net.minecraft.class_1869.method_8155(class_1869.java:272) ~[server-intermediary.jar:?]
	at net.minecraft.class_1856.method_8107(class_1856.java:160) ~[server-intermediary.jar:?]
	at net.minecraft.class_1856.method_8102(class_1856.java:143) ~[server-intermediary.jar:?]
	at net.minecraft.class_1856.method_52177(class_1856.java:135) ~[server-intermediary.jar:?]
	at net.minecraft.class_8060$class_8061.method_48455(class_8060.java:88) ~[server-intermediary.jar:?]
	at net.minecraft.class_8060$class_8061.method_8121(class_8060.java:84) ~[server-intermediary.jar:?]
	at net.minecraft.class_1863.method_17720(class_1863.java:135) ~[server-intermediary.jar:?]
	at net.minecraft.class_1863.method_20705(class_1863.java:56) ~[server-intermediary.jar:?]
	at net.minecraft.class_1863.method_18788(class_1863.java:35) ~[server-intermediary.jar:?]
	at net.minecraft.class_4080.method_18790(class_4080.java:13) ~[server-intermediary.jar:?]
	at java.util.concurrent.CompletableFuture$UniAccept.tryFire(CompletableFuture.java:718) ~[?:?]
	at java.util.concurrent.CompletableFuture$Completion.run(CompletableFuture.java:482) ~[?:?]
	at net.minecraft.class_4014.method_18365(class_4014.java:69) ~[server-intermediary.jar:?]
	at net.minecraft.class_156.method_43498(class_156.java:950) ~[server-intermediary.jar:?]
	at net.minecraft.class_156.method_43499(class_156.java:938) ~[server-intermediary.jar:?]
	at net.minecraft.server.Main.main(Main.java:160) ~[server-intermediary.jar:?]
	at net.fabricmc.loader.impl.game.minecraft.MinecraftGameProvider.launch(MinecraftGameProvider.java:514) ~[fabric-loader-0.18.2.jar:?]
	at net.fabricmc.loader.impl.launch.knot.Knot.launch(Knot.java:72) ~[fabric-loader-0.18.2.jar:?]
	at net.fabricmc.loader.impl.launch.knot.KnotServer.main(KnotServer.java:23) ~[fabric-loader-0.18.2.jar:?]
	at net.fabricmc.loader.impl.launch.server.FabricServerLauncher.main(FabricServerLauncher.java:69) ~[fabric-loader-0.18.2.jar:?]
	at net.fabricmc.installer.ServerLauncher.main(ServerLauncher.java:69) ~[fabric-server-launch.jar:1.0.1]
[05:11:32] [main/ERROR]: Parsing error loading recipe mythiclib:netherite_to_jade_leggings_smithing
com.google.gson.JsonSyntaxException: Unknown item 'mythicupgrades:netherite_leggings'
	at net.minecraft.class_1869.method_17878(class_1869.java:272) ~[server-intermediary.jar:?]
	at java.util.Optional.orElseThrow(Optional.java:403) ~[?:?]
	at net.minecraft.class_1869.method_8155(class_1869.java:272) ~[server-intermediary.jar:?]
	at net.minecraft.class_1856.method_8107(class_1856.java:160) ~[server-intermediary.jar:?]
	at net.minecraft.class_1856.method_8102(class_1856.java:143) ~[server-intermediary.jar:?]
	at net.minecraft.class_1856.method_52177(class_1856.java:135) ~[server-intermediary.jar:?]
	at net.minecraft.class_8060$class_8061.method_48455(class_8060.java:88) ~[server-intermediary.jar:?]
	at net.minecraft.class_8060$class_8061.method_8121(class_8060.java:84) ~[server-intermediary.jar:?]
	at net.minecraft.class_1863.method_17720(class_1863.java:135) ~[server-intermediary.jar:?]
	at net.minecraft.class_1863.method_20705(class_1863.java:56) ~[server-intermediary.jar:?]
	at net.minecraft.class_1863.method_18788(class_1863.java:35) ~[server-intermediary.jar:?]
	at net.minecraft.class_4080.method_18790(class_4080.java:13) ~[server-intermediary.jar:?]
	at java.util.concurrent.CompletableFuture$UniAccept.tryFire(CompletableFuture.java:718) ~[?:?]
	at java.util.concurrent.CompletableFuture$Completion.run(CompletableFuture.java:482) ~[?:?]
	at net.minecraft.class_4014.method_18365(class_4014.java:69) ~[server-intermediary.jar:?]
	at net.minecraft.class_156.method_43498(class_156.java:950) ~[server-intermediary.jar:?]
	at net.minecraft.class_156.method_43499(class_156.java:938) ~[server-intermediary.jar:?]
	at net.minecraft.server.Main.main(Main.java:160) ~[server-intermediary.jar:?]
	at net.fabricmc.loader.impl.game.minecraft.MinecraftGameProvider.launch(MinecraftGameProvider.java:514) ~[fabric-loader-0.18.2.jar:?]
	at net.fabricmc.loader.impl.launch.knot.Knot.launch(Knot.java:72) ~[fabric-loader-0.18.2.jar:?]
	at net.fabricmc.loader.impl.launch.knot.KnotServer.main(KnotServer.java:23) ~[fabric-loader-0.18.2.jar:?]
	at net.fabricmc.loader.impl.launch.server.FabricServerLauncher.main(FabricServerLauncher.java:69) ~[fabric-loader-0.18.2.jar:?]
	at net.fabricmc.installer.ServerLauncher.main(ServerLauncher.java:69) ~[fabric-server-launch.jar:1.0.1]
[05:11:32] [main/ERROR]: Parsing error loading recipe mythiclib:aquamarine_to_netherite_hoe_smithing
com.google.gson.JsonSyntaxException: Unknown item 'mythicupgrades:netherite_upgrade_smithing_template'
	at net.minecraft.class_1869.method_17878(class_1869.java:272) ~[server-intermediary.jar:?]
	at java.util.Optional.orElseThrow(Optional.java:403) ~[?:?]
	at net.minecraft.class_1869.method_8155(class_1869.java:272) ~[server-intermediary.jar:?]
	at net.minecraft.class_1856.method_8107(class_1856.java:160) ~[server-intermediary.jar:?]
	at net.minecraft.class_1856.method_8102(class_1856.java:143) ~[server-intermediary.jar:?]
	at net.minecraft.class_1856.method_52177(class_1856.java:135) ~[server-intermediary.jar:?]
	at net.minecraft.class_8060$class_8061.method_48455(class_8060.java:87) ~[server-intermediary.jar:?]
	at net.minecraft.class_8060$class_8061.method_8121(class_8060.java:84) ~[server-intermediary.jar:?]
	at net.minecraft.class_1863.method_17720(class_1863.java:135) ~[server-intermediary.jar:?]
	at net.minecraft.class_1863.method_20705(class_1863.java:56) ~[server-intermediary.jar:?]
	at net.minecraft.class_1863.method_18788(class_1863.java:35) ~[server-intermediary.jar:?]
	at net.minecraft.class_4080.method_18790(class_4080.java:13) ~[server-intermediary.jar:?]
	at java.util.concurrent.CompletableFuture$UniAccept.tryFire(CompletableFuture.java:718) ~[?:?]
	at java.util.concurrent.CompletableFuture$Completion.run(CompletableFuture.java:482) ~[?:?]
	at net.minecraft.class_4014.method_18365(class_4014.java:69) ~[server-intermediary.jar:?]
	at net.minecraft.class_156.method_43498(class_156.java:950) ~[server-intermediary.jar:?]
	at net.minecraft.class_156.method_43499(class_156.java:938) ~[server-intermediary.jar:?]
	at net.minecraft.server.Main.main(Main.java:160) ~[server-intermediary.jar:?]
	at net.fabricmc.loader.impl.game.minecraft.MinecraftGameProvider.launch(MinecraftGameProvider.java:514) ~[fabric-loader-0.18.2.jar:?]
	at net.fabricmc.loader.impl.launch.knot.Knot.launch(Knot.java:72) ~[fabric-loader-0.18.2.jar:?]
	at net.fabricmc.loader.impl.launch.knot.KnotServer.main(KnotServer.java:23) ~[fabric-loader-0.18.2.jar:?]
	at net.fabricmc.loader.impl.launch.server.FabricServerLauncher.main(FabricServerLauncher.java:69) ~[fabric-loader-0.18.2.jar:?]
	at net.fabricmc.installer.ServerLauncher.main(ServerLauncher.java:69) ~[fabric-server-launch.jar:1.0.1]
[05:11:32] [main/ERROR]: Parsing error loading recipe mythiclib:netherite_to_sapphire_helmet_smithing
com.google.gson.JsonSyntaxException: Unknown item 'mythicupgrades:netherite_helmet'
	at net.minecraft.class_1869.method_17878(class_1869.java:272) ~[server-intermediary.jar:?]
	at java.util.Optional.orElseThrow(Optional.java:403) ~[?:?]
	at net.minecraft.class_1869.method_8155(class_1869.java:272) ~[server-intermediary.jar:?]
	at net.minecraft.class_1856.method_8107(class_1856.java:160) ~[server-intermediary.jar:?]
	at net.minecraft.class_1856.method_8102(class_1856.java:143) ~[server-intermediary.jar:?]
	at net.minecraft.class_1856.method_52177(class_1856.java:135) ~[server-intermediary.jar:?]
	at net.minecraft.class_8060$class_8061.method_48455(class_8060.java:88) ~[server-intermediary.jar:?]
	at net.minecraft.class_8060$class_8061.method_8121(class_8060.java:84) ~[server-intermediary.jar:?]
	at net.minecraft.class_1863.method_17720(class_1863.java:135) ~[server-intermediary.jar:?]
	at net.minecraft.class_1863.method_20705(class_1863.java:56) ~[server-intermediary.jar:?]
	at net.minecraft.class_1863.method_18788(class_1863.java:35) ~[server-intermediary.jar:?]
	at net.minecraft.class_4080.method_18790(class_4080.java:13) ~[server-intermediary.jar:?]
	at java.util.concurrent.CompletableFuture$UniAccept.tryFire(CompletableFuture.java:718) ~[?:?]
	at java.util.concurrent.CompletableFuture$Completion.run(CompletableFuture.java:482) ~[?:?]
	at net.minecraft.class_4014.method_18365(class_4014.java:69) ~[server-intermediary.jar:?]
	at net.minecraft.class_156.method_43498(class_156.java:950) ~[server-intermediary.jar:?]
	at net.minecraft.class_156.method_43499(class_156.java:938) ~[server-intermediary.jar:?]
	at net.minecraft.server.Main.main(Main.java:160) ~[server-intermediary.jar:?]
	at net.fabricmc.loader.impl.game.minecraft.MinecraftGameProvider.launch(MinecraftGameProvider.java:514) ~[fabric-loader-0.18.2.jar:?]
	at net.fabricmc.loader.impl.launch.knot.Knot.launch(Knot.java:72) ~[fabric-loader-0.18.2.jar:?]
	at net.fabricmc.loader.impl.launch.knot.KnotServer.main(KnotServer.java:23) ~[fabric-loader-0.18.2.jar:?]
	at net.fabricmc.loader.impl.launch.server.FabricServerLauncher.main(FabricServerLauncher.java:69) ~[fabric-loader-0.18.2.jar:?]
	at net.fabricmc.installer.ServerLauncher.main(ServerLauncher.java:69) ~[fabric-server-launch.jar:1.0.1]
[05:11:32] [main/ERROR]: Parsing error loading recipe mythiclib:netherite_to_sapphire_pickaxe_smithing
com.google.gson.JsonSyntaxException: Unknown item 'mythicupgrades:netherite_pickaxe'
	at net.minecraft.class_1869.method_17878(class_1869.java:272) ~[server-intermediary.jar:?]
	at java.util.Optional.orElseThrow(Optional.java:403) ~[?:?]
	at net.minecraft.class_1869.method_8155(class_1869.java:272) ~[server-intermediary.jar:?]
	at net.minecraft.class_1856.method_8107(class_1856.java:160) ~[server-intermediary.jar:?]
	at net.minecraft.class_1856.method_8102(class_1856.java:143) ~[server-intermediary.jar:?]
	at net.minecraft.class_1856.method_52177(class_1856.java:135) ~[server-intermediary.jar:?]
	at net.minecraft.class_8060$class_8061.method_48455(class_8060.java:88) ~[server-intermediary.jar:?]
	at net.minecraft.class_8060$class_8061.method_8121(class_8060.java:84) ~[server-intermediary.jar:?]
	at net.minecraft.class_1863.method_17720(class_1863.java:135) ~[server-intermediary.jar:?]
	at net.minecraft.class_1863.method_20705(class_1863.java:56) ~[server-intermediary.jar:?]
	at net.minecraft.class_1863.method_18788(class_1863.java:35) ~[server-intermediary.jar:?]
	at net.minecraft.class_4080.method_18790(class_4080.java:13) ~[server-intermediary.jar:?]
	at java.util.concurrent.CompletableFuture$UniAccept.tryFire(CompletableFuture.java:718) ~[?:?]
	at java.util.concurrent.CompletableFuture$Completion.run(CompletableFuture.java:482) ~[?:?]
	at net.minecraft.class_4014.method_18365(class_4014.java:69) ~[server-intermediary.jar:?]
	at net.minecraft.class_156.method_43498(class_156.java:950) ~[server-intermediary.jar:?]
	at net.minecraft.class_156.method_43499(class_156.java:938) ~[server-intermediary.jar:?]
	at net.minecraft.server.Main.main(Main.java:160) ~[server-intermediary.jar:?]
	at net.fabricmc.loader.impl.game.minecraft.MinecraftGameProvider.launch(MinecraftGameProvider.java:514) ~[fabric-loader-0.18.2.jar:?]
	at net.fabricmc.loader.impl.launch.knot.Knot.launch(Knot.java:72) ~[fabric-loader-0.18.2.jar:?]
	at net.fabricmc.loader.impl.launch.knot.KnotServer.main(KnotServer.java:23) ~[fabric-loader-0.18.2.jar:?]
	at net.fabricmc.loader.impl.launch.server.FabricServerLauncher.main(FabricServerLauncher.java:69) ~[fabric-loader-0.18.2.jar:?]
	at net.fabricmc.installer.ServerLauncher.main(ServerLauncher.java:69) ~[fabric-server-launch.jar:1.0.1]
[05:11:32] [main/ERROR]: Parsing error loading recipe mythiclib:netherite_to_jade_shovel_smithing
com.google.gson.JsonSyntaxException: Unknown item 'mythicupgrades:netherite_shovel'
	at net.minecraft.class_1869.method_17878(class_1869.java:272) ~[server-intermediary.jar:?]
	at java.util.Optional.orElseThrow(Optional.java:403) ~[?:?]
	at net.minecraft.class_1869.method_8155(class_1869.java:272) ~[server-intermediary.jar:?]
	at net.minecraft.class_1856.method_8107(class_1856.java:160) ~[server-intermediary.jar:?]
	at net.minecraft.class_1856.method_8102(class_1856.java:143) ~[server-intermediary.jar:?]
	at net.minecraft.class_1856.method_52177(class_1856.java:135) ~[server-intermediary.jar:?]
	at net.minecraft.class_8060$class_8061.method_48455(class_8060.java:88) ~[server-intermediary.jar:?]
	at net.minecraft.class_8060$class_8061.method_8121(class_8060.java:84) ~[server-intermediary.jar:?]
	at net.minecraft.class_1863.method_17720(class_1863.java:135) ~[server-intermediary.jar:?]
	at net.minecraft.class_1863.method_20705(class_1863.java:56) ~[server-intermediary.jar:?]
	at net.minecraft.class_1863.method_18788(class_1863.java:35) ~[server-intermediary.jar:?]
	at net.minecraft.class_4080.method_18790(class_4080.java:13) ~[server-intermediary.jar:?]
	at java.util.concurrent.CompletableFuture$UniAccept.tryFire(CompletableFuture.java:718) ~[?:?]
	at java.util.concurrent.CompletableFuture$Completion.run(CompletableFuture.java:482) ~[?:?]
	at net.minecraft.class_4014.method_18365(class_4014.java:69) ~[server-intermediary.jar:?]
	at net.minecraft.class_156.method_43498(class_156.java:950) ~[server-intermediary.jar:?]
	at net.minecraft.class_156.method_43499(class_156.java:938) ~[server-intermediary.jar:?]
	at net.minecraft.server.Main.main(Main.java:160) ~[server-intermediary.jar:?]
	at net.fabricmc.loader.impl.game.minecraft.MinecraftGameProvider.launch(MinecraftGameProvider.java:514) ~[fabric-loader-0.18.2.jar:?]
	at net.fabricmc.loader.impl.launch.knot.Knot.launch(Knot.java:72) ~[fabric-loader-0.18.2.jar:?]
	at net.fabricmc.loader.impl.launch.knot.KnotServer.main(KnotServer.java:23) ~[fabric-loader-0.18.2.jar:?]
	at net.fabricmc.loader.impl.launch.server.FabricServerLauncher.main(FabricServerLauncher.java:69) ~[fabric-loader-0.18.2.jar:?]
	at net.fabricmc.installer.ServerLauncher.main(ServerLauncher.java:69) ~[fabric-server-launch.jar:1.0.1]
[05:11:32] [main/ERROR]: Parsing error loading recipe mythiclib:netherite_to_ruby_leggings_smithing
com.google.gson.JsonSyntaxException: Unknown item 'mythicupgrades:netherite_leggings'
	at net.minecraft.class_1869.method_17878(class_1869.java:272) ~[server-intermediary.jar:?]
	at java.util.Optional.orElseThrow(Optional.java:403) ~[?:?]
	at net.minecraft.class_1869.method_8155(class_1869.java:272) ~[server-intermediary.jar:?]
	at net.minecraft.class_1856.method_8107(class_1856.java:160) ~[server-intermediary.jar:?]
	at net.minecraft.class_1856.method_8102(class_1856.java:143) ~[server-intermediary.jar:?]
	at net.minecraft.class_1856.method_52177(class_1856.java:135) ~[server-intermediary.jar:?]
	at net.minecraft.class_8060$class_8061.method_48455(class_8060.java:88) ~[server-intermediary.jar:?]
	at net.minecraft.class_8060$class_8061.method_8121(class_8060.java:84) ~[server-intermediary.jar:?]
	at net.minecraft.class_1863.method_17720(class_1863.java:135) ~[server-intermediary.jar:?]
	at net.minecraft.class_1863.method_20705(class_1863.java:56) ~[server-intermediary.jar:?]
	at net.minecraft.class_1863.method_18788(class_1863.java:35) ~[server-intermediary.jar:?]
	at net.minecraft.class_4080.method_18790(class_4080.java:13) ~[server-intermediary.jar:?]
	at java.util.concurrent.CompletableFuture$UniAccept.tryFire(CompletableFuture.java:718) ~[?:?]
	at java.util.concurrent.CompletableFuture$Completion.run(CompletableFuture.java:482) ~[?:?]
	at net.minecraft.class_4014.method_18365(class_4014.java:69) ~[server-intermediary.jar:?]
	at net.minecraft.class_156.method_43498(class_156.java:950) ~[server-intermediary.jar:?]
	at net.minecraft.class_156.method_43499(class_156.java:938) ~[server-intermediary.jar:?]
	at net.minecraft.server.Main.main(Main.java:160) ~[server-intermediary.jar:?]
	at net.fabricmc.loader.impl.game.minecraft.MinecraftGameProvider.launch(MinecraftGameProvider.java:514) ~[fabric-loader-0.18.2.jar:?]
	at net.fabricmc.loader.impl.launch.knot.Knot.launch(Knot.java:72) ~[fabric-loader-0.18.2.jar:?]
	at net.fabricmc.loader.impl.launch.knot.KnotServer.main(KnotServer.java:23) ~[fabric-loader-0.18.2.jar:?]
	at net.fabricmc.loader.impl.launch.server.FabricServerLauncher.main(FabricServerLauncher.java:69) ~[fabric-loader-0.18.2.jar:?]
	at net.fabricmc.installer.ServerLauncher.main(ServerLauncher.java:69) ~[fabric-server-launch.jar:1.0.1]
[05:11:32] [main/ERROR]: Parsing error loading recipe mythiclib:netherite_to_topaz_sword_smithing
com.google.gson.JsonSyntaxException: Unknown item 'mythicupgrades:netherite_sword'
	at net.minecraft.class_1869.method_17878(class_1869.java:272) ~[server-intermediary.jar:?]
	at java.util.Optional.orElseThrow(Optional.java:403) ~[?:?]
	at net.minecraft.class_1869.method_8155(class_1869.java:272) ~[server-intermediary.jar:?]
	at net.minecraft.class_1856.method_8107(class_1856.java:160) ~[server-intermediary.jar:?]
	at net.minecraft.class_1856.method_8102(class_1856.java:143) ~[server-intermediary.jar:?]
	at net.minecraft.class_1856.method_52177(class_1856.java:135) ~[server-intermediary.jar:?]
	at net.minecraft.class_8060$class_8061.method_48455(class_8060.java:88) ~[server-intermediary.jar:?]
	at net.minecraft.class_8060$class_8061.method_8121(class_8060.java:84) ~[server-intermediary.jar:?]
	at net.minecraft.class_1863.method_17720(class_1863.java:135) ~[server-intermediary.jar:?]
	at net.minecraft.class_1863.method_20705(class_1863.java:56) ~[server-intermediary.jar:?]
	at net.minecraft.class_1863.method_18788(class_1863.java:35) ~[server-intermediary.jar:?]
	at net.minecraft.class_4080.method_18790(class_4080.java:13) ~[server-intermediary.jar:?]
	at java.util.concurrent.CompletableFuture$UniAccept.tryFire(CompletableFuture.java:718) ~[?:?]
	at java.util.concurrent.CompletableFuture$Completion.run(CompletableFuture.java:482) ~[?:?]
	at net.minecraft.class_4014.method_18365(class_4014.java:69) ~[server-intermediary.jar:?]
	at net.minecraft.class_156.method_43498(class_156.java:950) ~[server-intermediary.jar:?]
	at net.minecraft.class_156.method_43499(class_156.java:938) ~[server-intermediary.jar:?]
	at net.minecraft.server.Main.main(Main.java:160) ~[server-intermediary.jar:?]
	at net.fabricmc.loader.impl.game.minecraft.MinecraftGameProvider.launch(MinecraftGameProvider.java:514) ~[fabric-loader-0.18.2.jar:?]
	at net.fabricmc.loader.impl.launch.knot.Knot.launch(Knot.java:72) ~[fabric-loader-0.18.2.jar:?]
	at net.fabricmc.loader.impl.launch.knot.KnotServer.main(KnotServer.java:23) ~[fabric-loader-0.18.2.jar:?]
	at net.fabricmc.loader.impl.launch.server.FabricServerLauncher.main(FabricServerLauncher.java:69) ~[fabric-loader-0.18.2.jar:?]
	at net.fabricmc.installer.ServerLauncher.main(ServerLauncher.java:69) ~[fabric-server-launch.jar:1.0.1]
[05:11:32] [main/ERROR]: Parsing error loading recipe mythiclib:netherite_to_ruby_helmet_smithing
com.google.gson.JsonSyntaxException: Unknown item 'mythicupgrades:netherite_helmet'
	at net.minecraft.class_1869.method_17878(class_1869.java:272) ~[server-intermediary.jar:?]
	at java.util.Optional.orElseThrow(Optional.java:403) ~[?:?]
	at net.minecraft.class_1869.method_8155(class_1869.java:272) ~[server-intermediary.jar:?]
	at net.minecraft.class_1856.method_8107(class_1856.java:160) ~[server-intermediary.jar:?]
	at net.minecraft.class_1856.method_8102(class_1856.java:143) ~[server-intermediary.jar:?]
	at net.minecraft.class_1856.method_52177(class_1856.java:135) ~[server-intermediary.jar:?]
	at net.minecraft.class_8060$class_8061.method_48455(class_8060.java:88) ~[server-intermediary.jar:?]
	at net.minecraft.class_8060$class_8061.method_8121(class_8060.java:84) ~[server-intermediary.jar:?]
	at net.minecraft.class_1863.method_17720(class_1863.java:135) ~[server-intermediary.jar:?]
	at net.minecraft.class_1863.method_20705(class_1863.java:56) ~[server-intermediary.jar:?]
	at net.minecraft.class_1863.method_18788(class_1863.java:35) ~[server-intermediary.jar:?]
	at net.minecraft.class_4080.method_18790(class_4080.java:13) ~[server-intermediary.jar:?]
	at java.util.concurrent.CompletableFuture$UniAccept.tryFire(CompletableFuture.java:718) ~[?:?]
	at java.util.concurrent.CompletableFuture$Completion.run(CompletableFuture.java:482) ~[?:?]
	at net.minecraft.class_4014.method_18365(class_4014.java:69) ~[server-intermediary.jar:?]
	at net.minecraft.class_156.method_43498(class_156.java:950) ~[server-intermediary.jar:?]
	at net.minecraft.class_156.method_43499(class_156.java:938) ~[server-intermediary.jar:?]
	at net.minecraft.server.Main.main(Main.java:160) ~[server-intermediary.jar:?]
	at net.fabricmc.loader.impl.game.minecraft.MinecraftGameProvider.launch(MinecraftGameProvider.java:514) ~[fabric-loader-0.18.2.jar:?]
	at net.fabricmc.loader.impl.launch.knot.Knot.launch(Knot.java:72) ~[fabric-loader-0.18.2.jar:?]
	at net.fabricmc.loader.impl.launch.knot.KnotServer.main(KnotServer.java:23) ~[fabric-loader-0.18.2.jar:?]
	at net.fabricmc.loader.impl.launch.server.FabricServerLauncher.main(FabricServerLauncher.java:69) ~[fabric-loader-0.18.2.jar:?]
	at net.fabricmc.installer.ServerLauncher.main(ServerLauncher.java:69) ~[fabric-server-launch.jar:1.0.1]
[05:11:32] [main/ERROR]: Parsing error loading recipe mythiclib:ametrine_to_netherite_leggings_smithing
com.google.gson.JsonSyntaxException: Unknown item 'mythicupgrades:netherite_upgrade_smithing_template'
	at net.minecraft.class_1869.method_17878(class_1869.java:272) ~[server-intermediary.jar:?]
	at java.util.Optional.orElseThrow(Optional.java:403) ~[?:?]
	at net.minecraft.class_1869.method_8155(class_1869.java:272) ~[server-intermediary.jar:?]
	at net.minecraft.class_1856.method_8107(class_1856.java:160) ~[server-intermediary.jar:?]
	at net.minecraft.class_1856.method_8102(class_1856.java:143) ~[server-intermediary.jar:?]
	at net.minecraft.class_1856.method_52177(class_1856.java:135) ~[server-intermediary.jar:?]
	at net.minecraft.class_8060$class_8061.method_48455(class_8060.java:87) ~[server-intermediary.jar:?]
	at net.minecraft.class_8060$class_8061.method_8121(class_8060.java:84) ~[server-intermediary.jar:?]
	at net.minecraft.class_1863.method_17720(class_1863.java:135) ~[server-intermediary.jar:?]
	at net.minecraft.class_1863.method_20705(class_1863.java:56) ~[server-intermediary.jar:?]
	at net.minecraft.class_1863.method_18788(class_1863.java:35) ~[server-intermediary.jar:?]
	at net.minecraft.class_4080.method_18790(class_4080.java:13) ~[server-intermediary.jar:?]
	at java.util.concurrent.CompletableFuture$UniAccept.tryFire(CompletableFuture.java:718) ~[?:?]
	at java.util.concurrent.CompletableFuture$Completion.run(CompletableFuture.java:482) ~[?:?]
	at net.minecraft.class_4014.method_18365(class_4014.java:69) ~[server-intermediary.jar:?]
	at net.minecraft.class_156.method_43498(class_156.java:950) ~[server-intermediary.jar:?]
	at net.minecraft.class_156.method_43499(class_156.java:938) ~[server-intermediary.jar:?]
	at net.minecraft.server.Main.main(Main.java:160) ~[server-intermediary.jar:?]
	at net.fabricmc.loader.impl.game.minecraft.MinecraftGameProvider.launch(MinecraftGameProvider.java:514) ~[fabric-loader-0.18.2.jar:?]
	at net.fabricmc.loader.impl.launch.knot.Knot.launch(Knot.java:72) ~[fabric-loader-0.18.2.jar:?]
	at net.fabricmc.loader.impl.launch.knot.KnotServer.main(KnotServer.java:23) ~[fabric-loader-0.18.2.jar:?]
	at net.fabricmc.loader.impl.launch.server.FabricServerLauncher.main(FabricServerLauncher.java:69) ~[fabric-loader-0.18.2.jar:?]
	at net.fabricmc.installer.ServerLauncher.main(ServerLauncher.java:69) ~[fabric-server-launch.jar:1.0.1]
[05:11:32] [main/ERROR]: Parsing error loading recipe mythiclib:ruby_to_netherite_leggings_smithing
com.google.gson.JsonSyntaxException: Unknown item 'mythicupgrades:netherite_upgrade_smithing_template'
	at net.minecraft.class_1869.method_17878(class_1869.java:272) ~[server-intermediary.jar:?]
	at java.util.Optional.orElseThrow(Optional.java:403) ~[?:?]
	at net.minecraft.class_1869.method_8155(class_1869.java:272) ~[server-intermediary.jar:?]
	at net.minecraft.class_1856.method_8107(class_1856.java:160) ~[server-intermediary.jar:?]
	at net.minecraft.class_1856.method_8102(class_1856.java:143) ~[server-intermediary.jar:?]
	at net.minecraft.class_1856.method_52177(class_1856.java:135) ~[server-intermediary.jar:?]
	at net.minecraft.class_8060$class_8061.method_48455(class_8060.java:87) ~[server-intermediary.jar:?]
	at net.minecraft.class_8060$class_8061.method_8121(class_8060.java:84) ~[server-intermediary.jar:?]
	at net.minecraft.class_1863.method_17720(class_1863.java:135) ~[server-intermediary.jar:?]
	at net.minecraft.class_1863.method_20705(class_1863.java:56) ~[server-intermediary.jar:?]
	at net.minecraft.class_1863.method_18788(class_1863.java:35) ~[server-intermediary.jar:?]
	at net.minecraft.class_4080.method_18790(class_4080.java:13) ~[server-intermediary.jar:?]
	at java.util.concurrent.CompletableFuture$UniAccept.tryFire(CompletableFuture.java:718) ~[?:?]
	at java.util.concurrent.CompletableFuture$Completion.run(CompletableFuture.java:482) ~[?:?]
	at net.minecraft.class_4014.method_18365(class_4014.java:69) ~[server-intermediary.jar:?]
	at net.minecraft.class_156.method_43498(class_156.java:950) ~[server-intermediary.jar:?]
	at net.minecraft.class_156.method_43499(class_156.java:938) ~[server-intermediary.jar:?]
	at net.minecraft.server.Main.main(Main.java:160) ~[server-intermediary.jar:?]
	at net.fabricmc.loader.impl.game.minecraft.MinecraftGameProvider.launch(MinecraftGameProvider.java:514) ~[fabric-loader-0.18.2.jar:?]
	at net.fabricmc.loader.impl.launch.knot.Knot.launch(Knot.java:72) ~[fabric-loader-0.18.2.jar:?]
	at net.fabricmc.loader.impl.launch.knot.KnotServer.main(KnotServer.java:23) ~[fabric-loader-0.18.2.jar:?]
	at net.fabricmc.loader.impl.launch.server.FabricServerLauncher.main(FabricServerLauncher.java:69) ~[fabric-loader-0.18.2.jar:?]
	at net.fabricmc.installer.ServerLauncher.main(ServerLauncher.java:69) ~[fabric-server-launch.jar:1.0.1]
[05:11:32] [main/ERROR]: Parsing error loading recipe mythiclib:ruby_to_netherite_boots_smithing
com.google.gson.JsonSyntaxException: Unknown item 'mythicupgrades:netherite_upgrade_smithing_template'
	at net.minecraft.class_1869.method_17878(class_1869.java:272) ~[server-intermediary.jar:?]
	at java.util.Optional.orElseThrow(Optional.java:403) ~[?:?]
	at net.minecraft.class_1869.method_8155(class_1869.java:272) ~[server-intermediary.jar:?]
	at net.minecraft.class_1856.method_8107(class_1856.java:160) ~[server-intermediary.jar:?]
	at net.minecraft.class_1856.method_8102(class_1856.java:143) ~[server-intermediary.jar:?]
	at net.minecraft.class_1856.method_52177(class_1856.java:135) ~[server-intermediary.jar:?]
	at net.minecraft.class_8060$class_8061.method_48455(class_8060.java:87) ~[server-intermediary.jar:?]
	at net.minecraft.class_8060$class_8061.method_8121(class_8060.java:84) ~[server-intermediary.jar:?]
	at net.minecraft.class_1863.method_17720(class_1863.java:135) ~[server-intermediary.jar:?]
	at net.minecraft.class_1863.method_20705(class_1863.java:56) ~[server-intermediary.jar:?]
	at net.minecraft.class_1863.method_18788(class_1863.java:35) ~[server-intermediary.jar:?]
	at net.minecraft.class_4080.method_18790(class_4080.java:13) ~[server-intermediary.jar:?]
	at java.util.concurrent.CompletableFuture$UniAccept.tryFire(CompletableFuture.java:718) ~[?:?]
	at java.util.concurrent.CompletableFuture$Completion.run(CompletableFuture.java:482) ~[?:?]
	at net.minecraft.class_4014.method_18365(class_4014.java:69) ~[server-intermediary.jar:?]
	at net.minecraft.class_156.method_43498(class_156.java:950) ~[server-intermediary.jar:?]
	at net.minecraft.class_156.method_43499(class_156.java:938) ~[server-intermediary.jar:?]
	at net.minecraft.server.Main.main(Main.java:160) ~[server-intermediary.jar:?]
	at net.fabricmc.loader.impl.game.minecraft.MinecraftGameProvider.launch(MinecraftGameProvider.java:514) ~[fabric-loader-0.18.2.jar:?]
	at net.fabricmc.loader.impl.launch.knot.Knot.launch(Knot.java:72) ~[fabric-loader-0.18.2.jar:?]
	at net.fabricmc.loader.impl.launch.knot.KnotServer.main(KnotServer.java:23) ~[fabric-loader-0.18.2.jar:?]
	at net.fabricmc.loader.impl.launch.server.FabricServerLauncher.main(FabricServerLauncher.java:69) ~[fabric-loader-0.18.2.jar:?]
	at net.fabricmc.installer.ServerLauncher.main(ServerLauncher.java:69) ~[fabric-server-launch.jar:1.0.1]
[05:11:32] [main/ERROR]: Parsing error loading recipe mythiclib:peridot_to_netherite_pickaxe_smithing
com.google.gson.JsonSyntaxException: Unknown item 'mythicupgrades:netherite_upgrade_smithing_template'
	at net.minecraft.class_1869.method_17878(class_1869.java:272) ~[server-intermediary.jar:?]
	at java.util.Optional.orElseThrow(Optional.java:403) ~[?:?]
	at net.minecraft.class_1869.method_8155(class_1869.java:272) ~[server-intermediary.jar:?]
	at net.minecraft.class_1856.method_8107(class_1856.java:160) ~[server-intermediary.jar:?]
	at net.minecraft.class_1856.method_8102(class_1856.java:143) ~[server-intermediary.jar:?]
	at net.minecraft.class_1856.method_52177(class_1856.java:135) ~[server-intermediary.jar:?]
	at net.minecraft.class_8060$class_8061.method_48455(class_8060.java:87) ~[server-intermediary.jar:?]
	at net.minecraft.class_8060$class_8061.method_8121(class_8060.java:84) ~[server-intermediary.jar:?]
	at net.minecraft.class_1863.method_17720(class_1863.java:135) ~[server-intermediary.jar:?]
	at net.minecraft.class_1863.method_20705(class_1863.java:56) ~[server-intermediary.jar:?]
	at net.minecraft.class_1863.method_18788(class_1863.java:35) ~[server-intermediary.jar:?]
	at net.minecraft.class_4080.method_18790(class_4080.java:13) ~[server-intermediary.jar:?]
	at java.util.concurrent.CompletableFuture$UniAccept.tryFire(CompletableFuture.java:718) ~[?:?]
	at java.util.concurrent.CompletableFuture$Completion.run(CompletableFuture.java:482) ~[?:?]
	at net.minecraft.class_4014.method_18365(class_4014.java:69) ~[server-intermediary.jar:?]
	at net.minecraft.class_156.method_43498(class_156.java:950) ~[server-intermediary.jar:?]
	at net.minecraft.class_156.method_43499(class_156.java:938) ~[server-intermediary.jar:?]
	at net.minecraft.server.Main.main(Main.java:160) ~[server-intermediary.jar:?]
	at net.fabricmc.loader.impl.game.minecraft.MinecraftGameProvider.launch(MinecraftGameProvider.java:514) ~[fabric-loader-0.18.2.jar:?]
	at net.fabricmc.loader.impl.launch.knot.Knot.launch(Knot.java:72) ~[fabric-loader-0.18.2.jar:?]
	at net.fabricmc.loader.impl.launch.knot.KnotServer.main(KnotServer.java:23) ~[fabric-loader-0.18.2.jar:?]
	at net.fabricmc.loader.impl.launch.server.FabricServerLauncher.main(FabricServerLauncher.java:69) ~[fabric-loader-0.18.2.jar:?]
	at net.fabricmc.installer.ServerLauncher.main(ServerLauncher.java:69) ~[fabric-server-launch.jar:1.0.1]
[05:11:32] [main/ERROR]: Parsing error loading recipe mythiclib:netherite_to_ametrine_shovel_smithing
com.google.gson.JsonSyntaxException: Unknown item 'mythicupgrades:netherite_shovel'
	at net.minecraft.class_1869.method_17878(class_1869.java:272) ~[server-intermediary.jar:?]
	at java.util.Optional.orElseThrow(Optional.java:403) ~[?:?]
	at net.minecraft.class_1869.method_8155(class_1869.java:272) ~[server-intermediary.jar:?]
	at net.minecraft.class_1856.method_8107(class_1856.java:160) ~[server-intermediary.jar:?]
	at net.minecraft.class_1856.method_8102(class_1856.java:143) ~[server-intermediary.jar:?]
	at net.minecraft.class_1856.method_52177(class_1856.java:135) ~[server-intermediary.jar:?]
	at net.minecraft.class_8060$class_8061.method_48455(class_8060.java:88) ~[server-intermediary.jar:?]
	at net.minecraft.class_8060$class_8061.method_8121(class_8060.java:84) ~[server-intermediary.jar:?]
	at net.minecraft.class_1863.method_17720(class_1863.java:135) ~[server-intermediary.jar:?]
	at net.minecraft.class_1863.method_20705(class_1863.java:56) ~[server-intermediary.jar:?]
	at net.minecraft.class_1863.method_18788(class_1863.java:35) ~[server-intermediary.jar:?]
	at net.minecraft.class_4080.method_18790(class_4080.java:13) ~[server-intermediary.jar:?]
	at java.util.concurrent.CompletableFuture$UniAccept.tryFire(CompletableFuture.java:718) ~[?:?]
	at java.util.concurrent.CompletableFuture$Completion.run(CompletableFuture.java:482) ~[?:?]
	at net.minecraft.class_4014.method_18365(class_4014.java:69) ~[server-intermediary.jar:?]
	at net.minecraft.class_156.method_43498(class_156.java:950) ~[server-intermediary.jar:?]
	at net.minecraft.class_156.method_43499(class_156.java:938) ~[server-intermediary.jar:?]
	at net.minecraft.server.Main.main(Main.java:160) ~[server-intermediary.jar:?]
	at net.fabricmc.loader.impl.game.minecraft.MinecraftGameProvider.launch(MinecraftGameProvider.java:514) ~[fabric-loader-0.18.2.jar:?]
	at net.fabricmc.loader.impl.launch.knot.Knot.launch(Knot.java:72) ~[fabric-loader-0.18.2.jar:?]
	at net.fabricmc.loader.impl.launch.knot.KnotServer.main(KnotServer.java:23) ~[fabric-loader-0.18.2.jar:?]
	at net.fabricmc.loader.impl.launch.server.FabricServerLauncher.main(FabricServerLauncher.java:69) ~[fabric-loader-0.18.2.jar:?]
	at net.fabricmc.installer.ServerLauncher.main(ServerLauncher.java:69) ~[fabric-server-launch.jar:1.0.1]
[05:11:32] [main/ERROR]: Parsing error loading recipe mythiclib:peridot_to_netherite_chestplate_smithing
com.google.gson.JsonSyntaxException: Unknown item 'mythicupgrades:netherite_upgrade_smithing_template'
	at net.minecraft.class_1869.method_17878(class_1869.java:272) ~[server-intermediary.jar:?]
	at java.util.Optional.orElseThrow(Optional.java:403) ~[?:?]
	at net.minecraft.class_1869.method_8155(class_1869.java:272) ~[server-intermediary.jar:?]
	at net.minecraft.class_1856.method_8107(class_1856.java:160) ~[server-intermediary.jar:?]
	at net.minecraft.class_1856.method_8102(class_1856.java:143) ~[server-intermediary.jar:?]
	at net.minecraft.class_1856.method_52177(class_1856.java:135) ~[server-intermediary.jar:?]
	at net.minecraft.class_8060$class_8061.method_48455(class_8060.java:87) ~[server-intermediary.jar:?]
	at net.minecraft.class_8060$class_8061.method_8121(class_8060.java:84) ~[server-intermediary.jar:?]
	at net.minecraft.class_1863.method_17720(class_1863.java:135) ~[server-intermediary.jar:?]
	at net.minecraft.class_1863.method_20705(class_1863.java:56) ~[server-intermediary.jar:?]
	at net.minecraft.class_1863.method_18788(class_1863.java:35) ~[server-intermediary.jar:?]
	at net.minecraft.class_4080.method_18790(class_4080.java:13) ~[server-intermediary.jar:?]
	at java.util.concurrent.CompletableFuture$UniAccept.tryFire(CompletableFuture.java:718) ~[?:?]
	at java.util.concurrent.CompletableFuture$Completion.run(CompletableFuture.java:482) ~[?:?]
	at net.minecraft.class_4014.method_18365(class_4014.java:69) ~[server-intermediary.jar:?]
	at net.minecraft.class_156.method_43498(class_156.java:950) ~[server-intermediary.jar:?]
	at net.minecraft.class_156.method_43499(class_156.java:938) ~[server-intermediary.jar:?]
	at net.minecraft.server.Main.main(Main.java:160) ~[server-intermediary.jar:?]
	at net.fabricmc.loader.impl.game.minecraft.MinecraftGameProvider.launch(MinecraftGameProvider.java:514) ~[fabric-loader-0.18.2.jar:?]
	at net.fabricmc.loader.impl.launch.knot.Knot.launch(Knot.java:72) ~[fabric-loader-0.18.2.jar:?]
	at net.fabricmc.loader.impl.launch.knot.KnotServer.main(KnotServer.java:23) ~[fabric-loader-0.18.2.jar:?]
	at net.fabricmc.loader.impl.launch.server.FabricServerLauncher.main(FabricServerLauncher.java:69) ~[fabric-loader-0.18.2.jar:?]
	at net.fabricmc.installer.ServerLauncher.main(ServerLauncher.java:69) ~[fabric-server-launch.jar:1.0.1]
[05:11:32] [main/ERROR]: Parsing error loading recipe mythiclib:jade_to_netherite_boots_smithing
com.google.gson.JsonSyntaxException: Unknown item 'mythicupgrades:netherite_upgrade_smithing_template'
	at net.minecraft.class_1869.method_17878(class_1869.java:272) ~[server-intermediary.jar:?]
	at java.util.Optional.orElseThrow(Optional.java:403) ~[?:?]
	at net.minecraft.class_1869.method_8155(class_1869.java:272) ~[server-intermediary.jar:?]
	at net.minecraft.class_1856.method_8107(class_1856.java:160) ~[server-intermediary.jar:?]
	at net.minecraft.class_1856.method_8102(class_1856.java:143) ~[server-intermediary.jar:?]
	at net.minecraft.class_1856.method_52177(class_1856.java:135) ~[server-intermediary.jar:?]
	at net.minecraft.class_8060$class_8061.method_48455(class_8060.java:87) ~[server-intermediary.jar:?]
	at net.minecraft.class_8060$class_8061.method_8121(class_8060.java:84) ~[server-intermediary.jar:?]
	at net.minecraft.class_1863.method_17720(class_1863.java:135) ~[server-intermediary.jar:?]
	at net.minecraft.class_1863.method_20705(class_1863.java:56) ~[server-intermediary.jar:?]
	at net.minecraft.class_1863.method_18788(class_1863.java:35) ~[server-intermediary.jar:?]
	at net.minecraft.class_4080.method_18790(class_4080.java:13) ~[server-intermediary.jar:?]
	at java.util.concurrent.CompletableFuture$UniAccept.tryFire(CompletableFuture.java:718) ~[?:?]
	at java.util.concurrent.CompletableFuture$Completion.run(CompletableFuture.java:482) ~[?:?]
	at net.minecraft.class_4014.method_18365(class_4014.java:69) ~[server-intermediary.jar:?]
	at net.minecraft.class_156.method_43498(class_156.java:950) ~[server-intermediary.jar:?]
	at net.minecraft.class_156.method_43499(class_156.java:938) ~[server-intermediary.jar:?]
	at net.minecraft.server.Main.main(Main.java:160) ~[server-intermediary.jar:?]
	at net.fabricmc.loader.impl.game.minecraft.MinecraftGameProvider.launch(MinecraftGameProvider.java:514) ~[fabric-loader-0.18.2.jar:?]
	at net.fabricmc.loader.impl.launch.knot.Knot.launch(Knot.java:72) ~[fabric-loader-0.18.2.jar:?]
	at net.fabricmc.loader.impl.launch.knot.KnotServer.main(KnotServer.java:23) ~[fabric-loader-0.18.2.jar:?]
	at net.fabricmc.loader.impl.launch.server.FabricServerLauncher.main(FabricServerLauncher.java:69) ~[fabric-loader-0.18.2.jar:?]
	at net.fabricmc.installer.ServerLauncher.main(ServerLauncher.java:69) ~[fabric-server-launch.jar:1.0.1]
[05:11:32] [main/ERROR]: Parsing error loading recipe triqueapi:warden_shovel_smithing_universal
com.google.gson.JsonSyntaxException: Unknown item 'wardentools:echo_ingot'
	at net.minecraft.class_1869.method_17878(class_1869.java:272) ~[server-intermediary.jar:?]
	at java.util.Optional.orElseThrow(Optional.java:403) ~[?:?]
	at net.minecraft.class_1869.method_8155(class_1869.java:272) ~[server-intermediary.jar:?]
	at net.minecraft.class_1856.method_8107(class_1856.java:160) ~[server-intermediary.jar:?]
	at net.minecraft.class_1856.method_8102(class_1856.java:143) ~[server-intermediary.jar:?]
	at net.minecraft.class_1856.method_52177(class_1856.java:135) ~[server-intermediary.jar:?]
	at net.minecraft.class_8060$class_8061.method_48455(class_8060.java:89) ~[server-intermediary.jar:?]
	at net.minecraft.class_8060$class_8061.method_8121(class_8060.java:84) ~[server-intermediary.jar:?]
	at net.minecraft.class_1863.method_17720(class_1863.java:135) ~[server-intermediary.jar:?]
	at net.minecraft.class_1863.method_20705(class_1863.java:56) ~[server-intermediary.jar:?]
	at net.minecraft.class_1863.method_18788(class_1863.java:35) ~[server-intermediary.jar:?]
	at net.minecraft.class_4080.method_18790(class_4080.java:13) ~[server-intermediary.jar:?]
	at java.util.concurrent.CompletableFuture$UniAccept.tryFire(CompletableFuture.java:718) ~[?:?]
	at java.util.concurrent.CompletableFuture$Completion.run(CompletableFuture.java:482) ~[?:?]
	at net.minecraft.class_4014.method_18365(class_4014.java:69) ~[server-intermediary.jar:?]
	at net.minecraft.class_156.method_43498(class_156.java:950) ~[server-intermediary.jar:?]
	at net.minecraft.class_156.method_43499(class_156.java:938) ~[server-intermediary.jar:?]
	at net.minecraft.server.Main.main(Main.java:160) ~[server-intermediary.jar:?]
	at net.fabricmc.loader.impl.game.minecraft.MinecraftGameProvider.launch(MinecraftGameProvider.java:514) ~[fabric-loader-0.18.2.jar:?]
	at net.fabricmc.loader.impl.launch.knot.Knot.launch(Knot.java:72) ~[fabric-loader-0.18.2.jar:?]
	at net.fabricmc.loader.impl.launch.knot.KnotServer.main(KnotServer.java:23) ~[fabric-loader-0.18.2.jar:?]
	at net.fabricmc.loader.impl.launch.server.FabricServerLauncher.main(FabricServerLauncher.java:69) ~[fabric-loader-0.18.2.jar:?]
	at net.fabricmc.installer.ServerLauncher.main(ServerLauncher.java:69) ~[fabric-server-launch.jar:1.0.1]
[05:11:32] [main/ERROR]: Parsing error loading recipe forcemaster_rpg:golden_knuckle
com.google.gson.JsonSyntaxException: Key defines symbols that aren't used in pattern: [W]
	at net.minecraft.class_1869.method_8148(class_1869.java:158) ~[server-intermediary.jar:?]
	at net.minecraft.class_1869$class_1870.method_8164(class_1869.java:291) ~[server-intermediary.jar:?]
	at net.minecraft.class_1869$class_1870.method_8121(class_1869.java:279) ~[server-intermediary.jar:?]
	at net.minecraft.class_1863.method_17720(class_1863.java:135) ~[server-intermediary.jar:?]
	at net.minecraft.class_1863.method_20705(class_1863.java:56) ~[server-intermediary.jar:?]
	at net.minecraft.class_1863.method_18788(class_1863.java:35) ~[server-intermediary.jar:?]
	at net.minecraft.class_4080.method_18790(class_4080.java:13) ~[server-intermediary.jar:?]
	at java.util.concurrent.CompletableFuture$UniAccept.tryFire(CompletableFuture.java:718) ~[?:?]
	at java.util.concurrent.CompletableFuture$Completion.run(CompletableFuture.java:482) ~[?:?]
	at net.minecraft.class_4014.method_18365(class_4014.java:69) ~[server-intermediary.jar:?]
	at net.minecraft.class_156.method_43498(class_156.java:950) ~[server-intermediary.jar:?]
	at net.minecraft.class_156.method_43499(class_156.java:938) ~[server-intermediary.jar:?]
	at net.minecraft.server.Main.main(Main.java:160) ~[server-intermediary.jar:?]
	at net.fabricmc.loader.impl.game.minecraft.MinecraftGameProvider.launch(MinecraftGameProvider.java:514) ~[fabric-loader-0.18.2.jar:?]
	at net.fabricmc.loader.impl.launch.knot.Knot.launch(Knot.java:72) ~[fabric-loader-0.18.2.jar:?]
	at net.fabricmc.loader.impl.launch.knot.KnotServer.main(KnotServer.java:23) ~[fabric-loader-0.18.2.jar:?]
	at net.fabricmc.loader.impl.launch.server.FabricServerLauncher.main(FabricServerLauncher.java:69) ~[fabric-loader-0.18.2.jar:?]
	at net.fabricmc.installer.ServerLauncher.main(ServerLauncher.java:69) ~[fabric-server-launch.jar:1.0.1]
[05:11:34] [main/ERROR]: Parsing error loading recipe dramaticdoors:tall_chipped_modern_birch_door
com.google.gson.JsonSyntaxException: Unknown item 'chipped:classic_windowed_birch_door'
	at net.minecraft.class_1869.method_17878(class_1869.java:272) ~[server-intermediary.jar:?]
	at java.util.Optional.orElseThrow(Optional.java:403) ~[?:?]
	at net.minecraft.class_1869.method_8155(class_1869.java:272) ~[server-intermediary.jar:?]
	at net.minecraft.class_1856.method_8107(class_1856.java:160) ~[server-intermediary.jar:?]
	at net.minecraft.class_1856.method_8102(class_1856.java:143) ~[server-intermediary.jar:?]
	at net.minecraft.class_1869.method_8157(class_1869.java:252) ~[server-intermediary.jar:?]
	at net.minecraft.class_1869$class_1870.method_8164(class_1869.java:285) ~[server-intermediary.jar:?]
	at net.minecraft.class_1869$class_1870.method_8121(class_1869.java:279) ~[server-intermediary.jar:?]
	at net.minecraft.class_1863.method_17720(class_1863.java:135) ~[server-intermediary.jar:?]
	at net.minecraft.class_1863.method_20705(class_1863.java:56) ~[server-intermediary.jar:?]
	at net.minecraft.class_1863.method_18788(class_1863.java:35) ~[server-intermediary.jar:?]
	at net.minecraft.class_4080.method_18790(class_4080.java:13) ~[server-intermediary.jar:?]
	at java.util.concurrent.CompletableFuture$UniAccept.tryFire(CompletableFuture.java:718) ~[?:?]
	at java.util.concurrent.CompletableFuture$Completion.run(CompletableFuture.java:482) ~[?:?]
	at net.minecraft.class_4014.method_18365(class_4014.java:69) ~[server-intermediary.jar:?]
	at net.minecraft.class_156.method_43498(class_156.java:950) ~[server-intermediary.jar:?]
	at net.minecraft.class_156.method_43499(class_156.java:938) ~[server-intermediary.jar:?]
	at net.minecraft.server.Main.main(Main.java:160) ~[server-intermediary.jar:?]
	at net.fabricmc.loader.impl.game.minecraft.MinecraftGameProvider.launch(MinecraftGameProvider.java:514) ~[fabric-loader-0.18.2.jar:?]
	at net.fabricmc.loader.impl.launch.knot.Knot.launch(Knot.java:72) ~[fabric-loader-0.18.2.jar:?]
	at net.fabricmc.loader.impl.launch.knot.KnotServer.main(KnotServer.java:23) ~[fabric-loader-0.18.2.jar:?]
	at net.fabricmc.loader.impl.launch.server.FabricServerLauncher.main(FabricServerLauncher.java:69) ~[fabric-loader-0.18.2.jar:?]
	at net.fabricmc.installer.ServerLauncher.main(ServerLauncher.java:69) ~[fabric-server-launch.jar:1.0.1]
[05:11:34] [main/ERROR]: Parsing error loading recipe mythiclib:jade_to_netherite_sword_smithing
com.google.gson.JsonSyntaxException: Unknown item 'mythicupgrades:netherite_upgrade_smithing_template'
	at net.minecraft.class_1869.method_17878(class_1869.java:272) ~[server-intermediary.jar:?]
	at java.util.Optional.orElseThrow(Optional.java:403) ~[?:?]
	at net.minecraft.class_1869.method_8155(class_1869.java:272) ~[server-intermediary.jar:?]
	at net.minecraft.class_1856.method_8107(class_1856.java:160) ~[server-intermediary.jar:?]
	at net.minecraft.class_1856.method_8102(class_1856.java:143) ~[server-intermediary.jar:?]
	at net.minecraft.class_1856.method_52177(class_1856.java:135) ~[server-intermediary.jar:?]
	at net.minecraft.class_8060$class_8061.method_48455(class_8060.java:87) ~[server-intermediary.jar:?]
	at net.minecraft.class_8060$class_8061.method_8121(class_8060.java:84) ~[server-intermediary.jar:?]
	at net.minecraft.class_1863.method_17720(class_1863.java:135) ~[server-intermediary.jar:?]
	at net.minecraft.class_1863.method_20705(class_1863.java:56) ~[server-intermediary.jar:?]
	at net.minecraft.class_1863.method_18788(class_1863.java:35) ~[server-intermediary.jar:?]
	at net.minecraft.class_4080.method_18790(class_4080.java:13) ~[server-intermediary.jar:?]
	at java.util.concurrent.CompletableFuture$UniAccept.tryFire(CompletableFuture.java:718) ~[?:?]
	at java.util.concurrent.CompletableFuture$Completion.run(CompletableFuture.java:482) ~[?:?]
	at net.minecraft.class_4014.method_18365(class_4014.java:69) ~[server-intermediary.jar:?]
	at net.minecraft.class_156.method_43498(class_156.java:950) ~[server-intermediary.jar:?]
	at net.minecraft.class_156.method_43499(class_156.java:938) ~[server-intermediary.jar:?]
	at net.minecraft.server.Main.main(Main.java:160) ~[server-intermediary.jar:?]
	at net.fabricmc.loader.impl.game.minecraft.MinecraftGameProvider.launch(MinecraftGameProvider.java:514) ~[fabric-loader-0.18.2.jar:?]
	at net.fabricmc.loader.impl.launch.knot.Knot.launch(Knot.java:72) ~[fabric-loader-0.18.2.jar:?]
	at net.fabricmc.loader.impl.launch.knot.KnotServer.main(KnotServer.java:23) ~[fabric-loader-0.18.2.jar:?]
	at net.fabricmc.loader.impl.launch.server.FabricServerLauncher.main(FabricServerLauncher.java:69) ~[fabric-loader-0.18.2.jar:?]
	at net.fabricmc.installer.ServerLauncher.main(ServerLauncher.java:69) ~[fabric-server-launch.jar:1.0.1]
[05:11:34] [main/ERROR]: Parsing error loading recipe mythiclib:jade_to_netherite_hoe_smithing
com.google.gson.JsonSyntaxException: Unknown item 'mythicupgrades:netherite_upgrade_smithing_template'
	at net.minecraft.class_1869.method_17878(class_1869.java:272) ~[server-intermediary.jar:?]
	at java.util.Optional.orElseThrow(Optional.java:403) ~[?:?]
	at net.minecraft.class_1869.method_8155(class_1869.java:272) ~[server-intermediary.jar:?]
	at net.minecraft.class_1856.method_8107(class_1856.java:160) ~[server-intermediary.jar:?]
	at net.minecraft.class_1856.method_8102(class_1856.java:143) ~[server-intermediary.jar:?]
	at net.minecraft.class_1856.method_52177(class_1856.java:135) ~[server-intermediary.jar:?]
	at net.minecraft.class_8060$class_8061.method_48455(class_8060.java:87) ~[server-intermediary.jar:?]
	at net.minecraft.class_8060$class_8061.method_8121(class_8060.java:84) ~[server-intermediary.jar:?]
	at net.minecraft.class_1863.method_17720(class_1863.java:135) ~[server-intermediary.jar:?]
	at net.minecraft.class_1863.method_20705(class_1863.java:56) ~[server-intermediary.jar:?]
	at net.minecraft.class_1863.method_18788(class_1863.java:35) ~[server-intermediary.jar:?]
	at net.minecraft.class_4080.method_18790(class_4080.java:13) ~[server-intermediary.jar:?]
	at java.util.concurrent.CompletableFuture$UniAccept.tryFire(CompletableFuture.java:718) ~[?:?]
	at java.util.concurrent.CompletableFuture$Completion.run(CompletableFuture.java:482) ~[?:?]
	at net.minecraft.class_4014.method_18365(class_4014.java:69) ~[server-intermediary.jar:?]
	at net.minecraft.class_156.method_43498(class_156.java:950) ~[server-intermediary.jar:?]
	at net.minecraft.class_156.method_43499(class_156.java:938) ~[server-intermediary.jar:?]
	at net.minecraft.server.Main.main(Main.java:160) ~[server-intermediary.jar:?]
	at net.fabricmc.loader.impl.game.minecraft.MinecraftGameProvider.launch(MinecraftGameProvider.java:514) ~[fabric-loader-0.18.2.jar:?]
	at net.fabricmc.loader.impl.launch.knot.Knot.launch(Knot.java:72) ~[fabric-loader-0.18.2.jar:?]
	at net.fabricmc.loader.impl.launch.knot.KnotServer.main(KnotServer.java:23) ~[fabric-loader-0.18.2.jar:?]
	at net.fabricmc.loader.impl.launch.server.FabricServerLauncher.main(FabricServerLauncher.java:69) ~[fabric-loader-0.18.2.jar:?]
	at net.fabricmc.installer.ServerLauncher.main(ServerLauncher.java:69) ~[fabric-server-launch.jar:1.0.1]
[05:11:34] [main/ERROR]: Parsing error loading recipe mythiclib:netherite_to_ruby_axe_smithing
com.google.gson.JsonSyntaxException: Unknown item 'mythicupgrades:netherite_axe'
	at net.minecraft.class_1869.method_17878(class_1869.java:272) ~[server-intermediary.jar:?]
	at java.util.Optional.orElseThrow(Optional.java:403) ~[?:?]
	at net.minecraft.class_1869.method_8155(class_1869.java:272) ~[server-intermediary.jar:?]
	at net.minecraft.class_1856.method_8107(class_1856.java:160) ~[server-intermediary.jar:?]
	at net.minecraft.class_1856.method_8102(class_1856.java:143) ~[server-intermediary.jar:?]
	at net.minecraft.class_1856.method_52177(class_1856.java:135) ~[server-intermediary.jar:?]
	at net.minecraft.class_8060$class_8061.method_48455(class_8060.java:88) ~[server-intermediary.jar:?]
	at net.minecraft.class_8060$class_8061.method_8121(class_8060.java:84) ~[server-intermediary.jar:?]
	at net.minecraft.class_1863.method_17720(class_1863.java:135) ~[server-intermediary.jar:?]
	at net.minecraft.class_1863.method_20705(class_1863.java:56) ~[server-intermediary.jar:?]
	at net.minecraft.class_1863.method_18788(class_1863.java:35) ~[server-intermediary.jar:?]
	at net.minecraft.class_4080.method_18790(class_4080.java:13) ~[server-intermediary.jar:?]
	at java.util.concurrent.CompletableFuture$UniAccept.tryFire(CompletableFuture.java:718) ~[?:?]
	at java.util.concurrent.CompletableFuture$Completion.run(CompletableFuture.java:482) ~[?:?]
	at net.minecraft.class_4014.method_18365(class_4014.java:69) ~[server-intermediary.jar:?]
	at net.minecraft.class_156.method_43498(class_156.java:950) ~[server-intermediary.jar:?]
	at net.minecraft.class_156.method_43499(class_156.java:938) ~[server-intermediary.jar:?]
	at net.minecraft.server.Main.main(Main.java:160) ~[server-intermediary.jar:?]
	at net.fabricmc.loader.impl.game.minecraft.MinecraftGameProvider.launch(MinecraftGameProvider.java:514) ~[fabric-loader-0.18.2.jar:?]
	at net.fabricmc.loader.impl.launch.knot.Knot.launch(Knot.java:72) ~[fabric-loader-0.18.2.jar:?]
	at net.fabricmc.loader.impl.launch.knot.KnotServer.main(KnotServer.java:23) ~[fabric-loader-0.18.2.jar:?]
	at net.fabricmc.loader.impl.launch.server.FabricServerLauncher.main(FabricServerLauncher.java:69) ~[fabric-loader-0.18.2.jar:?]
	at net.fabricmc.installer.ServerLauncher.main(ServerLauncher.java:69) ~[fabric-server-launch.jar:1.0.1]
[05:11:34] [main/ERROR]: Parsing error loading recipe mythiclib:topaz_to_netherite_pickaxe_smithing
com.google.gson.JsonSyntaxException: Unknown item 'mythicupgrades:netherite_upgrade_smithing_template'
	at net.minecraft.class_1869.method_17878(class_1869.java:272) ~[server-intermediary.jar:?]
	at java.util.Optional.orElseThrow(Optional.java:403) ~[?:?]
	at net.minecraft.class_1869.method_8155(class_1869.java:272) ~[server-intermediary.jar:?]
	at net.minecraft.class_1856.method_8107(class_1856.java:160) ~[server-intermediary.jar:?]
	at net.minecraft.class_1856.method_8102(class_1856.java:143) ~[server-intermediary.jar:?]
	at net.minecraft.class_1856.method_52177(class_1856.java:135) ~[server-intermediary.jar:?]
	at net.minecraft.class_8060$class_8061.method_48455(class_8060.java:87) ~[server-intermediary.jar:?]
	at net.minecraft.class_8060$class_8061.method_8121(class_8060.java:84) ~[server-intermediary.jar:?]
	at net.minecraft.class_1863.method_17720(class_1863.java:135) ~[server-intermediary.jar:?]
	at net.minecraft.class_1863.method_20705(class_1863.java:56) ~[server-intermediary.jar:?]
	at net.minecraft.class_1863.method_18788(class_1863.java:35) ~[server-intermediary.jar:?]
	at net.minecraft.class_4080.method_18790(class_4080.java:13) ~[server-intermediary.jar:?]
	at java.util.concurrent.CompletableFuture$UniAccept.tryFire(CompletableFuture.java:718) ~[?:?]
	at java.util.concurrent.CompletableFuture$Completion.run(CompletableFuture.java:482) ~[?:?]
	at net.minecraft.class_4014.method_18365(class_4014.java:69) ~[server-intermediary.jar:?]
	at net.minecraft.class_156.method_43498(class_156.java:950) ~[server-intermediary.jar:?]
	at net.minecraft.class_156.method_43499(class_156.java:938) ~[server-intermediary.jar:?]
	at net.minecraft.server.Main.main(Main.java:160) ~[server-intermediary.jar:?]
	at net.fabricmc.loader.impl.game.minecraft.MinecraftGameProvider.launch(MinecraftGameProvider.java:514) ~[fabric-loader-0.18.2.jar:?]
	at net.fabricmc.loader.impl.launch.knot.Knot.launch(Knot.java:72) ~[fabric-loader-0.18.2.jar:?]
	at net.fabricmc.loader.impl.launch.knot.KnotServer.main(KnotServer.java:23) ~[fabric-loader-0.18.2.jar:?]
	at net.fabricmc.loader.impl.launch.server.FabricServerLauncher.main(FabricServerLauncher.java:69) ~[fabric-loader-0.18.2.jar:?]
	at net.fabricmc.installer.ServerLauncher.main(ServerLauncher.java:69) ~[fabric-server-launch.jar:1.0.1]
[05:11:34] [main/ERROR]: Parsing error loading recipe mythiclib:netherite_to_peridot_leggings_smithing
com.google.gson.JsonSyntaxException: Unknown item 'mythicupgrades:netherite_leggings'
	at net.minecraft.class_1869.method_17878(class_1869.java:272) ~[server-intermediary.jar:?]
	at java.util.Optional.orElseThrow(Optional.java:403) ~[?:?]
	at net.minecraft.class_1869.method_8155(class_1869.java:272) ~[server-intermediary.jar:?]
	at net.minecraft.class_1856.method_8107(class_1856.java:160) ~[server-intermediary.jar:?]
	at net.minecraft.class_1856.method_8102(class_1856.java:143) ~[server-intermediary.jar:?]
	at net.minecraft.class_1856.method_52177(class_1856.java:135) ~[server-intermediary.jar:?]
	at net.minecraft.class_8060$class_8061.method_48455(class_8060.java:88) ~[server-intermediary.jar:?]
	at net.minecraft.class_8060$class_8061.method_8121(class_8060.java:84) ~[server-intermediary.jar:?]
	at net.minecraft.class_1863.method_17720(class_1863.java:135) ~[server-intermediary.jar:?]
	at net.minecraft.class_1863.method_20705(class_1863.java:56) ~[server-intermediary.jar:?]
	at net.minecraft.class_1863.method_18788(class_1863.java:35) ~[server-intermediary.jar:?]
	at net.minecraft.class_4080.method_18790(class_4080.java:13) ~[server-intermediary.jar:?]
	at java.util.concurrent.CompletableFuture$UniAccept.tryFire(CompletableFuture.java:718) ~[?:?]
	at java.util.concurrent.CompletableFuture$Completion.run(CompletableFuture.java:482) ~[?:?]
	at net.minecraft.class_4014.method_18365(class_4014.java:69) ~[server-intermediary.jar:?]
	at net.minecraft.class_156.method_43498(class_156.java:950) ~[server-intermediary.jar:?]
	at net.minecraft.class_156.method_43499(class_156.java:938) ~[server-intermediary.jar:?]
	at net.minecraft.server.Main.main(Main.java:160) ~[server-intermediary.jar:?]
	at net.fabricmc.loader.impl.game.minecraft.MinecraftGameProvider.launch(MinecraftGameProvider.java:514) ~[fabric-loader-0.18.2.jar:?]
	at net.fabricmc.loader.impl.launch.knot.Knot.launch(Knot.java:72) ~[fabric-loader-0.18.2.jar:?]
	at net.fabricmc.loader.impl.launch.knot.KnotServer.main(KnotServer.java:23) ~[fabric-loader-0.18.2.jar:?]
	at net.fabricmc.loader.impl.launch.server.FabricServerLauncher.main(FabricServerLauncher.java:69) ~[fabric-loader-0.18.2.jar:?]
	at net.fabricmc.installer.ServerLauncher.main(ServerLauncher.java:69) ~[fabric-server-launch.jar:1.0.1]
[05:11:34] [main/ERROR]: Parsing error loading recipe mythiclib:jade_to_netherite_pickaxe_smithing
com.google.gson.JsonSyntaxException: Unknown item 'mythicupgrades:netherite_upgrade_smithing_template'
	at net.minecraft.class_1869.method_17878(class_1869.java:272) ~[server-intermediary.jar:?]
	at java.util.Optional.orElseThrow(Optional.java:403) ~[?:?]
	at net.minecraft.class_1869.method_8155(class_1869.java:272) ~[server-intermediary.jar:?]
	at net.minecraft.class_1856.method_8107(class_1856.java:160) ~[server-intermediary.jar:?]
	at net.minecraft.class_1856.method_8102(class_1856.java:143) ~[server-intermediary.jar:?]
	at net.minecraft.class_1856.method_52177(class_1856.java:135) ~[server-intermediary.jar:?]
	at net.minecraft.class_8060$class_8061.method_48455(class_8060.java:87) ~[server-intermediary.jar:?]
	at net.minecraft.class_8060$class_8061.method_8121(class_8060.java:84) ~[server-intermediary.jar:?]
	at net.minecraft.class_1863.method_17720(class_1863.java:135) ~[server-intermediary.jar:?]
	at net.minecraft.class_1863.method_20705(class_1863.java:56) ~[server-intermediary.jar:?]
	at net.minecraft.class_1863.method_18788(class_1863.java:35) ~[server-intermediary.jar:?]
	at net.minecraft.class_4080.method_18790(class_4080.java:13) ~[server-intermediary.jar:?]
	at java.util.concurrent.CompletableFuture$UniAccept.tryFire(CompletableFuture.java:718) ~[?:?]
	at java.util.concurrent.CompletableFuture$Completion.run(CompletableFuture.java:482) ~[?:?]
	at net.minecraft.class_4014.method_18365(class_4014.java:69) ~[server-intermediary.jar:?]
	at net.minecraft.class_156.method_43498(class_156.java:950) ~[server-intermediary.jar:?]
	at net.minecraft.class_156.method_43499(class_156.java:938) ~[server-intermediary.jar:?]
	at net.minecraft.server.Main.main(Main.java:160) ~[server-intermediary.jar:?]
	at net.fabricmc.loader.impl.game.minecraft.MinecraftGameProvider.launch(MinecraftGameProvider.java:514) ~[fabric-loader-0.18.2.jar:?]
	at net.fabricmc.loader.impl.launch.knot.Knot.launch(Knot.java:72) ~[fabric-loader-0.18.2.jar:?]
	at net.fabricmc.loader.impl.launch.knot.KnotServer.main(KnotServer.java:23) ~[fabric-loader-0.18.2.jar:?]
	at net.fabricmc.loader.impl.launch.server.FabricServerLauncher.main(FabricServerLauncher.java:69) ~[fabric-loader-0.18.2.jar:?]
	at net.fabricmc.installer.ServerLauncher.main(ServerLauncher.java:69) ~[fabric-server-launch.jar:1.0.1]
[05:11:34] [main/ERROR]: Parsing error loading recipe dramaticdoors:tall_chipped_modern_acacia_door
com.google.gson.JsonSyntaxException: Unknown item 'chipped:classic_windowed_acacia_door'
	at net.minecraft.class_1869.method_17878(class_1869.java:272) ~[server-intermediary.jar:?]
	at java.util.Optional.orElseThrow(Optional.java:403) ~[?:?]
	at net.minecraft.class_1869.method_8155(class_1869.java:272) ~[server-intermediary.jar:?]
	at net.minecraft.class_1856.method_8107(class_1856.java:160) ~[server-intermediary.jar:?]
	at net.minecraft.class_1856.method_8102(class_1856.java:143) ~[server-intermediary.jar:?]
	at net.minecraft.class_1869.method_8157(class_1869.java:252) ~[server-intermediary.jar:?]
	at net.minecraft.class_1869$class_1870.method_8164(class_1869.java:285) ~[server-intermediary.jar:?]
	at net.minecraft.class_1869$class_1870.method_8121(class_1869.java:279) ~[server-intermediary.jar:?]
	at net.minecraft.class_1863.method_17720(class_1863.java:135) ~[server-intermediary.jar:?]
	at net.minecraft.class_1863.method_20705(class_1863.java:56) ~[server-intermediary.jar:?]
	at net.minecraft.class_1863.method_18788(class_1863.java:35) ~[server-intermediary.jar:?]
	at net.minecraft.class_4080.method_18790(class_4080.java:13) ~[server-intermediary.jar:?]
	at java.util.concurrent.CompletableFuture$UniAccept.tryFire(CompletableFuture.java:718) ~[?:?]
	at java.util.concurrent.CompletableFuture$Completion.run(CompletableFuture.java:482) ~[?:?]
	at net.minecraft.class_4014.method_18365(class_4014.java:69) ~[server-intermediary.jar:?]
	at net.minecraft.class_156.method_43498(class_156.java:950) ~[server-intermediary.jar:?]
	at net.minecraft.class_156.method_43499(class_156.java:938) ~[server-intermediary.jar:?]
	at net.minecraft.server.Main.main(Main.java:160) ~[server-intermediary.jar:?]
	at net.fabricmc.loader.impl.game.minecraft.MinecraftGameProvider.launch(MinecraftGameProvider.java:514) ~[fabric-loader-0.18.2.jar:?]
	at net.fabricmc.loader.impl.launch.knot.Knot.launch(Knot.java:72) ~[fabric-loader-0.18.2.jar:?]
	at net.fabricmc.loader.impl.launch.knot.KnotServer.main(KnotServer.java:23) ~[fabric-loader-0.18.2.jar:?]
	at net.fabricmc.loader.impl.launch.server.FabricServerLauncher.main(FabricServerLauncher.java:69) ~[fabric-loader-0.18.2.jar:?]
	at net.fabricmc.installer.ServerLauncher.main(ServerLauncher.java:69) ~[fabric-server-launch.jar:1.0.1]
[05:11:34] [main/ERROR]: Parsing error loading recipe mythiclib:sapphire_to_netherite_boots_smithing
com.google.gson.JsonSyntaxException: Unknown item 'mythicupgrades:netherite_upgrade_smithing_template'
	at net.minecraft.class_1869.method_17878(class_1869.java:272) ~[server-intermediary.jar:?]
	at java.util.Optional.orElseThrow(Optional.java:403) ~[?:?]
	at net.minecraft.class_1869.method_8155(class_1869.java:272) ~[server-intermediary.jar:?]
	at net.minecraft.class_1856.method_8107(class_1856.java:160) ~[server-intermediary.jar:?]
	at net.minecraft.class_1856.method_8102(class_1856.java:143) ~[server-intermediary.jar:?]
	at net.minecraft.class_1856.method_52177(class_1856.java:135) ~[server-intermediary.jar:?]
	at net.minecraft.class_8060$class_8061.method_48455(class_8060.java:87) ~[server-intermediary.jar:?]
	at net.minecraft.class_8060$class_8061.method_8121(class_8060.java:84) ~[server-intermediary.jar:?]
	at net.minecraft.class_1863.method_17720(class_1863.java:135) ~[server-intermediary.jar:?]
	at net.minecraft.class_1863.method_20705(class_1863.java:56) ~[server-intermediary.jar:?]
	at net.minecraft.class_1863.method_18788(class_1863.java:35) ~[server-intermediary.jar:?]
	at net.minecraft.class_4080.method_18790(class_4080.java:13) ~[server-intermediary.jar:?]
	at java.util.concurrent.CompletableFuture$UniAccept.tryFire(CompletableFuture.java:718) ~[?:?]
	at java.util.concurrent.CompletableFuture$Completion.run(CompletableFuture.java:482) ~[?:?]
	at net.minecraft.class_4014.method_18365(class_4014.java:69) ~[server-intermediary.jar:?]
	at net.minecraft.class_156.method_43498(class_156.java:950) ~[server-intermediary.jar:?]
	at net.minecraft.class_156.method_43499(class_156.java:938) ~[server-intermediary.jar:?]
	at net.minecraft.server.Main.main(Main.java:160) ~[server-intermediary.jar:?]
	at net.fabricmc.loader.impl.game.minecraft.MinecraftGameProvider.launch(MinecraftGameProvider.java:514) ~[fabric-loader-0.18.2.jar:?]
	at net.fabricmc.loader.impl.launch.knot.Knot.launch(Knot.java:72) ~[fabric-loader-0.18.2.jar:?]
	at net.fabricmc.loader.impl.launch.knot.KnotServer.main(KnotServer.java:23) ~[fabric-loader-0.18.2.jar:?]
	at net.fabricmc.loader.impl.launch.server.FabricServerLauncher.main(FabricServerLauncher.java:69) ~[fabric-loader-0.18.2.jar:?]
	at net.fabricmc.installer.ServerLauncher.main(ServerLauncher.java:69) ~[fabric-server-launch.jar:1.0.1]
[05:11:34] [main/ERROR]: Parsing error loading recipe mythiclib:netherite_to_ametrine_leggings_smithing
com.google.gson.JsonSyntaxException: Unknown item 'mythicupgrades:netherite_leggings'
	at net.minecraft.class_1869.method_17878(class_1869.java:272) ~[server-intermediary.jar:?]
	at java.util.Optional.orElseThrow(Optional.java:403) ~[?:?]
	at net.minecraft.class_1869.method_8155(class_1869.java:272) ~[server-intermediary.jar:?]
	at net.minecraft.class_1856.method_8107(class_1856.java:160) ~[server-intermediary.jar:?]
	at net.minecraft.class_1856.method_8102(class_1856.java:143) ~[server-intermediary.jar:?]
	at net.minecraft.class_1856.method_52177(class_1856.java:135) ~[server-intermediary.jar:?]
	at net.minecraft.class_8060$class_8061.method_48455(class_8060.java:88) ~[server-intermediary.jar:?]
	at net.minecraft.class_8060$class_8061.method_8121(class_8060.java:84) ~[server-intermediary.jar:?]
	at net.minecraft.class_1863.method_17720(class_1863.java:135) ~[server-intermediary.jar:?]
	at net.minecraft.class_1863.method_20705(class_1863.java:56) ~[server-intermediary.jar:?]
	at net.minecraft.class_1863.method_18788(class_1863.java:35) ~[server-intermediary.jar:?]
	at net.minecraft.class_4080.method_18790(class_4080.java:13) ~[server-intermediary.jar:?]
	at java.util.concurrent.CompletableFuture$UniAccept.tryFire(CompletableFuture.java:718) ~[?:?]
	at java.util.concurrent.CompletableFuture$Completion.run(CompletableFuture.java:482) ~[?:?]
	at net.minecraft.class_4014.method_18365(class_4014.java:69) ~[server-intermediary.jar:?]
	at net.minecraft.class_156.method_43498(class_156.java:950) ~[server-intermediary.jar:?]
	at net.minecraft.class_156.method_43499(class_156.java:938) ~[server-intermediary.jar:?]
	at net.minecraft.server.Main.main(Main.java:160) ~[server-intermediary.jar:?]
	at net.fabricmc.loader.impl.game.minecraft.MinecraftGameProvider.launch(MinecraftGameProvider.java:514) ~[fabric-loader-0.18.2.jar:?]
	at net.fabricmc.loader.impl.launch.knot.Knot.launch(Knot.java:72) ~[fabric-loader-0.18.2.jar:?]
	at net.fabricmc.loader.impl.launch.knot.KnotServer.main(KnotServer.java:23) ~[fabric-loader-0.18.2.jar:?]
	at net.fabricmc.loader.impl.launch.server.FabricServerLauncher.main(FabricServerLauncher.java:69) ~[fabric-loader-0.18.2.jar:?]
	at net.fabricmc.installer.ServerLauncher.main(ServerLauncher.java:69) ~[fabric-server-launch.jar:1.0.1]
[05:11:34] [main/ERROR]: Parsing error loading recipe mythiclib:netherite_to_ruby_sword_smithing
com.google.gson.JsonSyntaxException: Unknown item 'mythicupgrades:netherite_sword'
	at net.minecraft.class_1869.method_17878(class_1869.java:272) ~[server-intermediary.jar:?]
	at java.util.Optional.orElseThrow(Optional.java:403) ~[?:?]
	at net.minecraft.class_1869.method_8155(class_1869.java:272) ~[server-intermediary.jar:?]
	at net.minecraft.class_1856.method_8107(class_1856.java:160) ~[server-intermediary.jar:?]
	at net.minecraft.class_1856.method_8102(class_1856.java:143) ~[server-intermediary.jar:?]
	at net.minecraft.class_1856.method_52177(class_1856.java:135) ~[server-intermediary.jar:?]
	at net.minecraft.class_8060$class_8061.method_48455(class_8060.java:88) ~[server-intermediary.jar:?]
	at net.minecraft.class_8060$class_8061.method_8121(class_8060.java:84) ~[server-intermediary.jar:?]
	at net.minecraft.class_1863.method_17720(class_1863.java:135) ~[server-intermediary.jar:?]
	at net.minecraft.class_1863.method_20705(class_1863.java:56) ~[server-intermediary.jar:?]
	at net.minecraft.class_1863.method_18788(class_1863.java:35) ~[server-intermediary.jar:?]
	at net.minecraft.class_4080.method_18790(class_4080.java:13) ~[server-intermediary.jar:?]
	at java.util.concurrent.CompletableFuture$UniAccept.tryFire(CompletableFuture.java:718) ~[?:?]
	at java.util.concurrent.CompletableFuture$Completion.run(CompletableFuture.java:482) ~[?:?]
	at net.minecraft.class_4014.method_18365(class_4014.java:69) ~[server-intermediary.jar:?]
	at net.minecraft.class_156.method_43498(class_156.java:950) ~[server-intermediary.jar:?]
	at net.minecraft.class_156.method_43499(class_156.java:938) ~[server-intermediary.jar:?]
	at net.minecraft.server.Main.main(Main.java:160) ~[server-intermediary.jar:?]
	at net.fabricmc.loader.impl.game.minecraft.MinecraftGameProvider.launch(MinecraftGameProvider.java:514) ~[fabric-loader-0.18.2.jar:?]
	at net.fabricmc.loader.impl.launch.knot.Knot.launch(Knot.java:72) ~[fabric-loader-0.18.2.jar:?]
	at net.fabricmc.loader.impl.launch.knot.KnotServer.main(KnotServer.java:23) ~[fabric-loader-0.18.2.jar:?]
	at net.fabricmc.loader.impl.launch.server.FabricServerLauncher.main(FabricServerLauncher.java:69) ~[fabric-loader-0.18.2.jar:?]
	at net.fabricmc.installer.ServerLauncher.main(ServerLauncher.java:69) ~[fabric-server-launch.jar:1.0.1]
[05:11:34] [main/ERROR]: Parsing error loading recipe triqueapi:warden_pickaxe_smithing_universal
com.google.gson.JsonSyntaxException: Unknown item 'wardentools:echo_ingot'
	at net.minecraft.class_1869.method_17878(class_1869.java:272) ~[server-intermediary.jar:?]
	at java.util.Optional.orElseThrow(Optional.java:403) ~[?:?]
	at net.minecraft.class_1869.method_8155(class_1869.java:272) ~[server-intermediary.jar:?]
	at net.minecraft.class_1856.method_8107(class_1856.java:160) ~[server-intermediary.jar:?]
	at net.minecraft.class_1856.method_8102(class_1856.java:143) ~[server-intermediary.jar:?]
	at net.minecraft.class_1856.method_52177(class_1856.java:135) ~[server-intermediary.jar:?]
	at net.minecraft.class_8060$class_8061.method_48455(class_8060.java:89) ~[server-intermediary.jar:?]
	at net.minecraft.class_8060$class_8061.method_8121(class_8060.java:84) ~[server-intermediary.jar:?]
	at net.minecraft.class_1863.method_17720(class_1863.java:135) ~[server-intermediary.jar:?]
	at net.minecraft.class_1863.method_20705(class_1863.java:56) ~[server-intermediary.jar:?]
	at net.minecraft.class_1863.method_18788(class_1863.java:35) ~[server-intermediary.jar:?]
	at net.minecraft.class_4080.method_18790(class_4080.java:13) ~[server-intermediary.jar:?]
	at java.util.concurrent.CompletableFuture$UniAccept.tryFire(CompletableFuture.java:718) ~[?:?]
	at java.util.concurrent.CompletableFuture$Completion.run(CompletableFuture.java:482) ~[?:?]
	at net.minecraft.class_4014.method_18365(class_4014.java:69) ~[server-intermediary.jar:?]
	at net.minecraft.class_156.method_43498(class_156.java:950) ~[server-intermediary.jar:?]
	at net.minecraft.class_156.method_43499(class_156.java:938) ~[server-intermediary.jar:?]
	at net.minecraft.server.Main.main(Main.java:160) ~[server-intermediary.jar:?]
	at net.fabricmc.loader.impl.game.minecraft.MinecraftGameProvider.launch(MinecraftGameProvider.java:514) ~[fabric-loader-0.18.2.jar:?]
	at net.fabricmc.loader.impl.launch.knot.Knot.launch(Knot.java:72) ~[fabric-loader-0.18.2.jar:?]
	at net.fabricmc.loader.impl.launch.knot.KnotServer.main(KnotServer.java:23) ~[fabric-loader-0.18.2.jar:?]
	at net.fabricmc.loader.impl.launch.server.FabricServerLauncher.main(FabricServerLauncher.java:69) ~[fabric-loader-0.18.2.jar:?]
	at net.fabricmc.installer.ServerLauncher.main(ServerLauncher.java:69) ~[fabric-server-launch.jar:1.0.1]
[05:11:34] [main/ERROR]: Parsing error loading recipe mythiclib:netherite_to_ametrine_axe_smithing
com.google.gson.JsonSyntaxException: Unknown item 'mythicupgrades:netherite_axe'
	at net.minecraft.class_1869.method_17878(class_1869.java:272) ~[server-intermediary.jar:?]
	at java.util.Optional.orElseThrow(Optional.java:403) ~[?:?]
	at net.minecraft.class_1869.method_8155(class_1869.java:272) ~[server-intermediary.jar:?]
	at net.minecraft.class_1856.method_8107(class_1856.java:160) ~[server-intermediary.jar:?]
	at net.minecraft.class_1856.method_8102(class_1856.java:143) ~[server-intermediary.jar:?]
	at net.minecraft.class_1856.method_52177(class_1856.java:135) ~[server-intermediary.jar:?]
	at net.minecraft.class_8060$class_8061.method_48455(class_8060.java:88) ~[server-intermediary.jar:?]
	at net.minecraft.class_8060$class_8061.method_8121(class_8060.java:84) ~[server-intermediary.jar:?]
	at net.minecraft.class_1863.method_17720(class_1863.java:135) ~[server-intermediary.jar:?]
	at net.minecraft.class_1863.method_20705(class_1863.java:56) ~[server-intermediary.jar:?]
	at net.minecraft.class_1863.method_18788(class_1863.java:35) ~[server-intermediary.jar:?]
	at net.minecraft.class_4080.method_18790(class_4080.java:13) ~[server-intermediary.jar:?]
	at java.util.concurrent.CompletableFuture$UniAccept.tryFire(CompletableFuture.java:718) ~[?:?]
	at java.util.concurrent.CompletableFuture$Completion.run(CompletableFuture.java:482) ~[?:?]
	at net.minecraft.class_4014.method_18365(class_4014.java:69) ~[server-intermediary.jar:?]
	at net.minecraft.class_156.method_43498(class_156.java:950) ~[server-intermediary.jar:?]
	at net.minecraft.class_156.method_43499(class_156.java:938) ~[server-intermediary.jar:?]
	at net.minecraft.server.Main.main(Main.java:160) ~[server-intermediary.jar:?]
	at net.fabricmc.loader.impl.game.minecraft.MinecraftGameProvider.launch(MinecraftGameProvider.java:514) ~[fabric-loader-0.18.2.jar:?]
	at net.fabricmc.loader.impl.launch.knot.Knot.launch(Knot.java:72) ~[fabric-loader-0.18.2.jar:?]
	at net.fabricmc.loader.impl.launch.knot.KnotServer.main(KnotServer.java:23) ~[fabric-loader-0.18.2.jar:?]
	at net.fabricmc.loader.impl.launch.server.FabricServerLauncher.main(FabricServerLauncher.java:69) ~[fabric-loader-0.18.2.jar:?]
	at net.fabricmc.installer.ServerLauncher.main(ServerLauncher.java:69) ~[fabric-server-launch.jar:1.0.1]
[05:11:34] [main/ERROR]: Parsing error loading recipe mythiclib:peridot_to_netherite_hoe_smithing
com.google.gson.JsonSyntaxException: Unknown item 'mythicupgrades:netherite_upgrade_smithing_template'
	at net.minecraft.class_1869.method_17878(class_1869.java:272) ~[server-intermediary.jar:?]
	at java.util.Optional.orElseThrow(Optional.java:403) ~[?:?]
	at net.minecraft.class_1869.method_8155(class_1869.java:272) ~[server-intermediary.jar:?]
	at net.minecraft.class_1856.method_8107(class_1856.java:160) ~[server-intermediary.jar:?]
	at net.minecraft.class_1856.method_8102(class_1856.java:143) ~[server-intermediary.jar:?]
	at net.minecraft.class_1856.method_52177(class_1856.java:135) ~[server-intermediary.jar:?]
	at net.minecraft.class_8060$class_8061.method_48455(class_8060.java:87) ~[server-intermediary.jar:?]
	at net.minecraft.class_8060$class_8061.method_8121(class_8060.java:84) ~[server-intermediary.jar:?]
	at net.minecraft.class_1863.method_17720(class_1863.java:135) ~[server-intermediary.jar:?]
	at net.minecraft.class_1863.method_20705(class_1863.java:56) ~[server-intermediary.jar:?]
	at net.minecraft.class_1863.method_18788(class_1863.java:35) ~[server-intermediary.jar:?]
	at net.minecraft.class_4080.method_18790(class_4080.java:13) ~[server-intermediary.jar:?]
	at java.util.concurrent.CompletableFuture$UniAccept.tryFire(CompletableFuture.java:718) ~[?:?]
	at java.util.concurrent.CompletableFuture$Completion.run(CompletableFuture.java:482) ~[?:?]
	at net.minecraft.class_4014.method_18365(class_4014.java:69) ~[server-intermediary.jar:?]
	at net.minecraft.class_156.method_43498(class_156.java:950) ~[server-intermediary.jar:?]
	at net.minecraft.class_156.method_43499(class_156.java:938) ~[server-intermediary.jar:?]
	at net.minecraft.server.Main.main(Main.java:160) ~[server-intermediary.jar:?]
	at net.fabricmc.loader.impl.game.minecraft.MinecraftGameProvider.launch(MinecraftGameProvider.java:514) ~[fabric-loader-0.18.2.jar:?]
	at net.fabricmc.loader.impl.launch.knot.Knot.launch(Knot.java:72) ~[fabric-loader-0.18.2.jar:?]
	at net.fabricmc.loader.impl.launch.knot.KnotServer.main(KnotServer.java:23) ~[fabric-loader-0.18.2.jar:?]
	at net.fabricmc.loader.impl.launch.server.FabricServerLauncher.main(FabricServerLauncher.java:69) ~[fabric-loader-0.18.2.jar:?]
	at net.fabricmc.installer.ServerLauncher.main(ServerLauncher.java:69) ~[fabric-server-launch.jar:1.0.1]
[05:11:34] [main/ERROR]: Parsing error loading recipe mythiclib:ruby_to_netherite_sword_smithing
com.google.gson.JsonSyntaxException: Unknown item 'mythicupgrades:netherite_upgrade_smithing_template'
	at net.minecraft.class_1869.method_17878(class_1869.java:272) ~[server-intermediary.jar:?]
	at java.util.Optional.orElseThrow(Optional.java:403) ~[?:?]
	at net.minecraft.class_1869.method_8155(class_1869.java:272) ~[server-intermediary.jar:?]
	at net.minecraft.class_1856.method_8107(class_1856.java:160) ~[server-intermediary.jar:?]
	at net.minecraft.class_1856.method_8102(class_1856.java:143) ~[server-intermediary.jar:?]
	at net.minecraft.class_1856.method_52177(class_1856.java:135) ~[server-intermediary.jar:?]
	at net.minecraft.class_8060$class_8061.method_48455(class_8060.java:87) ~[server-intermediary.jar:?]
	at net.minecraft.class_8060$class_8061.method_8121(class_8060.java:84) ~[server-intermediary.jar:?]
	at net.minecraft.class_1863.method_17720(class_1863.java:135) ~[server-intermediary.jar:?]
	at net.minecraft.class_1863.method_20705(class_1863.java:56) ~[server-intermediary.jar:?]
	at net.minecraft.class_1863.method_18788(class_1863.java:35) ~[server-intermediary.jar:?]
	at net.minecraft.class_4080.method_18790(class_4080.java:13) ~[server-intermediary.jar:?]
	at java.util.concurrent.CompletableFuture$UniAccept.tryFire(CompletableFuture.java:718) ~[?:?]
	at java.util.concurrent.CompletableFuture$Completion.run(CompletableFuture.java:482) ~[?:?]
	at net.minecraft.class_4014.method_18365(class_4014.java:69) ~[server-intermediary.jar:?]
	at net.minecraft.class_156.method_43498(class_156.java:950) ~[server-intermediary.jar:?]
	at net.minecraft.class_156.method_43499(class_156.java:938) ~[server-intermediary.jar:?]
	at net.minecraft.server.Main.main(Main.java:160) ~[server-intermediary.jar:?]
	at net.fabricmc.loader.impl.game.minecraft.MinecraftGameProvider.launch(MinecraftGameProvider.java:514) ~[fabric-loader-0.18.2.jar:?]
	at net.fabricmc.loader.impl.launch.knot.Knot.launch(Knot.java:72) ~[fabric-loader-0.18.2.jar:?]
	at net.fabricmc.loader.impl.launch.knot.KnotServer.main(KnotServer.java:23) ~[fabric-loader-0.18.2.jar:?]
	at net.fabricmc.loader.impl.launch.server.FabricServerLauncher.main(FabricServerLauncher.java:69) ~[fabric-loader-0.18.2.jar:?]
	at net.fabricmc.installer.ServerLauncher.main(ServerLauncher.java:69) ~[fabric-server-launch.jar:1.0.1]
[05:11:34] [main/ERROR]: Parsing error loading recipe mythiclib:sapphire_to_netherite_axe_smithing
com.google.gson.JsonSyntaxException: Unknown item 'mythicupgrades:netherite_upgrade_smithing_template'
	at net.minecraft.class_1869.method_17878(class_1869.java:272) ~[server-intermediary.jar:?]
	at java.util.Optional.orElseThrow(Optional.java:403) ~[?:?]
	at net.minecraft.class_1869.method_8155(class_1869.java:272) ~[server-intermediary.jar:?]
	at net.minecraft.class_1856.method_8107(class_1856.java:160) ~[server-intermediary.jar:?]
	at net.minecraft.class_1856.method_8102(class_1856.java:143) ~[server-intermediary.jar:?]
	at net.minecraft.class_1856.method_52177(class_1856.java:135) ~[server-intermediary.jar:?]
	at net.minecraft.class_8060$class_8061.method_48455(class_8060.java:87) ~[server-intermediary.jar:?]
	at net.minecraft.class_8060$class_8061.method_8121(class_8060.java:84) ~[server-intermediary.jar:?]
	at net.minecraft.class_1863.method_17720(class_1863.java:135) ~[server-intermediary.jar:?]
	at net.minecraft.class_1863.method_20705(class_1863.java:56) ~[server-intermediary.jar:?]
	at net.minecraft.class_1863.method_18788(class_1863.java:35) ~[server-intermediary.jar:?]
	at net.minecraft.class_4080.method_18790(class_4080.java:13) ~[server-intermediary.jar:?]
	at java.util.concurrent.CompletableFuture$UniAccept.tryFire(CompletableFuture.java:718) ~[?:?]
	at java.util.concurrent.CompletableFuture$Completion.run(CompletableFuture.java:482) ~[?:?]
	at net.minecraft.class_4014.method_18365(class_4014.java:69) ~[server-intermediary.jar:?]
	at net.minecraft.class_156.method_43498(class_156.java:950) ~[server-intermediary.jar:?]
	at net.minecraft.class_156.method_43499(class_156.java:938) ~[server-intermediary.jar:?]
	at net.minecraft.server.Main.main(Main.java:160) ~[server-intermediary.jar:?]
	at net.fabricmc.loader.impl.game.minecraft.MinecraftGameProvider.launch(MinecraftGameProvider.java:514) ~[fabric-loader-0.18.2.jar:?]
	at net.fabricmc.loader.impl.launch.knot.Knot.launch(Knot.java:72) ~[fabric-loader-0.18.2.jar:?]
	at net.fabricmc.loader.impl.launch.knot.KnotServer.main(KnotServer.java:23) ~[fabric-loader-0.18.2.jar:?]
	at net.fabricmc.loader.impl.launch.server.FabricServerLauncher.main(FabricServerLauncher.java:69) ~[fabric-loader-0.18.2.jar:?]
	at net.fabricmc.installer.ServerLauncher.main(ServerLauncher.java:69) ~[fabric-server-launch.jar:1.0.1]
[05:11:34] [main/ERROR]: Parsing error loading recipe dramaticdoors:tall_chipped_screen_mangrove_door
com.google.gson.JsonSyntaxException: Unknown item 'chipped:screen_mangrove_door'
	at net.minecraft.class_1869.method_17878(class_1869.java:272) ~[server-intermediary.jar:?]
	at java.util.Optional.orElseThrow(Optional.java:403) ~[?:?]
	at net.minecraft.class_1869.method_8155(class_1869.java:272) ~[server-intermediary.jar:?]
	at net.minecraft.class_1856.method_8107(class_1856.java:160) ~[server-intermediary.jar:?]
	at net.minecraft.class_1856.method_8102(class_1856.java:143) ~[server-intermediary.jar:?]
	at net.minecraft.class_1869.method_8157(class_1869.java:252) ~[server-intermediary.jar:?]
	at net.minecraft.class_1869$class_1870.method_8164(class_1869.java:285) ~[server-intermediary.jar:?]
	at net.minecraft.class_1869$class_1870.method_8121(class_1869.java:279) ~[server-intermediary.jar:?]
	at net.minecraft.class_1863.method_17720(class_1863.java:135) ~[server-intermediary.jar:?]
	at net.minecraft.class_1863.method_20705(class_1863.java:56) ~[server-intermediary.jar:?]
	at net.minecraft.class_1863.method_18788(class_1863.java:35) ~[server-intermediary.jar:?]
	at net.minecraft.class_4080.method_18790(class_4080.java:13) ~[server-intermediary.jar:?]
	at java.util.concurrent.CompletableFuture$UniAccept.tryFire(CompletableFuture.java:718) ~[?:?]
	at java.util.concurrent.CompletableFuture$Completion.run(CompletableFuture.java:482) ~[?:?]
	at net.minecraft.class_4014.method_18365(class_4014.java:69) ~[server-intermediary.jar:?]
	at net.minecraft.class_156.method_43498(class_156.java:950) ~[server-intermediary.jar:?]
	at net.minecraft.class_156.method_43499(class_156.java:938) ~[server-intermediary.jar:?]
	at net.minecraft.server.Main.main(Main.java:160) ~[server-intermediary.jar:?]
	at net.fabricmc.loader.impl.game.minecraft.MinecraftGameProvider.launch(MinecraftGameProvider.java:514) ~[fabric-loader-0.18.2.jar:?]
	at net.fabricmc.loader.impl.launch.knot.Knot.launch(Knot.java:72) ~[fabric-loader-0.18.2.jar:?]
	at net.fabricmc.loader.impl.launch.knot.KnotServer.main(KnotServer.java:23) ~[fabric-loader-0.18.2.jar:?]
	at net.fabricmc.loader.impl.launch.server.FabricServerLauncher.main(FabricServerLauncher.java:69) ~[fabric-loader-0.18.2.jar:?]
	at net.fabricmc.installer.ServerLauncher.main(ServerLauncher.java:69) ~[fabric-server-launch.jar:1.0.1]
[05:11:34] [main/ERROR]: Parsing error loading recipe mythiclib:ruby_to_netherite_helmet_smithing
com.google.gson.JsonSyntaxException: Unknown item 'mythicupgrades:netherite_upgrade_smithing_template'
	at net.minecraft.class_1869.method_17878(class_1869.java:272) ~[server-intermediary.jar:?]
	at java.util.Optional.orElseThrow(Optional.java:403) ~[?:?]
	at net.minecraft.class_1869.method_8155(class_1869.java:272) ~[server-intermediary.jar:?]
	at net.minecraft.class_1856.method_8107(class_1856.java:160) ~[server-intermediary.jar:?]
	at net.minecraft.class_1856.method_8102(class_1856.java:143) ~[server-intermediary.jar:?]
	at net.minecraft.class_1856.method_52177(class_1856.java:135) ~[server-intermediary.jar:?]
	at net.minecraft.class_8060$class_8061.method_48455(class_8060.java:87) ~[server-intermediary.jar:?]
	at net.minecraft.class_8060$class_8061.method_8121(class_8060.java:84) ~[server-intermediary.jar:?]
	at net.minecraft.class_1863.method_17720(class_1863.java:135) ~[server-intermediary.jar:?]
	at net.minecraft.class_1863.method_20705(class_1863.java:56) ~[server-intermediary.jar:?]
	at net.minecraft.class_1863.method_18788(class_1863.java:35) ~[server-intermediary.jar:?]
	at net.minecraft.class_4080.method_18790(class_4080.java:13) ~[server-intermediary.jar:?]
	at java.util.concurrent.CompletableFuture$UniAccept.tryFire(CompletableFuture.java:718) ~[?:?]
	at java.util.concurrent.CompletableFuture$Completion.run(CompletableFuture.java:482) ~[?:?]
	at net.minecraft.class_4014.method_18365(class_4014.java:69) ~[server-intermediary.jar:?]
	at net.minecraft.class_156.method_43498(class_156.java:950) ~[server-intermediary.jar:?]
	at net.minecraft.class_156.method_43499(class_156.java:938) ~[server-intermediary.jar:?]
	at net.minecraft.server.Main.main(Main.java:160) ~[server-intermediary.jar:?]
	at net.fabricmc.loader.impl.game.minecraft.MinecraftGameProvider.launch(MinecraftGameProvider.java:514) ~[fabric-loader-0.18.2.jar:?]
	at net.fabricmc.loader.impl.launch.knot.Knot.launch(Knot.java:72) ~[fabric-loader-0.18.2.jar:?]
	at net.fabricmc.loader.impl.launch.knot.KnotServer.main(KnotServer.java:23) ~[fabric-loader-0.18.2.jar:?]
	at net.fabricmc.loader.impl.launch.server.FabricServerLauncher.main(FabricServerLauncher.java:69) ~[fabric-loader-0.18.2.jar:?]
	at net.fabricmc.installer.ServerLauncher.main(ServerLauncher.java:69) ~[fabric-server-launch.jar:1.0.1]
[05:11:34] [main/ERROR]: Parsing error loading recipe mythiclib:topaz_to_netherite_chestplate_smithing
com.google.gson.JsonSyntaxException: Unknown item 'mythicupgrades:netherite_upgrade_smithing_template'
	at net.minecraft.class_1869.method_17878(class_1869.java:272) ~[server-intermediary.jar:?]
	at java.util.Optional.orElseThrow(Optional.java:403) ~[?:?]
	at net.minecraft.class_1869.method_8155(class_1869.java:272) ~[server-intermediary.jar:?]
	at net.minecraft.class_1856.method_8107(class_1856.java:160) ~[server-intermediary.jar:?]
	at net.minecraft.class_1856.method_8102(class_1856.java:143) ~[server-intermediary.jar:?]
	at net.minecraft.class_1856.method_52177(class_1856.java:135) ~[server-intermediary.jar:?]
	at net.minecraft.class_8060$class_8061.method_48455(class_8060.java:87) ~[server-intermediary.jar:?]
	at net.minecraft.class_8060$class_8061.method_8121(class_8060.java:84) ~[server-intermediary.jar:?]
	at net.minecraft.class_1863.method_17720(class_1863.java:135) ~[server-intermediary.jar:?]
	at net.minecraft.class_1863.method_20705(class_1863.java:56) ~[server-intermediary.jar:?]
	at net.minecraft.class_1863.method_18788(class_1863.java:35) ~[server-intermediary.jar:?]
	at net.minecraft.class_4080.method_18790(class_4080.java:13) ~[server-intermediary.jar:?]
	at java.util.concurrent.CompletableFuture$UniAccept.tryFire(CompletableFuture.java:718) ~[?:?]
	at java.util.concurrent.CompletableFuture$Completion.run(CompletableFuture.java:482) ~[?:?]
	at net.minecraft.class_4014.method_18365(class_4014.java:69) ~[server-intermediary.jar:?]
	at net.minecraft.class_156.method_43498(class_156.java:950) ~[server-intermediary.jar:?]
	at net.minecraft.class_156.method_43499(class_156.java:938) ~[server-intermediary.jar:?]
	at net.minecraft.server.Main.main(Main.java:160) ~[server-intermediary.jar:?]
	at net.fabricmc.loader.impl.game.minecraft.MinecraftGameProvider.launch(MinecraftGameProvider.java:514) ~[fabric-loader-0.18.2.jar:?]
	at net.fabricmc.loader.impl.launch.knot.Knot.launch(Knot.java:72) ~[fabric-loader-0.18.2.jar:?]
	at net.fabricmc.loader.impl.launch.knot.KnotServer.main(KnotServer.java:23) ~[fabric-loader-0.18.2.jar:?]
	at net.fabricmc.loader.impl.launch.server.FabricServerLauncher.main(FabricServerLauncher.java:69) ~[fabric-loader-0.18.2.jar:?]
	at net.fabricmc.installer.ServerLauncher.main(ServerLauncher.java:69) ~[fabric-server-launch.jar:1.0.1]
[05:11:34] [main/ERROR]: Parsing error loading recipe mythiclib:netherite_to_ruby_chestplate_smithing
com.google.gson.JsonSyntaxException: Unknown item 'mythicupgrades:netherite_chestplate'
	at net.minecraft.class_1869.method_17878(class_1869.java:272) ~[server-intermediary.jar:?]
	at java.util.Optional.orElseThrow(Optional.java:403) ~[?:?]
	at net.minecraft.class_1869.method_8155(class_1869.java:272) ~[server-intermediary.jar:?]
	at net.minecraft.class_1856.method_8107(class_1856.java:160) ~[server-intermediary.jar:?]
	at net.minecraft.class_1856.method_8102(class_1856.java:143) ~[server-intermediary.jar:?]
	at net.minecraft.class_1856.method_52177(class_1856.java:135) ~[server-intermediary.jar:?]
	at net.minecraft.class_8060$class_8061.method_48455(class_8060.java:88) ~[server-intermediary.jar:?]
	at net.minecraft.class_8060$class_8061.method_8121(class_8060.java:84) ~[server-intermediary.jar:?]
	at net.minecraft.class_1863.method_17720(class_1863.java:135) ~[server-intermediary.jar:?]
	at net.minecraft.class_1863.method_20705(class_1863.java:56) ~[server-intermediary.jar:?]
	at net.minecraft.class_1863.method_18788(class_1863.java:35) ~[server-intermediary.jar:?]
	at net.minecraft.class_4080.method_18790(class_4080.java:13) ~[server-intermediary.jar:?]
	at java.util.concurrent.CompletableFuture$UniAccept.tryFire(CompletableFuture.java:718) ~[?:?]
	at java.util.concurrent.CompletableFuture$Completion.run(CompletableFuture.java:482) ~[?:?]
	at net.minecraft.class_4014.method_18365(class_4014.java:69) ~[server-intermediary.jar:?]
	at net.minecraft.class_156.method_43498(class_156.java:950) ~[server-intermediary.jar:?]
	at net.minecraft.class_156.method_43499(class_156.java:938) ~[server-intermediary.jar:?]
	at net.minecraft.server.Main.main(Main.java:160) ~[server-intermediary.jar:?]
	at net.fabricmc.loader.impl.game.minecraft.MinecraftGameProvider.launch(MinecraftGameProvider.java:514) ~[fabric-loader-0.18.2.jar:?]
	at net.fabricmc.loader.impl.launch.knot.Knot.launch(Knot.java:72) ~[fabric-loader-0.18.2.jar:?]
	at net.fabricmc.loader.impl.launch.knot.KnotServer.main(KnotServer.java:23) ~[fabric-loader-0.18.2.jar:?]
	at net.fabricmc.loader.impl.launch.server.FabricServerLauncher.main(FabricServerLauncher.java:69) ~[fabric-loader-0.18.2.jar:?]
	at net.fabricmc.installer.ServerLauncher.main(ServerLauncher.java:69) ~[fabric-server-launch.jar:1.0.1]
[05:11:34] [main/ERROR]: Parsing error loading recipe mythiclib:ametrine_to_netherite_hoe_smithing
com.google.gson.JsonSyntaxException: Unknown item 'mythicupgrades:netherite_upgrade_smithing_template'
	at net.minecraft.class_1869.method_17878(class_1869.java:272) ~[server-intermediary.jar:?]
	at java.util.Optional.orElseThrow(Optional.java:403) ~[?:?]
	at net.minecraft.class_1869.method_8155(class_1869.java:272) ~[server-intermediary.jar:?]
	at net.minecraft.class_1856.method_8107(class_1856.java:160) ~[server-intermediary.jar:?]
	at net.minecraft.class_1856.method_8102(class_1856.java:143) ~[server-intermediary.jar:?]
	at net.minecraft.class_1856.method_52177(class_1856.java:135) ~[server-intermediary.jar:?]
	at net.minecraft.class_8060$class_8061.method_48455(class_8060.java:87) ~[server-intermediary.jar:?]
	at net.minecraft.class_8060$class_8061.method_8121(class_8060.java:84) ~[server-intermediary.jar:?]
	at net.minecraft.class_1863.method_17720(class_1863.java:135) ~[server-intermediary.jar:?]
	at net.minecraft.class_1863.method_20705(class_1863.java:56) ~[server-intermediary.jar:?]
	at net.minecraft.class_1863.method_18788(class_1863.java:35) ~[server-intermediary.jar:?]
	at net.minecraft.class_4080.method_18790(class_4080.java:13) ~[server-intermediary.jar:?]
	at java.util.concurrent.CompletableFuture$UniAccept.tryFire(CompletableFuture.java:718) ~[?:?]
	at java.util.concurrent.CompletableFuture$Completion.run(CompletableFuture.java:482) ~[?:?]
	at net.minecraft.class_4014.method_18365(class_4014.java:69) ~[server-intermediary.jar:?]
	at net.minecraft.class_156.method_43498(class_156.java:950) ~[server-intermediary.jar:?]
	at net.minecraft.class_156.method_43499(class_156.java:938) ~[server-intermediary.jar:?]
	at net.minecraft.server.Main.main(Main.java:160) ~[server-intermediary.jar:?]
	at net.fabricmc.loader.impl.game.minecraft.MinecraftGameProvider.launch(MinecraftGameProvider.java:514) ~[fabric-loader-0.18.2.jar:?]
	at net.fabricmc.loader.impl.launch.knot.Knot.launch(Knot.java:72) ~[fabric-loader-0.18.2.jar:?]
	at net.fabricmc.loader.impl.launch.knot.KnotServer.main(KnotServer.java:23) ~[fabric-loader-0.18.2.jar:?]
	at net.fabricmc.loader.impl.launch.server.FabricServerLauncher.main(FabricServerLauncher.java:69) ~[fabric-loader-0.18.2.jar:?]
	at net.fabricmc.installer.ServerLauncher.main(ServerLauncher.java:69) ~[fabric-server-launch.jar:1.0.1]
[05:11:34] [main/ERROR]: Parsing error loading recipe mythiclib:netherite_to_ruby_shovel_smithing
com.google.gson.JsonSyntaxException: Unknown item 'mythicupgrades:netherite_shovel'
	at net.minecraft.class_1869.method_17878(class_1869.java:272) ~[server-intermediary.jar:?]
	at java.util.Optional.orElseThrow(Optional.java:403) ~[?:?]
	at net.minecraft.class_1869.method_8155(class_1869.java:272) ~[server-intermediary.jar:?]
	at net.minecraft.class_1856.method_8107(class_1856.java:160) ~[server-intermediary.jar:?]
	at net.minecraft.class_1856.method_8102(class_1856.java:143) ~[server-intermediary.jar:?]
	at net.minecraft.class_1856.method_52177(class_1856.java:135) ~[server-intermediary.jar:?]
	at net.minecraft.class_8060$class_8061.method_48455(class_8060.java:88) ~[server-intermediary.jar:?]
	at net.minecraft.class_8060$class_8061.method_8121(class_8060.java:84) ~[server-intermediary.jar:?]
	at net.minecraft.class_1863.method_17720(class_1863.java:135) ~[server-intermediary.jar:?]
	at net.minecraft.class_1863.method_20705(class_1863.java:56) ~[server-intermediary.jar:?]
	at net.minecraft.class_1863.method_18788(class_1863.java:35) ~[server-intermediary.jar:?]
	at net.minecraft.class_4080.method_18790(class_4080.java:13) ~[server-intermediary.jar:?]
	at java.util.concurrent.CompletableFuture$UniAccept.tryFire(CompletableFuture.java:718) ~[?:?]
	at java.util.concurrent.CompletableFuture$Completion.run(CompletableFuture.java:482) ~[?:?]
	at net.minecraft.class_4014.method_18365(class_4014.java:69) ~[server-intermediary.jar:?]
	at net.minecraft.class_156.method_43498(class_156.java:950) ~[server-intermediary.jar:?]
	at net.minecraft.class_156.method_43499(class_156.java:938) ~[server-intermediary.jar:?]
	at net.minecraft.server.Main.main(Main.java:160) ~[server-intermediary.jar:?]
	at net.fabricmc.loader.impl.game.minecraft.MinecraftGameProvider.launch(MinecraftGameProvider.java:514) ~[fabric-loader-0.18.2.jar:?]
	at net.fabricmc.loader.impl.launch.knot.Knot.launch(Knot.java:72) ~[fabric-loader-0.18.2.jar:?]
	at net.fabricmc.loader.impl.launch.knot.KnotServer.main(KnotServer.java:23) ~[fabric-loader-0.18.2.jar:?]
	at net.fabricmc.loader.impl.launch.server.FabricServerLauncher.main(FabricServerLauncher.java:69) ~[fabric-loader-0.18.2.jar:?]
	at net.fabricmc.installer.ServerLauncher.main(ServerLauncher.java:69) ~[fabric-server-launch.jar:1.0.1]
[05:11:34] [main/ERROR]: Parsing error loading recipe mythiclib:netherite_to_ametrine_hoe_smithing
com.google.gson.JsonSyntaxException: Unknown item 'mythicupgrades:netherite_hoe'
	at net.minecraft.class_1869.method_17878(class_1869.java:272) ~[server-intermediary.jar:?]
	at java.util.Optional.orElseThrow(Optional.java:403) ~[?:?]
	at net.minecraft.class_1869.method_8155(class_1869.java:272) ~[server-intermediary.jar:?]
	at net.minecraft.class_1856.method_8107(class_1856.java:160) ~[server-intermediary.jar:?]
	at net.minecraft.class_1856.method_8102(class_1856.java:143) ~[server-intermediary.jar:?]
	at net.minecraft.class_1856.method_52177(class_1856.java:135) ~[server-intermediary.jar:?]
	at net.minecraft.class_8060$class_8061.method_48455(class_8060.java:88) ~[server-intermediary.jar:?]
	at net.minecraft.class_8060$class_8061.method_8121(class_8060.java:84) ~[server-intermediary.jar:?]
	at net.minecraft.class_1863.method_17720(class_1863.java:135) ~[server-intermediary.jar:?]
	at net.minecraft.class_1863.method_20705(class_1863.java:56) ~[server-intermediary.jar:?]
	at net.minecraft.class_1863.method_18788(class_1863.java:35) ~[server-intermediary.jar:?]
	at net.minecraft.class_4080.method_18790(class_4080.java:13) ~[server-intermediary.jar:?]
	at java.util.concurrent.CompletableFuture$UniAccept.tryFire(CompletableFuture.java:718) ~[?:?]
	at java.util.concurrent.CompletableFuture$Completion.run(CompletableFuture.java:482) ~[?:?]
	at net.minecraft.class_4014.method_18365(class_4014.java:69) ~[server-intermediary.jar:?]
	at net.minecraft.class_156.method_43498(class_156.java:950) ~[server-intermediary.jar:?]
	at net.minecraft.class_156.method_43499(class_156.java:938) ~[server-intermediary.jar:?]
	at net.minecraft.server.Main.main(Main.java:160) ~[server-intermediary.jar:?]
	at net.fabricmc.loader.impl.game.minecraft.MinecraftGameProvider.launch(MinecraftGameProvider.java:514) ~[fabric-loader-0.18.2.jar:?]
	at net.fabricmc.loader.impl.launch.knot.Knot.launch(Knot.java:72) ~[fabric-loader-0.18.2.jar:?]
	at net.fabricmc.loader.impl.launch.knot.KnotServer.main(KnotServer.java:23) ~[fabric-loader-0.18.2.jar:?]
	at net.fabricmc.loader.impl.launch.server.FabricServerLauncher.main(FabricServerLauncher.java:69) ~[fabric-loader-0.18.2.jar:?]
	at net.fabricmc.installer.ServerLauncher.main(ServerLauncher.java:69) ~[fabric-server-launch.jar:1.0.1]
[05:11:34] [main/ERROR]: Parsing error loading recipe mythiclib:ruby_to_netherite_pickaxe_smithing
com.google.gson.JsonSyntaxException: Unknown item 'mythicupgrades:netherite_upgrade_smithing_template'
	at net.minecraft.class_1869.method_17878(class_1869.java:272) ~[server-intermediary.jar:?]
	at java.util.Optional.orElseThrow(Optional.java:403) ~[?:?]
	at net.minecraft.class_1869.method_8155(class_1869.java:272) ~[server-intermediary.jar:?]
	at net.minecraft.class_1856.method_8107(class_1856.java:160) ~[server-intermediary.jar:?]
	at net.minecraft.class_1856.method_8102(class_1856.java:143) ~[server-intermediary.jar:?]
	at net.minecraft.class_1856.method_52177(class_1856.java:135) ~[server-intermediary.jar:?]
	at net.minecraft.class_8060$class_8061.method_48455(class_8060.java:87) ~[server-intermediary.jar:?]
	at net.minecraft.class_8060$class_8061.method_8121(class_8060.java:84) ~[server-intermediary.jar:?]
	at net.minecraft.class_1863.method_17720(class_1863.java:135) ~[server-intermediary.jar:?]
	at net.minecraft.class_1863.method_20705(class_1863.java:56) ~[server-intermediary.jar:?]
	at net.minecraft.class_1863.method_18788(class_1863.java:35) ~[server-intermediary.jar:?]
	at net.minecraft.class_4080.method_18790(class_4080.java:13) ~[server-intermediary.jar:?]
	at java.util.concurrent.CompletableFuture$UniAccept.tryFire(CompletableFuture.java:718) ~[?:?]
	at java.util.concurrent.CompletableFuture$Completion.run(CompletableFuture.java:482) ~[?:?]
	at net.minecraft.class_4014.method_18365(class_4014.java:69) ~[server-intermediary.jar:?]
	at net.minecraft.class_156.method_43498(class_156.java:950) ~[server-intermediary.jar:?]
	at net.minecraft.class_156.method_43499(class_156.java:938) ~[server-intermediary.jar:?]
	at net.minecraft.server.Main.main(Main.java:160) ~[server-intermediary.jar:?]
	at net.fabricmc.loader.impl.game.minecraft.MinecraftGameProvider.launch(MinecraftGameProvider.java:514) ~[fabric-loader-0.18.2.jar:?]
	at net.fabricmc.loader.impl.launch.knot.Knot.launch(Knot.java:72) ~[fabric-loader-0.18.2.jar:?]
	at net.fabricmc.loader.impl.launch.knot.KnotServer.main(KnotServer.java:23) ~[fabric-loader-0.18.2.jar:?]
	at net.fabricmc.loader.impl.launch.server.FabricServerLauncher.main(FabricServerLauncher.java:69) ~[fabric-loader-0.18.2.jar:?]
	at net.fabricmc.installer.ServerLauncher.main(ServerLauncher.java:69) ~[fabric-server-launch.jar:1.0.1]
[05:11:34] [main/ERROR]: Parsing error loading recipe mythiclib:topaz_to_netherite_leggings_smithing
com.google.gson.JsonSyntaxException: Unknown item 'mythicupgrades:netherite_upgrade_smithing_template'
	at net.minecraft.class_1869.method_17878(class_1869.java:272) ~[server-intermediary.jar:?]
	at java.util.Optional.orElseThrow(Optional.java:403) ~[?:?]
	at net.minecraft.class_1869.method_8155(class_1869.java:272) ~[server-intermediary.jar:?]
	at net.minecraft.class_1856.method_8107(class_1856.java:160) ~[server-intermediary.jar:?]
	at net.minecraft.class_1856.method_8102(class_1856.java:143) ~[server-intermediary.jar:?]
	at net.minecraft.class_1856.method_52177(class_1856.java:135) ~[server-intermediary.jar:?]
	at net.minecraft.class_8060$class_8061.method_48455(class_8060.java:87) ~[server-intermediary.jar:?]
	at net.minecraft.class_8060$class_8061.method_8121(class_8060.java:84) ~[server-intermediary.jar:?]
	at net.minecraft.class_1863.method_17720(class_1863.java:135) ~[server-intermediary.jar:?]
	at net.minecraft.class_1863.method_20705(class_1863.java:56) ~[server-intermediary.jar:?]
	at net.minecraft.class_1863.method_18788(class_1863.java:35) ~[server-intermediary.jar:?]
	at net.minecraft.class_4080.method_18790(class_4080.java:13) ~[server-intermediary.jar:?]
	at java.util.concurrent.CompletableFuture$UniAccept.tryFire(CompletableFuture.java:718) ~[?:?]
	at java.util.concurrent.CompletableFuture$Completion.run(CompletableFuture.java:482) ~[?:?]
	at net.minecraft.class_4014.method_18365(class_4014.java:69) ~[server-intermediary.jar:?]
	at net.minecraft.class_156.method_43498(class_156.java:950) ~[server-intermediary.jar:?]
	at net.minecraft.class_156.method_43499(class_156.java:938) ~[server-intermediary.jar:?]
	at net.minecraft.server.Main.main(Main.java:160) ~[server-intermediary.jar:?]
	at net.fabricmc.loader.impl.game.minecraft.MinecraftGameProvider.launch(MinecraftGameProvider.java:514) ~[fabric-loader-0.18.2.jar:?]
	at net.fabricmc.loader.impl.launch.knot.Knot.launch(Knot.java:72) ~[fabric-loader-0.18.2.jar:?]
	at net.fabricmc.loader.impl.launch.knot.KnotServer.main(KnotServer.java:23) ~[fabric-loader-0.18.2.jar:?]
	at net.fabricmc.loader.impl.launch.server.FabricServerLauncher.main(FabricServerLauncher.java:69) ~[fabric-loader-0.18.2.jar:?]
	at net.fabricmc.installer.ServerLauncher.main(ServerLauncher.java:69) ~[fabric-server-launch.jar:1.0.1]
[05:11:34] [main/ERROR]: Parsing error loading recipe mythiclib:ametrine_to_netherite_pickaxe_smithing
com.google.gson.JsonSyntaxException: Unknown item 'mythicupgrades:netherite_upgrade_smithing_template'
	at net.minecraft.class_1869.method_17878(class_1869.java:272) ~[server-intermediary.jar:?]
	at java.util.Optional.orElseThrow(Optional.java:403) ~[?:?]
	at net.minecraft.class_1869.method_8155(class_1869.java:272) ~[server-intermediary.jar:?]
	at net.minecraft.class_1856.method_8107(class_1856.java:160) ~[server-intermediary.jar:?]
	at net.minecraft.class_1856.method_8102(class_1856.java:143) ~[server-intermediary.jar:?]
	at net.minecraft.class_1856.method_52177(class_1856.java:135) ~[server-intermediary.jar:?]
	at net.minecraft.class_8060$class_8061.method_48455(class_8060.java:87) ~[server-intermediary.jar:?]
	at net.minecraft.class_8060$class_8061.method_8121(class_8060.java:84) ~[server-intermediary.jar:?]
	at net.minecraft.class_1863.method_17720(class_1863.java:135) ~[server-intermediary.jar:?]
	at net.minecraft.class_1863.method_20705(class_1863.java:56) ~[server-intermediary.jar:?]
	at net.minecraft.class_1863.method_18788(class_1863.java:35) ~[server-intermediary.jar:?]
	at net.minecraft.class_4080.method_18790(class_4080.java:13) ~[server-intermediary.jar:?]
	at java.util.concurrent.CompletableFuture$UniAccept.tryFire(CompletableFuture.java:718) ~[?:?]
	at java.util.concurrent.CompletableFuture$Completion.run(CompletableFuture.java:482) ~[?:?]
	at net.minecraft.class_4014.method_18365(class_4014.java:69) ~[server-intermediary.jar:?]
	at net.minecraft.class_156.method_43498(class_156.java:950) ~[server-intermediary.jar:?]
	at net.minecraft.class_156.method_43499(class_156.java:938) ~[server-intermediary.jar:?]
	at net.minecraft.server.Main.main(Main.java:160) ~[server-intermediary.jar:?]
	at net.fabricmc.loader.impl.game.minecraft.MinecraftGameProvider.launch(MinecraftGameProvider.java:514) ~[fabric-loader-0.18.2.jar:?]
	at net.fabricmc.loader.impl.launch.knot.Knot.launch(Knot.java:72) ~[fabric-loader-0.18.2.jar:?]
	at net.fabricmc.loader.impl.launch.knot.KnotServer.main(KnotServer.java:23) ~[fabric-loader-0.18.2.jar:?]
	at net.fabricmc.loader.impl.launch.server.FabricServerLauncher.main(FabricServerLauncher.java:69) ~[fabric-loader-0.18.2.jar:?]
	at net.fabricmc.installer.ServerLauncher.main(ServerLauncher.java:69) ~[fabric-server-launch.jar:1.0.1]
[05:11:34] [main/ERROR]: Parsing error loading recipe more_potions:withered_ashes
com.google.gson.JsonSyntaxException: Unknown item 'wither_potions:withered_ashes'
	at net.minecraft.class_1869.method_17878(class_1869.java:272) ~[server-intermediary.jar:?]
	at java.util.Optional.orElseThrow(Optional.java:403) ~[?:?]
	at net.minecraft.class_1869.method_8155(class_1869.java:272) ~[server-intermediary.jar:?]
	at net.minecraft.class_1869.method_35228(class_1869.java:259) ~[server-intermediary.jar:?]
	at net.minecraft.class_1867$class_1868.method_8142(class_1867.java:99) ~[server-intermediary.jar:?]
	at net.minecraft.class_1867$class_1868.method_8121(class_1867.java:87) ~[server-intermediary.jar:?]
	at net.minecraft.class_1863.method_17720(class_1863.java:135) ~[server-intermediary.jar:?]
	at net.minecraft.class_1863.method_20705(class_1863.java:56) ~[server-intermediary.jar:?]
	at net.minecraft.class_1863.method_18788(class_1863.java:35) ~[server-intermediary.jar:?]
	at net.minecraft.class_4080.method_18790(class_4080.java:13) ~[server-intermediary.jar:?]
	at java.util.concurrent.CompletableFuture$UniAccept.tryFire(CompletableFuture.java:718) ~[?:?]
	at java.util.concurrent.CompletableFuture$Completion.run(CompletableFuture.java:482) ~[?:?]
	at net.minecraft.class_4014.method_18365(class_4014.java:69) ~[server-intermediary.jar:?]
	at net.minecraft.class_156.method_43498(class_156.java:950) ~[server-intermediary.jar:?]
	at net.minecraft.class_156.method_43499(class_156.java:938) ~[server-intermediary.jar:?]
	at net.minecraft.server.Main.main(Main.java:160) ~[server-intermediary.jar:?]
	at net.fabricmc.loader.impl.game.minecraft.MinecraftGameProvider.launch(MinecraftGameProvider.java:514) ~[fabric-loader-0.18.2.jar:?]
	at net.fabricmc.loader.impl.launch.knot.Knot.launch(Knot.java:72) ~[fabric-loader-0.18.2.jar:?]
	at net.fabricmc.loader.impl.launch.knot.KnotServer.main(KnotServer.java:23) ~[fabric-loader-0.18.2.jar:?]
	at net.fabricmc.loader.impl.launch.server.FabricServerLauncher.main(FabricServerLauncher.java:69) ~[fabric-loader-0.18.2.jar:?]
	at net.fabricmc.installer.ServerLauncher.main(ServerLauncher.java:69) ~[fabric-server-launch.jar:1.0.1]
[05:11:34] [main/ERROR]: Parsing error loading recipe tiered:limestone_to_create_limestone
com.google.gson.JsonSyntaxException: Unknown item 'create:limestone'
	at net.minecraft.class_1869.method_17878(class_1869.java:272) ~[server-intermediary.jar:?]
	at java.util.Optional.orElseThrow(Optional.java:403) ~[?:?]
	at net.minecraft.class_1869.method_8155(class_1869.java:272) ~[server-intermediary.jar:?]
	at net.minecraft.class_1869.method_35228(class_1869.java:259) ~[server-intermediary.jar:?]
	at net.minecraft.class_1869$class_1870.method_8164(class_1869.java:293) ~[server-intermediary.jar:?]
	at net.minecraft.class_1869$class_1870.method_8121(class_1869.java:279) ~[server-intermediary.jar:?]
	at net.minecraft.class_1863.method_17720(class_1863.java:135) ~[server-intermediary.jar:?]
	at net.minecraft.class_1863.method_20705(class_1863.java:56) ~[server-intermediary.jar:?]
	at net.minecraft.class_1863.method_18788(class_1863.java:35) ~[server-intermediary.jar:?]
	at net.minecraft.class_4080.method_18790(class_4080.java:13) ~[server-intermediary.jar:?]
	at java.util.concurrent.CompletableFuture$UniAccept.tryFire(CompletableFuture.java:718) ~[?:?]
	at java.util.concurrent.CompletableFuture$Completion.run(CompletableFuture.java:482) ~[?:?]
	at net.minecraft.class_4014.method_18365(class_4014.java:69) ~[server-intermediary.jar:?]
	at net.minecraft.class_156.method_43498(class_156.java:950) ~[server-intermediary.jar:?]
	at net.minecraft.class_156.method_43499(class_156.java:938) ~[server-intermediary.jar:?]
	at net.minecraft.server.Main.main(Main.java:160) ~[server-intermediary.jar:?]
	at net.fabricmc.loader.impl.game.minecraft.MinecraftGameProvider.launch(MinecraftGameProvider.java:514) ~[fabric-loader-0.18.2.jar:?]
	at net.fabricmc.loader.impl.launch.knot.Knot.launch(Knot.java:72) ~[fabric-loader-0.18.2.jar:?]
	at net.fabricmc.loader.impl.launch.knot.KnotServer.main(KnotServer.java:23) ~[fabric-loader-0.18.2.jar:?]
	at net.fabricmc.loader.impl.launch.server.FabricServerLauncher.main(FabricServerLauncher.java:69) ~[fabric-loader-0.18.2.jar:?]
	at net.fabricmc.installer.ServerLauncher.main(ServerLauncher.java:69) ~[fabric-server-launch.jar:1.0.1]
[05:11:34] [main/ERROR]: Parsing error loading recipe dramaticdoors:tall_chipped_shack_mangrove_door
com.google.gson.JsonSyntaxException: Unknown item 'chipped:shack_mangrove_door'
	at net.minecraft.class_1869.method_17878(class_1869.java:272) ~[server-intermediary.jar:?]
	at java.util.Optional.orElseThrow(Optional.java:403) ~[?:?]
	at net.minecraft.class_1869.method_8155(class_1869.java:272) ~[server-intermediary.jar:?]
	at net.minecraft.class_1856.method_8107(class_1856.java:160) ~[server-intermediary.jar:?]
	at net.minecraft.class_1856.method_8102(class_1856.java:143) ~[server-intermediary.jar:?]
	at net.minecraft.class_1869.method_8157(class_1869.java:252) ~[server-intermediary.jar:?]
	at net.minecraft.class_1869$class_1870.method_8164(class_1869.java:285) ~[server-intermediary.jar:?]
	at net.minecraft.class_1869$class_1870.method_8121(class_1869.java:279) ~[server-intermediary.jar:?]
	at net.minecraft.class_1863.method_17720(class_1863.java:135) ~[server-intermediary.jar:?]
	at net.minecraft.class_1863.method_20705(class_1863.java:56) ~[server-intermediary.jar:?]
	at net.minecraft.class_1863.method_18788(class_1863.java:35) ~[server-intermediary.jar:?]
	at net.minecraft.class_4080.method_18790(class_4080.java:13) ~[server-intermediary.jar:?]
	at java.util.concurrent.CompletableFuture$UniAccept.tryFire(CompletableFuture.java:718) ~[?:?]
	at java.util.concurrent.CompletableFuture$Completion.run(CompletableFuture.java:482) ~[?:?]
	at net.minecraft.class_4014.method_18365(class_4014.java:69) ~[server-intermediary.jar:?]
	at net.minecraft.class_156.method_43498(class_156.java:950) ~[server-intermediary.jar:?]
	at net.minecraft.class_156.method_43499(class_156.java:938) ~[server-intermediary.jar:?]
	at net.minecraft.server.Main.main(Main.java:160) ~[server-intermediary.jar:?]
	at net.fabricmc.loader.impl.game.minecraft.MinecraftGameProvider.launch(MinecraftGameProvider.java:514) ~[fabric-loader-0.18.2.jar:?]
	at net.fabricmc.loader.impl.launch.knot.Knot.launch(Knot.java:72) ~[fabric-loader-0.18.2.jar:?]
	at net.fabricmc.loader.impl.launch.knot.KnotServer.main(KnotServer.java:23) ~[fabric-loader-0.18.2.jar:?]
	at net.fabricmc.loader.impl.launch.server.FabricServerLauncher.main(FabricServerLauncher.java:69) ~[fabric-loader-0.18.2.jar:?]
	at net.fabricmc.installer.ServerLauncher.main(ServerLauncher.java:69) ~[fabric-server-launch.jar:1.0.1]
[05:11:34] [main/ERROR]: Parsing error loading recipe mythiclib:sapphire_to_netherite_sword_smithing
com.google.gson.JsonSyntaxException: Unknown item 'mythicupgrades:netherite_upgrade_smithing_template'
	at net.minecraft.class_1869.method_17878(class_1869.java:272) ~[server-intermediary.jar:?]
	at java.util.Optional.orElseThrow(Optional.java:403) ~[?:?]
	at net.minecraft.class_1869.method_8155(class_1869.java:272) ~[server-intermediary.jar:?]
	at net.minecraft.class_1856.method_8107(class_1856.java:160) ~[server-intermediary.jar:?]
	at net.minecraft.class_1856.method_8102(class_1856.java:143) ~[server-intermediary.jar:?]
	at net.minecraft.class_1856.method_52177(class_1856.java:135) ~[server-intermediary.jar:?]
	at net.minecraft.class_8060$class_8061.method_48455(class_8060.java:87) ~[server-intermediary.jar:?]
	at net.minecraft.class_8060$class_8061.method_8121(class_8060.java:84) ~[server-intermediary.jar:?]
	at net.minecraft.class_1863.method_17720(class_1863.java:135) ~[server-intermediary.jar:?]
	at net.minecraft.class_1863.method_20705(class_1863.java:56) ~[server-intermediary.jar:?]
	at net.minecraft.class_1863.method_18788(class_1863.java:35) ~[server-intermediary.jar:?]
	at net.minecraft.class_4080.method_18790(class_4080.java:13) ~[server-intermediary.jar:?]
	at java.util.concurrent.CompletableFuture$UniAccept.tryFire(CompletableFuture.java:718) ~[?:?]
	at java.util.concurrent.CompletableFuture$Completion.run(CompletableFuture.java:482) ~[?:?]
	at net.minecraft.class_4014.method_18365(class_4014.java:69) ~[server-intermediary.jar:?]
	at net.minecraft.class_156.method_43498(class_156.java:950) ~[server-intermediary.jar:?]
	at net.minecraft.class_156.method_43499(class_156.java:938) ~[server-intermediary.jar:?]
	at net.minecraft.server.Main.main(Main.java:160) ~[server-intermediary.jar:?]
	at net.fabricmc.loader.impl.game.minecraft.MinecraftGameProvider.launch(MinecraftGameProvider.java:514) ~[fabric-loader-0.18.2.jar:?]
	at net.fabricmc.loader.impl.launch.knot.Knot.launch(Knot.java:72) ~[fabric-loader-0.18.2.jar:?]
	at net.fabricmc.loader.impl.launch.knot.KnotServer.main(KnotServer.java:23) ~[fabric-loader-0.18.2.jar:?]
	at net.fabricmc.loader.impl.launch.server.FabricServerLauncher.main(FabricServerLauncher.java:69) ~[fabric-loader-0.18.2.jar:?]
	at net.fabricmc.installer.ServerLauncher.main(ServerLauncher.java:69) ~[fabric-server-launch.jar:1.0.1]
[05:11:34] [main/ERROR]: Parsing error loading recipe mythiclib:netherite_to_aquamarine_pickaxe_smithing
com.google.gson.JsonSyntaxException: Unknown item 'mythicupgrades:netherite_pickaxe'
	at net.minecraft.class_1869.method_17878(class_1869.java:272) ~[server-intermediary.jar:?]
	at java.util.Optional.orElseThrow(Optional.java:403) ~[?:?]
	at net.minecraft.class_1869.method_8155(class_1869.java:272) ~[server-intermediary.jar:?]
	at net.minecraft.class_1856.method_8107(class_1856.java:160) ~[server-intermediary.jar:?]
	at net.minecraft.class_1856.method_8102(class_1856.java:143) ~[server-intermediary.jar:?]
	at net.minecraft.class_1856.method_52177(class_1856.java:135) ~[server-intermediary.jar:?]
	at net.minecraft.class_8060$class_8061.method_48455(class_8060.java:88) ~[server-intermediary.jar:?]
	at net.minecraft.class_8060$class_8061.method_8121(class_8060.java:84) ~[server-intermediary.jar:?]
	at net.minecraft.class_1863.method_17720(class_1863.java:135) ~[server-intermediary.jar:?]
	at net.minecraft.class_1863.method_20705(class_1863.java:56) ~[server-intermediary.jar:?]
	at net.minecraft.class_1863.method_18788(class_1863.java:35) ~[server-intermediary.jar:?]
	at net.minecraft.class_4080.method_18790(class_4080.java:13) ~[server-intermediary.jar:?]
	at java.util.concurrent.CompletableFuture$UniAccept.tryFire(CompletableFuture.java:718) ~[?:?]
	at java.util.concurrent.CompletableFuture$Completion.run(CompletableFuture.java:482) ~[?:?]
	at net.minecraft.class_4014.method_18365(class_4014.java:69) ~[server-intermediary.jar:?]
	at net.minecraft.class_156.method_43498(class_156.java:950) ~[server-intermediary.jar:?]
	at net.minecraft.class_156.method_43499(class_156.java:938) ~[server-intermediary.jar:?]
	at net.minecraft.server.Main.main(Main.java:160) ~[server-intermediary.jar:?]
	at net.fabricmc.loader.impl.game.minecraft.MinecraftGameProvider.launch(MinecraftGameProvider.java:514) ~[fabric-loader-0.18.2.jar:?]
	at net.fabricmc.loader.impl.launch.knot.Knot.launch(Knot.java:72) ~[fabric-loader-0.18.2.jar:?]
	at net.fabricmc.loader.impl.launch.knot.KnotServer.main(KnotServer.java:23) ~[fabric-loader-0.18.2.jar:?]
	at net.fabricmc.loader.impl.launch.server.FabricServerLauncher.main(FabricServerLauncher.java:69) ~[fabric-loader-0.18.2.jar:?]
	at net.fabricmc.installer.ServerLauncher.main(ServerLauncher.java:69) ~[fabric-server-launch.jar:1.0.1]
[05:11:34] [main/ERROR]: Parsing error loading recipe triqueapi:warden_sword_smithing_universal
com.google.gson.JsonSyntaxException: Unknown item 'wardentools:echo_ingot'
	at net.minecraft.class_1869.method_17878(class_1869.java:272) ~[server-intermediary.jar:?]
	at java.util.Optional.orElseThrow(Optional.java:403) ~[?:?]
	at net.minecraft.class_1869.method_8155(class_1869.java:272) ~[server-intermediary.jar:?]
	at net.minecraft.class_1856.method_8107(class_1856.java:160) ~[server-intermediary.jar:?]
	at net.minecraft.class_1856.method_8102(class_1856.java:143) ~[server-intermediary.jar:?]
	at net.minecraft.class_1856.method_52177(class_1856.java:135) ~[server-intermediary.jar:?]
	at net.minecraft.class_8060$class_8061.method_48455(class_8060.java:89) ~[server-intermediary.jar:?]
	at net.minecraft.class_8060$class_8061.method_8121(class_8060.java:84) ~[server-intermediary.jar:?]
	at net.minecraft.class_1863.method_17720(class_1863.java:135) ~[server-intermediary.jar:?]
	at net.minecraft.class_1863.method_20705(class_1863.java:56) ~[server-intermediary.jar:?]
	at net.minecraft.class_1863.method_18788(class_1863.java:35) ~[server-intermediary.jar:?]
	at net.minecraft.class_4080.method_18790(class_4080.java:13) ~[server-intermediary.jar:?]
	at java.util.concurrent.CompletableFuture$UniAccept.tryFire(CompletableFuture.java:718) ~[?:?]
	at java.util.concurrent.CompletableFuture$Completion.run(CompletableFuture.java:482) ~[?:?]
	at net.minecraft.class_4014.method_18365(class_4014.java:69) ~[server-intermediary.jar:?]
	at net.minecraft.class_156.method_43498(class_156.java:950) ~[server-intermediary.jar:?]
	at net.minecraft.class_156.method_43499(class_156.java:938) ~[server-intermediary.jar:?]
	at net.minecraft.server.Main.main(Main.java:160) ~[server-intermediary.jar:?]
	at net.fabricmc.loader.impl.game.minecraft.MinecraftGameProvider.launch(MinecraftGameProvider.java:514) ~[fabric-loader-0.18.2.jar:?]
	at net.fabricmc.loader.impl.launch.knot.Knot.launch(Knot.java:72) ~[fabric-loader-0.18.2.jar:?]
	at net.fabricmc.loader.impl.launch.knot.KnotServer.main(KnotServer.java:23) ~[fabric-loader-0.18.2.jar:?]
	at net.fabricmc.loader.impl.launch.server.FabricServerLauncher.main(FabricServerLauncher.java:69) ~[fabric-loader-0.18.2.jar:?]
	at net.fabricmc.installer.ServerLauncher.main(ServerLauncher.java:69) ~[fabric-server-launch.jar:1.0.1]
[05:11:34] [main/ERROR]: Parsing error loading recipe mythiclib:topaz_to_netherite_helmet_smithing
com.google.gson.JsonSyntaxException: Unknown item 'mythicupgrades:netherite_upgrade_smithing_template'
	at net.minecraft.class_1869.method_17878(class_1869.java:272) ~[server-intermediary.jar:?]
	at java.util.Optional.orElseThrow(Optional.java:403) ~[?:?]
	at net.minecraft.class_1869.method_8155(class_1869.java:272) ~[server-intermediary.jar:?]
	at net.minecraft.class_1856.method_8107(class_1856.java:160) ~[server-intermediary.jar:?]
	at net.minecraft.class_1856.method_8102(class_1856.java:143) ~[server-intermediary.jar:?]
	at net.minecraft.class_1856.method_52177(class_1856.java:135) ~[server-intermediary.jar:?]
	at net.minecraft.class_8060$class_8061.method_48455(class_8060.java:87) ~[server-intermediary.jar:?]
	at net.minecraft.class_8060$class_8061.method_8121(class_8060.java:84) ~[server-intermediary.jar:?]
	at net.minecraft.class_1863.method_17720(class_1863.java:135) ~[server-intermediary.jar:?]
	at net.minecraft.class_1863.method_20705(class_1863.java:56) ~[server-intermediary.jar:?]
	at net.minecraft.class_1863.method_18788(class_1863.java:35) ~[server-intermediary.jar:?]
	at net.minecraft.class_4080.method_18790(class_4080.java:13) ~[server-intermediary.jar:?]
	at java.util.concurrent.CompletableFuture$UniAccept.tryFire(CompletableFuture.java:718) ~[?:?]
	at java.util.concurrent.CompletableFuture$Completion.run(CompletableFuture.java:482) ~[?:?]
	at net.minecraft.class_4014.method_18365(class_4014.java:69) ~[server-intermediary.jar:?]
	at net.minecraft.class_156.method_43498(class_156.java:950) ~[server-intermediary.jar:?]
	at net.minecraft.class_156.method_43499(class_156.java:938) ~[server-intermediary.jar:?]
	at net.minecraft.server.Main.main(Main.java:160) ~[server-intermediary.jar:?]
	at net.fabricmc.loader.impl.game.minecraft.MinecraftGameProvider.launch(MinecraftGameProvider.java:514) ~[fabric-loader-0.18.2.jar:?]
	at net.fabricmc.loader.impl.launch.knot.Knot.launch(Knot.java:72) ~[fabric-loader-0.18.2.jar:?]
	at net.fabricmc.loader.impl.launch.knot.KnotServer.main(KnotServer.java:23) ~[fabric-loader-0.18.2.jar:?]
	at net.fabricmc.loader.impl.launch.server.FabricServerLauncher.main(FabricServerLauncher.java:69) ~[fabric-loader-0.18.2.jar:?]
	at net.fabricmc.installer.ServerLauncher.main(ServerLauncher.java:69) ~[fabric-server-launch.jar:1.0.1]
[05:11:34] [main/ERROR]: Parsing error loading recipe alloy_forgery:compat/alloys/bronze_from_ores
com.google.gson.JsonSyntaxException: Priority-based recipes must declare a 'default' tag
	at wraith.alloyforgery.recipe.AlloyForgeRecipeSerializer.read(AlloyForgeRecipeSerializer.java:75) ~[alloy-forgery-2.1.2+1.20.jar:?]
	at wraith.alloyforgery.recipe.AlloyForgeRecipeSerializer.method_8121(AlloyForgeRecipeSerializer.java:18) ~[alloy-forgery-2.1.2+1.20.jar:?]
	at net.minecraft.class_1863.method_17720(class_1863.java:135) ~[server-intermediary.jar:?]
	at net.minecraft.class_1863.method_20705(class_1863.java:56) ~[server-intermediary.jar:?]
	at net.minecraft.class_1863.method_18788(class_1863.java:35) ~[server-intermediary.jar:?]
	at net.minecraft.class_4080.method_18790(class_4080.java:13) ~[server-intermediary.jar:?]
	at java.util.concurrent.CompletableFuture$UniAccept.tryFire(CompletableFuture.java:718) ~[?:?]
	at java.util.concurrent.CompletableFuture$Completion.run(CompletableFuture.java:482) ~[?:?]
	at net.minecraft.class_4014.method_18365(class_4014.java:69) ~[server-intermediary.jar:?]
	at net.minecraft.class_156.method_43498(class_156.java:950) ~[server-intermediary.jar:?]
	at net.minecraft.class_156.method_43499(class_156.java:938) ~[server-intermediary.jar:?]
	at net.minecraft.server.Main.main(Main.java:160) ~[server-intermediary.jar:?]
	at net.fabricmc.loader.impl.game.minecraft.MinecraftGameProvider.launch(MinecraftGameProvider.java:514) ~[fabric-loader-0.18.2.jar:?]
	at net.fabricmc.loader.impl.launch.knot.Knot.launch(Knot.java:72) ~[fabric-loader-0.18.2.jar:?]
	at net.fabricmc.loader.impl.launch.knot.KnotServer.main(KnotServer.java:23) ~[fabric-loader-0.18.2.jar:?]
	at net.fabricmc.loader.impl.launch.server.FabricServerLauncher.main(FabricServerLauncher.java:69) ~[fabric-loader-0.18.2.jar:?]
	at net.fabricmc.installer.ServerLauncher.main(ServerLauncher.java:69) ~[fabric-server-launch.jar:1.0.1]
[05:11:34] [main/ERROR]: Parsing error loading recipe mythiclib:netherite_to_peridot_helmet_smithing
com.google.gson.JsonSyntaxException: Unknown item 'mythicupgrades:netherite_helmet'
	at net.minecraft.class_1869.method_17878(class_1869.java:272) ~[server-intermediary.jar:?]
	at java.util.Optional.orElseThrow(Optional.java:403) ~[?:?]
	at net.minecraft.class_1869.method_8155(class_1869.java:272) ~[server-intermediary.jar:?]
	at net.minecraft.class_1856.method_8107(class_1856.java:160) ~[server-intermediary.jar:?]
	at net.minecraft.class_1856.method_8102(class_1856.java:143) ~[server-intermediary.jar:?]
	at net.minecraft.class_1856.method_52177(class_1856.java:135) ~[server-intermediary.jar:?]
	at net.minecraft.class_8060$class_8061.method_48455(class_8060.java:88) ~[server-intermediary.jar:?]
	at net.minecraft.class_8060$class_8061.method_8121(class_8060.java:84) ~[server-intermediary.jar:?]
	at net.minecraft.class_1863.method_17720(class_1863.java:135) ~[server-intermediary.jar:?]
	at net.minecraft.class_1863.method_20705(class_1863.java:56) ~[server-intermediary.jar:?]
	at net.minecraft.class_1863.method_18788(class_1863.java:35) ~[server-intermediary.jar:?]
	at net.minecraft.class_4080.method_18790(class_4080.java:13) ~[server-intermediary.jar:?]
	at java.util.concurrent.CompletableFuture$UniAccept.tryFire(CompletableFuture.java:718) ~[?:?]
	at java.util.concurrent.CompletableFuture$Completion.run(CompletableFuture.java:482) ~[?:?]
	at net.minecraft.class_4014.method_18365(class_4014.java:69) ~[server-intermediary.jar:?]
	at net.minecraft.class_156.method_43498(class_156.java:950) ~[server-intermediary.jar:?]
	at net.minecraft.class_156.method_43499(class_156.java:938) ~[server-intermediary.jar:?]
	at net.minecraft.server.Main.main(Main.java:160) ~[server-intermediary.jar:?]
	at net.fabricmc.loader.impl.game.minecraft.MinecraftGameProvider.launch(MinecraftGameProvider.java:514) ~[fabric-loader-0.18.2.jar:?]
	at net.fabricmc.loader.impl.launch.knot.Knot.launch(Knot.java:72) ~[fabric-loader-0.18.2.jar:?]
	at net.fabricmc.loader.impl.launch.knot.KnotServer.main(KnotServer.java:23) ~[fabric-loader-0.18.2.jar:?]
	at net.fabricmc.loader.impl.launch.server.FabricServerLauncher.main(FabricServerLauncher.java:69) ~[fabric-loader-0.18.2.jar:?]
	at net.fabricmc.installer.ServerLauncher.main(ServerLauncher.java:69) ~[fabric-server-launch.jar:1.0.1]
[05:11:34] [main/ERROR]: Parsing error loading recipe mythiclib:aquamarine_to_netherite_helmet_smithing
com.google.gson.JsonSyntaxException: Unknown item 'mythicupgrades:netherite_upgrade_smithing_template'
	at net.minecraft.class_1869.method_17878(class_1869.java:272) ~[server-intermediary.jar:?]
	at java.util.Optional.orElseThrow(Optional.java:403) ~[?:?]
	at net.minecraft.class_1869.method_8155(class_1869.java:272) ~[server-intermediary.jar:?]
	at net.minecraft.class_1856.method_8107(class_1856.java:160) ~[server-intermediary.jar:?]
	at net.minecraft.class_1856.method_8102(class_1856.java:143) ~[server-intermediary.jar:?]
	at net.minecraft.class_1856.method_52177(class_1856.java:135) ~[server-intermediary.jar:?]
	at net.minecraft.class_8060$class_8061.method_48455(class_8060.java:87) ~[server-intermediary.jar:?]
	at net.minecraft.class_8060$class_8061.method_8121(class_8060.java:84) ~[server-intermediary.jar:?]
	at net.minecraft.class_1863.method_17720(class_1863.java:135) ~[server-intermediary.jar:?]
	at net.minecraft.class_1863.method_20705(class_1863.java:56) ~[server-intermediary.jar:?]
	at net.minecraft.class_1863.method_18788(class_1863.java:35) ~[server-intermediary.jar:?]
	at net.minecraft.class_4080.method_18790(class_4080.java:13) ~[server-intermediary.jar:?]
	at java.util.concurrent.CompletableFuture$UniAccept.tryFire(CompletableFuture.java:718) ~[?:?]
	at java.util.concurrent.CompletableFuture$Completion.run(CompletableFuture.java:482) ~[?:?]
	at net.minecraft.class_4014.method_18365(class_4014.java:69) ~[server-intermediary.jar:?]
	at net.minecraft.class_156.method_43498(class_156.java:950) ~[server-intermediary.jar:?]
	at net.minecraft.class_156.method_43499(class_156.java:938) ~[server-intermediary.jar:?]
	at net.minecraft.server.Main.main(Main.java:160) ~[server-intermediary.jar:?]
	at net.fabricmc.loader.impl.game.minecraft.MinecraftGameProvider.launch(MinecraftGameProvider.java:514) ~[fabric-loader-0.18.2.jar:?]
	at net.fabricmc.loader.impl.launch.knot.Knot.launch(Knot.java:72) ~[fabric-loader-0.18.2.jar:?]
	at net.fabricmc.loader.impl.launch.knot.KnotServer.main(KnotServer.java:23) ~[fabric-loader-0.18.2.jar:?]
	at net.fabricmc.loader.impl.launch.server.FabricServerLauncher.main(FabricServerLauncher.java:69) ~[fabric-loader-0.18.2.jar:?]
	at net.fabricmc.installer.ServerLauncher.main(ServerLauncher.java:69) ~[fabric-server-launch.jar:1.0.1]
[05:11:34] [main/ERROR]: Parsing error loading recipe mythiclib:netherite_to_ametrine_sword_smithing
com.google.gson.JsonSyntaxException: Unknown item 'mythicupgrades:netherite_sword'
	at net.minecraft.class_1869.method_17878(class_1869.java:272) ~[server-intermediary.jar:?]
	at java.util.Optional.orElseThrow(Optional.java:403) ~[?:?]
	at net.minecraft.class_1869.method_8155(class_1869.java:272) ~[server-intermediary.jar:?]
	at net.minecraft.class_1856.method_8107(class_1856.java:160) ~[server-intermediary.jar:?]
	at net.minecraft.class_1856.method_8102(class_1856.java:143) ~[server-intermediary.jar:?]
	at net.minecraft.class_1856.method_52177(class_1856.java:135) ~[server-intermediary.jar:?]
	at net.minecraft.class_8060$class_8061.method_48455(class_8060.java:88) ~[server-intermediary.jar:?]
	at net.minecraft.class_8060$class_8061.method_8121(class_8060.java:84) ~[server-intermediary.jar:?]
	at net.minecraft.class_1863.method_17720(class_1863.java:135) ~[server-intermediary.jar:?]
	at net.minecraft.class_1863.method_20705(class_1863.java:56) ~[server-intermediary.jar:?]
	at net.minecraft.class_1863.method_18788(class_1863.java:35) ~[server-intermediary.jar:?]
	at net.minecraft.class_4080.method_18790(class_4080.java:13) ~[server-intermediary.jar:?]
	at java.util.concurrent.CompletableFuture$UniAccept.tryFire(CompletableFuture.java:718) ~[?:?]
	at java.util.concurrent.CompletableFuture$Completion.run(CompletableFuture.java:482) ~[?:?]
	at net.minecraft.class_4014.method_18365(class_4014.java:69) ~[server-intermediary.jar:?]
	at net.minecraft.class_156.method_43498(class_156.java:950) ~[server-intermediary.jar:?]
	at net.minecraft.class_156.method_43499(class_156.java:938) ~[server-intermediary.jar:?]
	at net.minecraft.server.Main.main(Main.java:160) ~[server-intermediary.jar:?]
	at net.fabricmc.loader.impl.game.minecraft.MinecraftGameProvider.launch(MinecraftGameProvider.java:514) ~[fabric-loader-0.18.2.jar:?]
	at net.fabricmc.loader.impl.launch.knot.Knot.launch(Knot.java:72) ~[fabric-loader-0.18.2.jar:?]
	at net.fabricmc.loader.impl.launch.knot.KnotServer.main(KnotServer.java:23) ~[fabric-loader-0.18.2.jar:?]
	at net.fabricmc.loader.impl.launch.server.FabricServerLauncher.main(FabricServerLauncher.java:69) ~[fabric-loader-0.18.2.jar:?]
	at net.fabricmc.installer.ServerLauncher.main(ServerLauncher.java:69) ~[fabric-server-launch.jar:1.0.1]
[05:11:34] [main/ERROR]: Parsing error loading recipe mythiclib:netherite_to_jade_hoe_smithing
com.google.gson.JsonSyntaxException: Unknown item 'mythicupgrades:netherite_hoe'
	at net.minecraft.class_1869.method_17878(class_1869.java:272) ~[server-intermediary.jar:?]
	at java.util.Optional.orElseThrow(Optional.java:403) ~[?:?]
	at net.minecraft.class_1869.method_8155(class_1869.java:272) ~[server-intermediary.jar:?]
	at net.minecraft.class_1856.method_8107(class_1856.java:160) ~[server-intermediary.jar:?]
	at net.minecraft.class_1856.method_8102(class_1856.java:143) ~[server-intermediary.jar:?]
	at net.minecraft.class_1856.method_52177(class_1856.java:135) ~[server-intermediary.jar:?]
	at net.minecraft.class_8060$class_8061.method_48455(class_8060.java:88) ~[server-intermediary.jar:?]
	at net.minecraft.class_8060$class_8061.method_8121(class_8060.java:84) ~[server-intermediary.jar:?]
	at net.minecraft.class_1863.method_17720(class_1863.java:135) ~[server-intermediary.jar:?]
	at net.minecraft.class_1863.method_20705(class_1863.java:56) ~[server-intermediary.jar:?]
	at net.minecraft.class_1863.method_18788(class_1863.java:35) ~[server-intermediary.jar:?]
	at net.minecraft.class_4080.method_18790(class_4080.java:13) ~[server-intermediary.jar:?]
	at java.util.concurrent.CompletableFuture$UniAccept.tryFire(CompletableFuture.java:718) ~[?:?]
	at java.util.concurrent.CompletableFuture$Completion.run(CompletableFuture.java:482) ~[?:?]
	at net.minecraft.class_4014.method_18365(class_4014.java:69) ~[server-intermediary.jar:?]
	at net.minecraft.class_156.method_43498(class_156.java:950) ~[server-intermediary.jar:?]
	at net.minecraft.class_156.method_43499(class_156.java:938) ~[server-intermediary.jar:?]
	at net.minecraft.server.Main.main(Main.java:160) ~[server-intermediary.jar:?]
	at net.fabricmc.loader.impl.game.minecraft.MinecraftGameProvider.launch(MinecraftGameProvider.java:514) ~[fabric-loader-0.18.2.jar:?]
	at net.fabricmc.loader.impl.launch.knot.Knot.launch(Knot.java:72) ~[fabric-loader-0.18.2.jar:?]
	at net.fabricmc.loader.impl.launch.knot.KnotServer.main(KnotServer.java:23) ~[fabric-loader-0.18.2.jar:?]
	at net.fabricmc.loader.impl.launch.server.FabricServerLauncher.main(FabricServerLauncher.java:69) ~[fabric-loader-0.18.2.jar:?]
	at net.fabricmc.installer.ServerLauncher.main(ServerLauncher.java:69) ~[fabric-server-launch.jar:1.0.1]
[05:11:34] [main/ERROR]: Parsing error loading recipe dramaticdoors:tall_chipped_tiled_mangrove_door
com.google.gson.JsonSyntaxException: Unknown item 'chipped:tiled_mangrove_door'
	at net.minecraft.class_1869.method_17878(class_1869.java:272) ~[server-intermediary.jar:?]
	at java.util.Optional.orElseThrow(Optional.java:403) ~[?:?]
	at net.minecraft.class_1869.method_8155(class_1869.java:272) ~[server-intermediary.jar:?]
	at net.minecraft.class_1856.method_8107(class_1856.java:160) ~[server-intermediary.jar:?]
	at net.minecraft.class_1856.method_8102(class_1856.java:143) ~[server-intermediary.jar:?]
	at net.minecraft.class_1869.method_8157(class_1869.java:252) ~[server-intermediary.jar:?]
	at net.minecraft.class_1869$class_1870.method_8164(class_1869.java:285) ~[server-intermediary.jar:?]
	at net.minecraft.class_1869$class_1870.method_8121(class_1869.java:279) ~[server-intermediary.jar:?]
	at net.minecraft.class_1863.method_17720(class_1863.java:135) ~[server-intermediary.jar:?]
	at net.minecraft.class_1863.method_20705(class_1863.java:56) ~[server-intermediary.jar:?]
	at net.minecraft.class_1863.method_18788(class_1863.java:35) ~[server-intermediary.jar:?]
	at net.minecraft.class_4080.method_18790(class_4080.java:13) ~[server-intermediary.jar:?]
	at java.util.concurrent.CompletableFuture$UniAccept.tryFire(CompletableFuture.java:718) ~[?:?]
	at java.util.concurrent.CompletableFuture$Completion.run(CompletableFuture.java:482) ~[?:?]
	at net.minecraft.class_4014.method_18365(class_4014.java:69) ~[server-intermediary.jar:?]
	at net.minecraft.class_156.method_43498(class_156.java:950) ~[server-intermediary.jar:?]
	at net.minecraft.class_156.method_43499(class_156.java:938) ~[server-intermediary.jar:?]
	at net.minecraft.server.Main.main(Main.java:160) ~[server-intermediary.jar:?]
	at net.fabricmc.loader.impl.game.minecraft.MinecraftGameProvider.launch(MinecraftGameProvider.java:514) ~[fabric-loader-0.18.2.jar:?]
	at net.fabricmc.loader.impl.launch.knot.Knot.launch(Knot.java:72) ~[fabric-loader-0.18.2.jar:?]
	at net.fabricmc.loader.impl.launch.knot.KnotServer.main(KnotServer.java:23) ~[fabric-loader-0.18.2.jar:?]
	at net.fabricmc.loader.impl.launch.server.FabricServerLauncher.main(FabricServerLauncher.java:69) ~[fabric-loader-0.18.2.jar:?]
	at net.fabricmc.installer.ServerLauncher.main(ServerLauncher.java:69) ~[fabric-server-launch.jar:1.0.1]
[05:11:34] [main/ERROR]: Parsing error loading recipe mythiclib:netherite_to_peridot_boots_smithing
com.google.gson.JsonSyntaxException: Unknown item 'mythicupgrades:netherite_boots'
	at net.minecraft.class_1869.method_17878(class_1869.java:272) ~[server-intermediary.jar:?]
	at java.util.Optional.orElseThrow(Optional.java:403) ~[?:?]
	at net.minecraft.class_1869.method_8155(class_1869.java:272) ~[server-intermediary.jar:?]
	at net.minecraft.class_1856.method_8107(class_1856.java:160) ~[server-intermediary.jar:?]
	at net.minecraft.class_1856.method_8102(class_1856.java:143) ~[server-intermediary.jar:?]
	at net.minecraft.class_1856.method_52177(class_1856.java:135) ~[server-intermediary.jar:?]
	at net.minecraft.class_8060$class_8061.method_48455(class_8060.java:88) ~[server-intermediary.jar:?]
	at net.minecraft.class_8060$class_8061.method_8121(class_8060.java:84) ~[server-intermediary.jar:?]
	at net.minecraft.class_1863.method_17720(class_1863.java:135) ~[server-intermediary.jar:?]
	at net.minecraft.class_1863.method_20705(class_1863.java:56) ~[server-intermediary.jar:?]
	at net.minecraft.class_1863.method_18788(class_1863.java:35) ~[server-intermediary.jar:?]
	at net.minecraft.class_4080.method_18790(class_4080.java:13) ~[server-intermediary.jar:?]
	at java.util.concurrent.CompletableFuture$UniAccept.tryFire(CompletableFuture.java:718) ~[?:?]
	at java.util.concurrent.CompletableFuture$Completion.run(CompletableFuture.java:482) ~[?:?]
	at net.minecraft.class_4014.method_18365(class_4014.java:69) ~[server-intermediary.jar:?]
	at net.minecraft.class_156.method_43498(class_156.java:950) ~[server-intermediary.jar:?]
	at net.minecraft.class_156.method_43499(class_156.java:938) ~[server-intermediary.jar:?]
	at net.minecraft.server.Main.main(Main.java:160) ~[server-intermediary.jar:?]
	at net.fabricmc.loader.impl.game.minecraft.MinecraftGameProvider.launch(MinecraftGameProvider.java:514) ~[fabric-loader-0.18.2.jar:?]
	at net.fabricmc.loader.impl.launch.knot.Knot.launch(Knot.java:72) ~[fabric-loader-0.18.2.jar:?]
	at net.fabricmc.loader.impl.launch.knot.KnotServer.main(KnotServer.java:23) ~[fabric-loader-0.18.2.jar:?]
	at net.fabricmc.loader.impl.launch.server.FabricServerLauncher.main(FabricServerLauncher.java:69) ~[fabric-loader-0.18.2.jar:?]
	at net.fabricmc.installer.ServerLauncher.main(ServerLauncher.java:69) ~[fabric-server-launch.jar:1.0.1]
[05:11:34] [main/ERROR]: Parsing error loading recipe mythiclib:sapphire_to_netherite_pickaxe_smithing
com.google.gson.JsonSyntaxException: Unknown item 'mythicupgrades:netherite_upgrade_smithing_template'
	at net.minecraft.class_1869.method_17878(class_1869.java:272) ~[server-intermediary.jar:?]
	at java.util.Optional.orElseThrow(Optional.java:403) ~[?:?]
	at net.minecraft.class_1869.method_8155(class_1869.java:272) ~[server-intermediary.jar:?]
	at net.minecraft.class_1856.method_8107(class_1856.java:160) ~[server-intermediary.jar:?]
	at net.minecraft.class_1856.method_8102(class_1856.java:143) ~[server-intermediary.jar:?]
	at net.minecraft.class_1856.method_52177(class_1856.java:135) ~[server-intermediary.jar:?]
	at net.minecraft.class_8060$class_8061.method_48455(class_8060.java:87) ~[server-intermediary.jar:?]
	at net.minecraft.class_8060$class_8061.method_8121(class_8060.java:84) ~[server-intermediary.jar:?]
	at net.minecraft.class_1863.method_17720(class_1863.java:135) ~[server-intermediary.jar:?]
	at net.minecraft.class_1863.method_20705(class_1863.java:56) ~[server-intermediary.jar:?]
	at net.minecraft.class_1863.method_18788(class_1863.java:35) ~[server-intermediary.jar:?]
	at net.minecraft.class_4080.method_18790(class_4080.java:13) ~[server-intermediary.jar:?]
	at java.util.concurrent.CompletableFuture$UniAccept.tryFire(CompletableFuture.java:718) ~[?:?]
	at java.util.concurrent.CompletableFuture$Completion.run(CompletableFuture.java:482) ~[?:?]
	at net.minecraft.class_4014.method_18365(class_4014.java:69) ~[server-intermediary.jar:?]
	at net.minecraft.class_156.method_43498(class_156.java:950) ~[server-intermediary.jar:?]
	at net.minecraft.class_156.method_43499(class_156.java:938) ~[server-intermediary.jar:?]
	at net.minecraft.server.Main.main(Main.java:160) ~[server-intermediary.jar:?]
	at net.fabricmc.loader.impl.game.minecraft.MinecraftGameProvider.launch(MinecraftGameProvider.java:514) ~[fabric-loader-0.18.2.jar:?]
	at net.fabricmc.loader.impl.launch.knot.Knot.launch(Knot.java:72) ~[fabric-loader-0.18.2.jar:?]
	at net.fabricmc.loader.impl.launch.knot.KnotServer.main(KnotServer.java:23) ~[fabric-loader-0.18.2.jar:?]
	at net.fabricmc.loader.impl.launch.server.FabricServerLauncher.main(FabricServerLauncher.java:69) ~[fabric-loader-0.18.2.jar:?]
	at net.fabricmc.installer.ServerLauncher.main(ServerLauncher.java:69) ~[fabric-server-launch.jar:1.0.1]
[05:11:34] [main/ERROR]: Parsing error loading recipe mythiclib:peridot_to_netherite_leggings_smithing
com.google.gson.JsonSyntaxException: Unknown item 'mythicupgrades:netherite_upgrade_smithing_template'
	at net.minecraft.class_1869.method_17878(class_1869.java:272) ~[server-intermediary.jar:?]
	at java.util.Optional.orElseThrow(Optional.java:403) ~[?:?]
	at net.minecraft.class_1869.method_8155(class_1869.java:272) ~[server-intermediary.jar:?]
	at net.minecraft.class_1856.method_8107(class_1856.java:160) ~[server-intermediary.jar:?]
	at net.minecraft.class_1856.method_8102(class_1856.java:143) ~[server-intermediary.jar:?]
	at net.minecraft.class_1856.method_52177(class_1856.java:135) ~[server-intermediary.jar:?]
	at net.minecraft.class_8060$class_8061.method_48455(class_8060.java:87) ~[server-intermediary.jar:?]
	at net.minecraft.class_8060$class_8061.method_8121(class_8060.java:84) ~[server-intermediary.jar:?]
	at net.minecraft.class_1863.method_17720(class_1863.java:135) ~[server-intermediary.jar:?]
	at net.minecraft.class_1863.method_20705(class_1863.java:56) ~[server-intermediary.jar:?]
	at net.minecraft.class_1863.method_18788(class_1863.java:35) ~[server-intermediary.jar:?]
	at net.minecraft.class_4080.method_18790(class_4080.java:13) ~[server-intermediary.jar:?]
	at java.util.concurrent.CompletableFuture$UniAccept.tryFire(CompletableFuture.java:718) ~[?:?]
	at java.util.concurrent.CompletableFuture$Completion.run(CompletableFuture.java:482) ~[?:?]
	at net.minecraft.class_4014.method_18365(class_4014.java:69) ~[server-intermediary.jar:?]
	at net.minecraft.class_156.method_43498(class_156.java:950) ~[server-intermediary.jar:?]
	at net.minecraft.class_156.method_43499(class_156.java:938) ~[server-intermediary.jar:?]
	at net.minecraft.server.Main.main(Main.java:160) ~[server-intermediary.jar:?]
	at net.fabricmc.loader.impl.game.minecraft.MinecraftGameProvider.launch(MinecraftGameProvider.java:514) ~[fabric-loader-0.18.2.jar:?]
	at net.fabricmc.loader.impl.launch.knot.Knot.launch(Knot.java:72) ~[fabric-loader-0.18.2.jar:?]
	at net.fabricmc.loader.impl.launch.knot.KnotServer.main(KnotServer.java:23) ~[fabric-loader-0.18.2.jar:?]
	at net.fabricmc.loader.impl.launch.server.FabricServerLauncher.main(FabricServerLauncher.java:69) ~[fabric-loader-0.18.2.jar:?]
	at net.fabricmc.installer.ServerLauncher.main(ServerLauncher.java:69) ~[fabric-server-launch.jar:1.0.1]
[05:11:34] [main/ERROR]: Parsing error loading recipe mythiclib:ametrine_to_netherite_chestplate_smithing
com.google.gson.JsonSyntaxException: Unknown item 'mythicupgrades:netherite_upgrade_smithing_template'
	at net.minecraft.class_1869.method_17878(class_1869.java:272) ~[server-intermediary.jar:?]
	at java.util.Optional.orElseThrow(Optional.java:403) ~[?:?]
	at net.minecraft.class_1869.method_8155(class_1869.java:272) ~[server-intermediary.jar:?]
	at net.minecraft.class_1856.method_8107(class_1856.java:160) ~[server-intermediary.jar:?]
	at net.minecraft.class_1856.method_8102(class_1856.java:143) ~[server-intermediary.jar:?]
	at net.minecraft.class_1856.method_52177(class_1856.java:135) ~[server-intermediary.jar:?]
	at net.minecraft.class_8060$class_8061.method_48455(class_8060.java:87) ~[server-intermediary.jar:?]
	at net.minecraft.class_8060$class_8061.method_8121(class_8060.java:84) ~[server-intermediary.jar:?]
	at net.minecraft.class_1863.method_17720(class_1863.java:135) ~[server-intermediary.jar:?]
	at net.minecraft.class_1863.method_20705(class_1863.java:56) ~[server-intermediary.jar:?]
	at net.minecraft.class_1863.method_18788(class_1863.java:35) ~[server-intermediary.jar:?]
	at net.minecraft.class_4080.method_18790(class_4080.java:13) ~[server-intermediary.jar:?]
	at java.util.concurrent.CompletableFuture$UniAccept.tryFire(CompletableFuture.java:718) ~[?:?]
	at java.util.concurrent.CompletableFuture$Completion.run(CompletableFuture.java:482) ~[?:?]
	at net.minecraft.class_4014.method_18365(class_4014.java:69) ~[server-intermediary.jar:?]
	at net.minecraft.class_156.method_43498(class_156.java:950) ~[server-intermediary.jar:?]
	at net.minecraft.class_156.method_43499(class_156.java:938) ~[server-intermediary.jar:?]
	at net.minecraft.server.Main.main(Main.java:160) ~[server-intermediary.jar:?]
	at net.fabricmc.loader.impl.game.minecraft.MinecraftGameProvider.launch(MinecraftGameProvider.java:514) ~[fabric-loader-0.18.2.jar:?]
	at net.fabricmc.loader.impl.launch.knot.Knot.launch(Knot.java:72) ~[fabric-loader-0.18.2.jar:?]
	at net.fabricmc.loader.impl.launch.knot.KnotServer.main(KnotServer.java:23) ~[fabric-loader-0.18.2.jar:?]
	at net.fabricmc.loader.impl.launch.server.FabricServerLauncher.main(FabricServerLauncher.java:69) ~[fabric-loader-0.18.2.jar:?]
	at net.fabricmc.installer.ServerLauncher.main(ServerLauncher.java:69) ~[fabric-server-launch.jar:1.0.1]
[05:11:36] [main/ERROR]: Parsing error loading recipe mythiclib:netherite_to_sapphire_boots_smithing
com.google.gson.JsonSyntaxException: Unknown item 'mythicupgrades:netherite_boots'
	at net.minecraft.class_1869.method_17878(class_1869.java:272) ~[server-intermediary.jar:?]
	at java.util.Optional.orElseThrow(Optional.java:403) ~[?:?]
	at net.minecraft.class_1869.method_8155(class_1869.java:272) ~[server-intermediary.jar:?]
	at net.minecraft.class_1856.method_8107(class_1856.java:160) ~[server-intermediary.jar:?]
	at net.minecraft.class_1856.method_8102(class_1856.java:143) ~[server-intermediary.jar:?]
	at net.minecraft.class_1856.method_52177(class_1856.java:135) ~[server-intermediary.jar:?]
	at net.minecraft.class_8060$class_8061.method_48455(class_8060.java:88) ~[server-intermediary.jar:?]
	at net.minecraft.class_8060$class_8061.method_8121(class_8060.java:84) ~[server-intermediary.jar:?]
	at net.minecraft.class_1863.method_17720(class_1863.java:135) ~[server-intermediary.jar:?]
	at net.minecraft.class_1863.method_20705(class_1863.java:56) ~[server-intermediary.jar:?]
	at net.minecraft.class_1863.method_18788(class_1863.java:35) ~[server-intermediary.jar:?]
	at net.minecraft.class_4080.method_18790(class_4080.java:13) ~[server-intermediary.jar:?]
	at java.util.concurrent.CompletableFuture$UniAccept.tryFire(CompletableFuture.java:718) ~[?:?]
	at java.util.concurrent.CompletableFuture$Completion.run(CompletableFuture.java:482) ~[?:?]
	at net.minecraft.class_4014.method_18365(class_4014.java:69) ~[server-intermediary.jar:?]
	at net.minecraft.class_156.method_43498(class_156.java:950) ~[server-intermediary.jar:?]
	at net.minecraft.class_156.method_43499(class_156.java:938) ~[server-intermediary.jar:?]
	at net.minecraft.server.Main.main(Main.java:160) ~[server-intermediary.jar:?]
	at net.fabricmc.loader.impl.game.minecraft.MinecraftGameProvider.launch(MinecraftGameProvider.java:514) ~[fabric-loader-0.18.2.jar:?]
	at net.fabricmc.loader.impl.launch.knot.Knot.launch(Knot.java:72) ~[fabric-loader-0.18.2.jar:?]
	at net.fabricmc.loader.impl.launch.knot.KnotServer.main(KnotServer.java:23) ~[fabric-loader-0.18.2.jar:?]
	at net.fabricmc.loader.impl.launch.server.FabricServerLauncher.main(FabricServerLauncher.java:69) ~[fabric-loader-0.18.2.jar:?]
	at net.fabricmc.installer.ServerLauncher.main(ServerLauncher.java:69) ~[fabric-server-launch.jar:1.0.1]
[05:11:36] [main/ERROR]: Parsing error loading recipe mythiclib:ametrine_to_netherite_sword_smithing
com.google.gson.JsonSyntaxException: Unknown item 'mythicupgrades:netherite_upgrade_smithing_template'
	at net.minecraft.class_1869.method_17878(class_1869.java:272) ~[server-intermediary.jar:?]
	at java.util.Optional.orElseThrow(Optional.java:403) ~[?:?]
	at net.minecraft.class_1869.method_8155(class_1869.java:272) ~[server-intermediary.jar:?]
	at net.minecraft.class_1856.method_8107(class_1856.java:160) ~[server-intermediary.jar:?]
	at net.minecraft.class_1856.method_8102(class_1856.java:143) ~[server-intermediary.jar:?]
	at net.minecraft.class_1856.method_52177(class_1856.java:135) ~[server-intermediary.jar:?]
	at net.minecraft.class_8060$class_8061.method_48455(class_8060.java:87) ~[server-intermediary.jar:?]
	at net.minecraft.class_8060$class_8061.method_8121(class_8060.java:84) ~[server-intermediary.jar:?]
	at net.minecraft.class_1863.method_17720(class_1863.java:135) ~[server-intermediary.jar:?]
	at net.minecraft.class_1863.method_20705(class_1863.java:56) ~[server-intermediary.jar:?]
	at net.minecraft.class_1863.method_18788(class_1863.java:35) ~[server-intermediary.jar:?]
	at net.minecraft.class_4080.method_18790(class_4080.java:13) ~[server-intermediary.jar:?]
	at java.util.concurrent.CompletableFuture$UniAccept.tryFire(CompletableFuture.java:718) ~[?:?]
	at java.util.concurrent.CompletableFuture$Completion.run(CompletableFuture.java:482) ~[?:?]
	at net.minecraft.class_4014.method_18365(class_4014.java:69) ~[server-intermediary.jar:?]
	at net.minecraft.class_156.method_43498(class_156.java:950) ~[server-intermediary.jar:?]
	at net.minecraft.class_156.method_43499(class_156.java:938) ~[server-intermediary.jar:?]
	at net.minecraft.server.Main.main(Main.java:160) ~[server-intermediary.jar:?]
	at net.fabricmc.loader.impl.game.minecraft.MinecraftGameProvider.launch(MinecraftGameProvider.java:514) ~[fabric-loader-0.18.2.jar:?]
	at net.fabricmc.loader.impl.launch.knot.Knot.launch(Knot.java:72) ~[fabric-loader-0.18.2.jar:?]
	at net.fabricmc.loader.impl.launch.knot.KnotServer.main(KnotServer.java:23) ~[fabric-loader-0.18.2.jar:?]
	at net.fabricmc.loader.impl.launch.server.FabricServerLauncher.main(FabricServerLauncher.java:69) ~[fabric-loader-0.18.2.jar:?]
	at net.fabricmc.installer.ServerLauncher.main(ServerLauncher.java:69) ~[fabric-server-launch.jar:1.0.1]
[05:11:36] [main/ERROR]: Parsing error loading recipe mythiclib:jade_to_netherite_axe_smithing
com.google.gson.JsonSyntaxException: Unknown item 'mythicupgrades:netherite_upgrade_smithing_template'
	at net.minecraft.class_1869.method_17878(class_1869.java:272) ~[server-intermediary.jar:?]
	at java.util.Optional.orElseThrow(Optional.java:403) ~[?:?]
	at net.minecraft.class_1869.method_8155(class_1869.java:272) ~[server-intermediary.jar:?]
	at net.minecraft.class_1856.method_8107(class_1856.java:160) ~[server-intermediary.jar:?]
	at net.minecraft.class_1856.method_8102(class_1856.java:143) ~[server-intermediary.jar:?]
	at net.minecraft.class_1856.method_52177(class_1856.java:135) ~[server-intermediary.jar:?]
	at net.minecraft.class_8060$class_8061.method_48455(class_8060.java:87) ~[server-intermediary.jar:?]
	at net.minecraft.class_8060$class_8061.method_8121(class_8060.java:84) ~[server-intermediary.jar:?]
	at net.minecraft.class_1863.method_17720(class_1863.java:135) ~[server-intermediary.jar:?]
	at net.minecraft.class_1863.method_20705(class_1863.java:56) ~[server-intermediary.jar:?]
	at net.minecraft.class_1863.method_18788(class_1863.java:35) ~[server-intermediary.jar:?]
	at net.minecraft.class_4080.method_18790(class_4080.java:13) ~[server-intermediary.jar:?]
	at java.util.concurrent.CompletableFuture$UniAccept.tryFire(CompletableFuture.java:718) ~[?:?]
	at java.util.concurrent.CompletableFuture$Completion.run(CompletableFuture.java:482) ~[?:?]
	at net.minecraft.class_4014.method_18365(class_4014.java:69) ~[server-intermediary.jar:?]
	at net.minecraft.class_156.method_43498(class_156.java:950) ~[server-intermediary.jar:?]
	at net.minecraft.class_156.method_43499(class_156.java:938) ~[server-intermediary.jar:?]
	at net.minecraft.server.Main.main(Main.java:160) ~[server-intermediary.jar:?]
	at net.fabricmc.loader.impl.game.minecraft.MinecraftGameProvider.launch(MinecraftGameProvider.java:514) ~[fabric-loader-0.18.2.jar:?]
	at net.fabricmc.loader.impl.launch.knot.Knot.launch(Knot.java:72) ~[fabric-loader-0.18.2.jar:?]
	at net.fabricmc.loader.impl.launch.knot.KnotServer.main(KnotServer.java:23) ~[fabric-loader-0.18.2.jar:?]
	at net.fabricmc.loader.impl.launch.server.FabricServerLauncher.main(FabricServerLauncher.java:69) ~[fabric-loader-0.18.2.jar:?]
	at net.fabricmc.installer.ServerLauncher.main(ServerLauncher.java:69) ~[fabric-server-launch.jar:1.0.1]
[05:11:36] [main/ERROR]: Parsing error loading recipe mythiclib:sapphire_to_netherite_chestplate_smithing
com.google.gson.JsonSyntaxException: Unknown item 'mythicupgrades:netherite_upgrade_smithing_template'
	at net.minecraft.class_1869.method_17878(class_1869.java:272) ~[server-intermediary.jar:?]
	at java.util.Optional.orElseThrow(Optional.java:403) ~[?:?]
	at net.minecraft.class_1869.method_8155(class_1869.java:272) ~[server-intermediary.jar:?]
	at net.minecraft.class_1856.method_8107(class_1856.java:160) ~[server-intermediary.jar:?]
	at net.minecraft.class_1856.method_8102(class_1856.java:143) ~[server-intermediary.jar:?]
	at net.minecraft.class_1856.method_52177(class_1856.java:135) ~[server-intermediary.jar:?]
	at net.minecraft.class_8060$class_8061.method_48455(class_8060.java:87) ~[server-intermediary.jar:?]
	at net.minecraft.class_8060$class_8061.method_8121(class_8060.java:84) ~[server-intermediary.jar:?]
	at net.minecraft.class_1863.method_17720(class_1863.java:135) ~[server-intermediary.jar:?]
	at net.minecraft.class_1863.method_20705(class_1863.java:56) ~[server-intermediary.jar:?]
	at net.minecraft.class_1863.method_18788(class_1863.java:35) ~[server-intermediary.jar:?]
	at net.minecraft.class_4080.method_18790(class_4080.java:13) ~[server-intermediary.jar:?]
	at java.util.concurrent.CompletableFuture$UniAccept.tryFire(CompletableFuture.java:718) ~[?:?]
	at java.util.concurrent.CompletableFuture$Completion.run(CompletableFuture.java:482) ~[?:?]
	at net.minecraft.class_4014.method_18365(class_4014.java:69) ~[server-intermediary.jar:?]
	at net.minecraft.class_156.method_43498(class_156.java:950) ~[server-intermediary.jar:?]
	at net.minecraft.class_156.method_43499(class_156.java:938) ~[server-intermediary.jar:?]
	at net.minecraft.server.Main.main(Main.java:160) ~[server-intermediary.jar:?]
	at net.fabricmc.loader.impl.game.minecraft.MinecraftGameProvider.launch(MinecraftGameProvider.java:514) ~[fabric-loader-0.18.2.jar:?]
	at net.fabricmc.loader.impl.launch.knot.Knot.launch(Knot.java:72) ~[fabric-loader-0.18.2.jar:?]
	at net.fabricmc.loader.impl.launch.knot.KnotServer.main(KnotServer.java:23) ~[fabric-loader-0.18.2.jar:?]
	at net.fabricmc.loader.impl.launch.server.FabricServerLauncher.main(FabricServerLauncher.java:69) ~[fabric-loader-0.18.2.jar:?]
	at net.fabricmc.installer.ServerLauncher.main(ServerLauncher.java:69) ~[fabric-server-launch.jar:1.0.1]
[05:11:36] [main/ERROR]: Parsing error loading recipe mythiclib:netherite_to_peridot_hoe_smithing
com.google.gson.JsonSyntaxException: Unknown item 'mythicupgrades:netherite_hoe'
	at net.minecraft.class_1869.method_17878(class_1869.java:272) ~[server-intermediary.jar:?]
	at java.util.Optional.orElseThrow(Optional.java:403) ~[?:?]
	at net.minecraft.class_1869.method_8155(class_1869.java:272) ~[server-intermediary.jar:?]
	at net.minecraft.class_1856.method_8107(class_1856.java:160) ~[server-intermediary.jar:?]
	at net.minecraft.class_1856.method_8102(class_1856.java:143) ~[server-intermediary.jar:?]
	at net.minecraft.class_1856.method_52177(class_1856.java:135) ~[server-intermediary.jar:?]
	at net.minecraft.class_8060$class_8061.method_48455(class_8060.java:88) ~[server-intermediary.jar:?]
	at net.minecraft.class_8060$class_8061.method_8121(class_8060.java:84) ~[server-intermediary.jar:?]
	at net.minecraft.class_1863.method_17720(class_1863.java:135) ~[server-intermediary.jar:?]
	at net.minecraft.class_1863.method_20705(class_1863.java:56) ~[server-intermediary.jar:?]
	at net.minecraft.class_1863.method_18788(class_1863.java:35) ~[server-intermediary.jar:?]
	at net.minecraft.class_4080.method_18790(class_4080.java:13) ~[server-intermediary.jar:?]
	at java.util.concurrent.CompletableFuture$UniAccept.tryFire(CompletableFuture.java:718) ~[?:?]
	at java.util.concurrent.CompletableFuture$Completion.run(CompletableFuture.java:482) ~[?:?]
	at net.minecraft.class_4014.method_18365(class_4014.java:69) ~[server-intermediary.jar:?]
	at net.minecraft.class_156.method_43498(class_156.java:950) ~[server-intermediary.jar:?]
	at net.minecraft.class_156.method_43499(class_156.java:938) ~[server-intermediary.jar:?]
	at net.minecraft.server.Main.main(Main.java:160) ~[server-intermediary.jar:?]
	at net.fabricmc.loader.impl.game.minecraft.MinecraftGameProvider.launch(MinecraftGameProvider.java:514) ~[fabric-loader-0.18.2.jar:?]
	at net.fabricmc.loader.impl.launch.knot.Knot.launch(Knot.java:72) ~[fabric-loader-0.18.2.jar:?]
	at net.fabricmc.loader.impl.launch.knot.KnotServer.main(KnotServer.java:23) ~[fabric-loader-0.18.2.jar:?]
	at net.fabricmc.loader.impl.launch.server.FabricServerLauncher.main(FabricServerLauncher.java:69) ~[fabric-loader-0.18.2.jar:?]
	at net.fabricmc.installer.ServerLauncher.main(ServerLauncher.java:69) ~[fabric-server-launch.jar:1.0.1]
[05:11:36] [main/ERROR]: Parsing error loading recipe spellbladenext:flickerstrikeoil
com.google.gson.JsonSyntaxException: Unknown item 'spellbladenext:spelloil'
	at net.minecraft.class_1869.method_17878(class_1869.java:272) ~[server-intermediary.jar:?]
	at java.util.Optional.orElseThrow(Optional.java:403) ~[?:?]
	at net.minecraft.class_1869.method_8155(class_1869.java:272) ~[server-intermediary.jar:?]
	at net.minecraft.class_1856.method_8107(class_1856.java:160) ~[server-intermediary.jar:?]
	at net.minecraft.class_1856.method_8102(class_1856.java:143) ~[server-intermediary.jar:?]
	at net.minecraft.class_1856.method_52177(class_1856.java:135) ~[server-intermediary.jar:?]
	at net.minecraft.class_8060$class_8061.method_48455(class_8060.java:88) ~[server-intermediary.jar:?]
	at net.minecraft.class_8060$class_8061.method_8121(class_8060.java:84) ~[server-intermediary.jar:?]
	at net.minecraft.class_1863.method_17720(class_1863.java:135) ~[server-intermediary.jar:?]
	at net.minecraft.class_1863.method_20705(class_1863.java:56) ~[server-intermediary.jar:?]
	at net.minecraft.class_1863.method_18788(class_1863.java:35) ~[server-intermediary.jar:?]
	at net.minecraft.class_4080.method_18790(class_4080.java:13) ~[server-intermediary.jar:?]
	at java.util.concurrent.CompletableFuture$UniAccept.tryFire(CompletableFuture.java:718) ~[?:?]
	at java.util.concurrent.CompletableFuture$Completion.run(CompletableFuture.java:482) ~[?:?]
	at net.minecraft.class_4014.method_18365(class_4014.java:69) ~[server-intermediary.jar:?]
	at net.minecraft.class_156.method_43498(class_156.java:950) ~[server-intermediary.jar:?]
	at net.minecraft.class_156.method_43499(class_156.java:938) ~[server-intermediary.jar:?]
	at net.minecraft.server.Main.main(Main.java:160) ~[server-intermediary.jar:?]
	at net.fabricmc.loader.impl.game.minecraft.MinecraftGameProvider.launch(MinecraftGameProvider.java:514) ~[fabric-loader-0.18.2.jar:?]
	at net.fabricmc.loader.impl.launch.knot.Knot.launch(Knot.java:72) ~[fabric-loader-0.18.2.jar:?]
	at net.fabricmc.loader.impl.launch.knot.KnotServer.main(KnotServer.java:23) ~[fabric-loader-0.18.2.jar:?]
	at net.fabricmc.loader.impl.launch.server.FabricServerLauncher.main(FabricServerLauncher.java:69) ~[fabric-loader-0.18.2.jar:?]
	at net.fabricmc.installer.ServerLauncher.main(ServerLauncher.java:69) ~[fabric-server-launch.jar:1.0.1]
[05:11:36] [main/ERROR]: Parsing error loading recipe mythiclib:netherite_to_sapphire_hoe_smithing
com.google.gson.JsonSyntaxException: Unknown item 'mythicupgrades:netherite_hoe'
	at net.minecraft.class_1869.method_17878(class_1869.java:272) ~[server-intermediary.jar:?]
	at java.util.Optional.orElseThrow(Optional.java:403) ~[?:?]
	at net.minecraft.class_1869.method_8155(class_1869.java:272) ~[server-intermediary.jar:?]
	at net.minecraft.class_1856.method_8107(class_1856.java:160) ~[server-intermediary.jar:?]
	at net.minecraft.class_1856.method_8102(class_1856.java:143) ~[server-intermediary.jar:?]
	at net.minecraft.class_1856.method_52177(class_1856.java:135) ~[server-intermediary.jar:?]
	at net.minecraft.class_8060$class_8061.method_48455(class_8060.java:88) ~[server-intermediary.jar:?]
	at net.minecraft.class_8060$class_8061.method_8121(class_8060.java:84) ~[server-intermediary.jar:?]
	at net.minecraft.class_1863.method_17720(class_1863.java:135) ~[server-intermediary.jar:?]
	at net.minecraft.class_1863.method_20705(class_1863.java:56) ~[server-intermediary.jar:?]
	at net.minecraft.class_1863.method_18788(class_1863.java:35) ~[server-intermediary.jar:?]
	at net.minecraft.class_4080.method_18790(class_4080.java:13) ~[server-intermediary.jar:?]
	at java.util.concurrent.CompletableFuture$UniAccept.tryFire(CompletableFuture.java:718) ~[?:?]
	at java.util.concurrent.CompletableFuture$Completion.run(CompletableFuture.java:482) ~[?:?]
	at net.minecraft.class_4014.method_18365(class_4014.java:69) ~[server-intermediary.jar:?]
	at net.minecraft.class_156.method_43498(class_156.java:950) ~[server-intermediary.jar:?]
	at net.minecraft.class_156.method_43499(class_156.java:938) ~[server-intermediary.jar:?]
	at net.minecraft.server.Main.main(Main.java:160) ~[server-intermediary.jar:?]
	at net.fabricmc.loader.impl.game.minecraft.MinecraftGameProvider.launch(MinecraftGameProvider.java:514) ~[fabric-loader-0.18.2.jar:?]
	at net.fabricmc.loader.impl.launch.knot.Knot.launch(Knot.java:72) ~[fabric-loader-0.18.2.jar:?]
	at net.fabricmc.loader.impl.launch.knot.KnotServer.main(KnotServer.java:23) ~[fabric-loader-0.18.2.jar:?]
	at net.fabricmc.loader.impl.launch.server.FabricServerLauncher.main(FabricServerLauncher.java:69) ~[fabric-loader-0.18.2.jar:?]
	at net.fabricmc.installer.ServerLauncher.main(ServerLauncher.java:69) ~[fabric-server-launch.jar:1.0.1]
[05:11:36] [main/ERROR]: Parsing error loading recipe mythiclib:sapphire_to_netherite_leggings_smithing
com.google.gson.JsonSyntaxException: Unknown item 'mythicupgrades:netherite_upgrade_smithing_template'
	at net.minecraft.class_1869.method_17878(class_1869.java:272) ~[server-intermediary.jar:?]
	at java.util.Optional.orElseThrow(Optional.java:403) ~[?:?]
	at net.minecraft.class_1869.method_8155(class_1869.java:272) ~[server-intermediary.jar:?]
	at net.minecraft.class_1856.method_8107(class_1856.java:160) ~[server-intermediary.jar:?]
	at net.minecraft.class_1856.method_8102(class_1856.java:143) ~[server-intermediary.jar:?]
	at net.minecraft.class_1856.method_52177(class_1856.java:135) ~[server-intermediary.jar:?]
	at net.minecraft.class_8060$class_8061.method_48455(class_8060.java:87) ~[server-intermediary.jar:?]
	at net.minecraft.class_8060$class_8061.method_8121(class_8060.java:84) ~[server-intermediary.jar:?]
	at net.minecraft.class_1863.method_17720(class_1863.java:135) ~[server-intermediary.jar:?]
	at net.minecraft.class_1863.method_20705(class_1863.java:56) ~[server-intermediary.jar:?]
	at net.minecraft.class_1863.method_18788(class_1863.java:35) ~[server-intermediary.jar:?]
	at net.minecraft.class_4080.method_18790(class_4080.java:13) ~[server-intermediary.jar:?]
	at java.util.concurrent.CompletableFuture$UniAccept.tryFire(CompletableFuture.java:718) ~[?:?]
	at java.util.concurrent.CompletableFuture$Completion.run(CompletableFuture.java:482) ~[?:?]
	at net.minecraft.class_4014.method_18365(class_4014.java:69) ~[server-intermediary.jar:?]
	at net.minecraft.class_156.method_43498(class_156.java:950) ~[server-intermediary.jar:?]
	at net.minecraft.class_156.method_43499(class_156.java:938) ~[server-intermediary.jar:?]
	at net.minecraft.server.Main.main(Main.java:160) ~[server-intermediary.jar:?]
	at net.fabricmc.loader.impl.game.minecraft.MinecraftGameProvider.launch(MinecraftGameProvider.java:514) ~[fabric-loader-0.18.2.jar:?]
	at net.fabricmc.loader.impl.launch.knot.Knot.launch(Knot.java:72) ~[fabric-loader-0.18.2.jar:?]
	at net.fabricmc.loader.impl.launch.knot.KnotServer.main(KnotServer.java:23) ~[fabric-loader-0.18.2.jar:?]
	at net.fabricmc.loader.impl.launch.server.FabricServerLauncher.main(FabricServerLauncher.java:69) ~[fabric-loader-0.18.2.jar:?]
	at net.fabricmc.installer.ServerLauncher.main(ServerLauncher.java:69) ~[fabric-server-launch.jar:1.0.1]
[05:11:36] [main/ERROR]: Parsing error loading recipe mythiclib:ruby_to_netherite_hoe_smithing
com.google.gson.JsonSyntaxException: Unknown item 'mythicupgrades:netherite_upgrade_smithing_template'
	at net.minecraft.class_1869.method_17878(class_1869.java:272) ~[server-intermediary.jar:?]
	at java.util.Optional.orElseThrow(Optional.java:403) ~[?:?]
	at net.minecraft.class_1869.method_8155(class_1869.java:272) ~[server-intermediary.jar:?]
	at net.minecraft.class_1856.method_8107(class_1856.java:160) ~[server-intermediary.jar:?]
	at net.minecraft.class_1856.method_8102(class_1856.java:143) ~[server-intermediary.jar:?]
	at net.minecraft.class_1856.method_52177(class_1856.java:135) ~[server-intermediary.jar:?]
	at net.minecraft.class_8060$class_8061.method_48455(class_8060.java:87) ~[server-intermediary.jar:?]
	at net.minecraft.class_8060$class_8061.method_8121(class_8060.java:84) ~[server-intermediary.jar:?]
	at net.minecraft.class_1863.method_17720(class_1863.java:135) ~[server-intermediary.jar:?]
	at net.minecraft.class_1863.method_20705(class_1863.java:56) ~[server-intermediary.jar:?]
	at net.minecraft.class_1863.method_18788(class_1863.java:35) ~[server-intermediary.jar:?]
	at net.minecraft.class_4080.method_18790(class_4080.java:13) ~[server-intermediary.jar:?]
	at java.util.concurrent.CompletableFuture$UniAccept.tryFire(CompletableFuture.java:718) ~[?:?]
	at java.util.concurrent.CompletableFuture$Completion.run(CompletableFuture.java:482) ~[?:?]
	at net.minecraft.class_4014.method_18365(class_4014.java:69) ~[server-intermediary.jar:?]
	at net.minecraft.class_156.method_43498(class_156.java:950) ~[server-intermediary.jar:?]
	at net.minecraft.class_156.method_43499(class_156.java:938) ~[server-intermediary.jar:?]
	at net.minecraft.server.Main.main(Main.java:160) ~[server-intermediary.jar:?]
	at net.fabricmc.loader.impl.game.minecraft.MinecraftGameProvider.launch(MinecraftGameProvider.java:514) ~[fabric-loader-0.18.2.jar:?]
	at net.fabricmc.loader.impl.launch.knot.Knot.launch(Knot.java:72) ~[fabric-loader-0.18.2.jar:?]
	at net.fabricmc.loader.impl.launch.knot.KnotServer.main(KnotServer.java:23) ~[fabric-loader-0.18.2.jar:?]
	at net.fabricmc.loader.impl.launch.server.FabricServerLauncher.main(FabricServerLauncher.java:69) ~[fabric-loader-0.18.2.jar:?]
	at net.fabricmc.installer.ServerLauncher.main(ServerLauncher.java:69) ~[fabric-server-launch.jar:1.0.1]
[05:11:36] [main/ERROR]: Parsing error loading recipe triqueapi:warden_chestplate_smithing_universal
com.google.gson.JsonSyntaxException: Unknown item 'wardentools:echo_ingot'
	at net.minecraft.class_1869.method_17878(class_1869.java:272) ~[server-intermediary.jar:?]
	at java.util.Optional.orElseThrow(Optional.java:403) ~[?:?]
	at net.minecraft.class_1869.method_8155(class_1869.java:272) ~[server-intermediary.jar:?]
	at net.minecraft.class_1856.method_8107(class_1856.java:160) ~[server-intermediary.jar:?]
	at net.minecraft.class_1856.method_8102(class_1856.java:143) ~[server-intermediary.jar:?]
	at net.minecraft.class_1856.method_52177(class_1856.java:135) ~[server-intermediary.jar:?]
	at net.minecraft.class_8060$class_8061.method_48455(class_8060.java:89) ~[server-intermediary.jar:?]
	at net.minecraft.class_8060$class_8061.method_8121(class_8060.java:84) ~[server-intermediary.jar:?]
	at net.minecraft.class_1863.method_17720(class_1863.java:135) ~[server-intermediary.jar:?]
	at net.minecraft.class_1863.method_20705(class_1863.java:56) ~[server-intermediary.jar:?]
	at net.minecraft.class_1863.method_18788(class_1863.java:35) ~[server-intermediary.jar:?]
	at net.minecraft.class_4080.method_18790(class_4080.java:13) ~[server-intermediary.jar:?]
	at java.util.concurrent.CompletableFuture$UniAccept.tryFire(CompletableFuture.java:718) ~[?:?]
	at java.util.concurrent.CompletableFuture$Completion.run(CompletableFuture.java:482) ~[?:?]
	at net.minecraft.class_4014.method_18365(class_4014.java:69) ~[server-intermediary.jar:?]
	at net.minecraft.class_156.method_43498(class_156.java:950) ~[server-intermediary.jar:?]
	at net.minecraft.class_156.method_43499(class_156.java:938) ~[server-intermediary.jar:?]
	at net.minecraft.server.Main.main(Main.java:160) ~[server-intermediary.jar:?]
	at net.fabricmc.loader.impl.game.minecraft.MinecraftGameProvider.launch(MinecraftGameProvider.java:514) ~[fabric-loader-0.18.2.jar:?]
	at net.fabricmc.loader.impl.launch.knot.Knot.launch(Knot.java:72) ~[fabric-loader-0.18.2.jar:?]
	at net.fabricmc.loader.impl.launch.knot.KnotServer.main(KnotServer.java:23) ~[fabric-loader-0.18.2.jar:?]
	at net.fabricmc.loader.impl.launch.server.FabricServerLauncher.main(FabricServerLauncher.java:69) ~[fabric-loader-0.18.2.jar:?]
	at net.fabricmc.installer.ServerLauncher.main(ServerLauncher.java:69) ~[fabric-server-launch.jar:1.0.1]
[05:11:36] [main/ERROR]: Parsing error loading recipe mythiclib:sapphire_to_netherite_helmet_smithing
com.google.gson.JsonSyntaxException: Unknown item 'mythicupgrades:netherite_upgrade_smithing_template'
	at net.minecraft.class_1869.method_17878(class_1869.java:272) ~[server-intermediary.jar:?]
	at java.util.Optional.orElseThrow(Optional.java:403) ~[?:?]
	at net.minecraft.class_1869.method_8155(class_1869.java:272) ~[server-intermediary.jar:?]
	at net.minecraft.class_1856.method_8107(class_1856.java:160) ~[server-intermediary.jar:?]
	at net.minecraft.class_1856.method_8102(class_1856.java:143) ~[server-intermediary.jar:?]
	at net.minecraft.class_1856.method_52177(class_1856.java:135) ~[server-intermediary.jar:?]
	at net.minecraft.class_8060$class_8061.method_48455(class_8060.java:87) ~[server-intermediary.jar:?]
	at net.minecraft.class_8060$class_8061.method_8121(class_8060.java:84) ~[server-intermediary.jar:?]
	at net.minecraft.class_1863.method_17720(class_1863.java:135) ~[server-intermediary.jar:?]
	at net.minecraft.class_1863.method_20705(class_1863.java:56) ~[server-intermediary.jar:?]
	at net.minecraft.class_1863.method_18788(class_1863.java:35) ~[server-intermediary.jar:?]
	at net.minecraft.class_4080.method_18790(class_4080.java:13) ~[server-intermediary.jar:?]
	at java.util.concurrent.CompletableFuture$UniAccept.tryFire(CompletableFuture.java:718) ~[?:?]
	at java.util.concurrent.CompletableFuture$Completion.run(CompletableFuture.java:482) ~[?:?]
	at net.minecraft.class_4014.method_18365(class_4014.java:69) ~[server-intermediary.jar:?]
	at net.minecraft.class_156.method_43498(class_156.java:950) ~[server-intermediary.jar:?]
	at net.minecraft.class_156.method_43499(class_156.java:938) ~[server-intermediary.jar:?]
	at net.minecraft.server.Main.main(Main.java:160) ~[server-intermediary.jar:?]
	at net.fabricmc.loader.impl.game.minecraft.MinecraftGameProvider.launch(MinecraftGameProvider.java:514) ~[fabric-loader-0.18.2.jar:?]
	at net.fabricmc.loader.impl.launch.knot.Knot.launch(Knot.java:72) ~[fabric-loader-0.18.2.jar:?]
	at net.fabricmc.loader.impl.launch.knot.KnotServer.main(KnotServer.java:23) ~[fabric-loader-0.18.2.jar:?]
	at net.fabricmc.loader.impl.launch.server.FabricServerLauncher.main(FabricServerLauncher.java:69) ~[fabric-loader-0.18.2.jar:?]
	at net.fabricmc.installer.ServerLauncher.main(ServerLauncher.java:69) ~[fabric-server-launch.jar:1.0.1]
[05:11:36] [main/ERROR]: Parsing error loading recipe dramaticdoors:tall_chipped_modern_warped_door
com.google.gson.JsonSyntaxException: Unknown item 'chipped:classic_windowed_warped_door'
	at net.minecraft.class_1869.method_17878(class_1869.java:272) ~[server-intermediary.jar:?]
	at java.util.Optional.orElseThrow(Optional.java:403) ~[?:?]
	at net.minecraft.class_1869.method_8155(class_1869.java:272) ~[server-intermediary.jar:?]
	at net.minecraft.class_1856.method_8107(class_1856.java:160) ~[server-intermediary.jar:?]
	at net.minecraft.class_1856.method_8102(class_1856.java:143) ~[server-intermediary.jar:?]
	at net.minecraft.class_1869.method_8157(class_1869.java:252) ~[server-intermediary.jar:?]
	at net.minecraft.class_1869$class_1870.method_8164(class_1869.java:285) ~[server-intermediary.jar:?]
	at net.minecraft.class_1869$class_1870.method_8121(class_1869.java:279) ~[server-intermediary.jar:?]
	at net.minecraft.class_1863.method_17720(class_1863.java:135) ~[server-intermediary.jar:?]
	at net.minecraft.class_1863.method_20705(class_1863.java:56) ~[server-intermediary.jar:?]
	at net.minecraft.class_1863.method_18788(class_1863.java:35) ~[server-intermediary.jar:?]
	at net.minecraft.class_4080.method_18790(class_4080.java:13) ~[server-intermediary.jar:?]
	at java.util.concurrent.CompletableFuture$UniAccept.tryFire(CompletableFuture.java:718) ~[?:?]
	at java.util.concurrent.CompletableFuture$Completion.run(CompletableFuture.java:482) ~[?:?]
	at net.minecraft.class_4014.method_18365(class_4014.java:69) ~[server-intermediary.jar:?]
	at net.minecraft.class_156.method_43498(class_156.java:950) ~[server-intermediary.jar:?]
	at net.minecraft.class_156.method_43499(class_156.java:938) ~[server-intermediary.jar:?]
	at net.minecraft.server.Main.main(Main.java:160) ~[server-intermediary.jar:?]
	at net.fabricmc.loader.impl.game.minecraft.MinecraftGameProvider.launch(MinecraftGameProvider.java:514) ~[fabric-loader-0.18.2.jar:?]
	at net.fabricmc.loader.impl.launch.knot.Knot.launch(Knot.java:72) ~[fabric-loader-0.18.2.jar:?]
	at net.fabricmc.loader.impl.launch.knot.KnotServer.main(KnotServer.java:23) ~[fabric-loader-0.18.2.jar:?]
	at net.fabricmc.loader.impl.launch.server.FabricServerLauncher.main(FabricServerLauncher.java:69) ~[fabric-loader-0.18.2.jar:?]
	at net.fabricmc.installer.ServerLauncher.main(ServerLauncher.java:69) ~[fabric-server-launch.jar:1.0.1]
[05:11:36] [main/ERROR]: Parsing error loading recipe mythiclib:netherite_to_aquamarine_shovel_smithing
com.google.gson.JsonSyntaxException: Unknown item 'mythicupgrades:netherite_shovel'
	at net.minecraft.class_1869.method_17878(class_1869.java:272) ~[server-intermediary.jar:?]
	at java.util.Optional.orElseThrow(Optional.java:403) ~[?:?]
	at net.minecraft.class_1869.method_8155(class_1869.java:272) ~[server-intermediary.jar:?]
	at net.minecraft.class_1856.method_8107(class_1856.java:160) ~[server-intermediary.jar:?]
	at net.minecraft.class_1856.method_8102(class_1856.java:143) ~[server-intermediary.jar:?]
	at net.minecraft.class_1856.method_52177(class_1856.java:135) ~[server-intermediary.jar:?]
	at net.minecraft.class_8060$class_8061.method_48455(class_8060.java:88) ~[server-intermediary.jar:?]
	at net.minecraft.class_8060$class_8061.method_8121(class_8060.java:84) ~[server-intermediary.jar:?]
	at net.minecraft.class_1863.method_17720(class_1863.java:135) ~[server-intermediary.jar:?]
	at net.minecraft.class_1863.method_20705(class_1863.java:56) ~[server-intermediary.jar:?]
	at net.minecraft.class_1863.method_18788(class_1863.java:35) ~[server-intermediary.jar:?]
	at net.minecraft.class_4080.method_18790(class_4080.java:13) ~[server-intermediary.jar:?]
	at java.util.concurrent.CompletableFuture$UniAccept.tryFire(CompletableFuture.java:718) ~[?:?]
	at java.util.concurrent.CompletableFuture$Completion.run(CompletableFuture.java:482) ~[?:?]
	at net.minecraft.class_4014.method_18365(class_4014.java:69) ~[server-intermediary.jar:?]
	at net.minecraft.class_156.method_43498(class_156.java:950) ~[server-intermediary.jar:?]
	at net.minecraft.class_156.method_43499(class_156.java:938) ~[server-intermediary.jar:?]
	at net.minecraft.server.Main.main(Main.java:160) ~[server-intermediary.jar:?]
	at net.fabricmc.loader.impl.game.minecraft.MinecraftGameProvider.launch(MinecraftGameProvider.java:514) ~[fabric-loader-0.18.2.jar:?]
	at net.fabricmc.loader.impl.launch.knot.Knot.launch(Knot.java:72) ~[fabric-loader-0.18.2.jar:?]
	at net.fabricmc.loader.impl.launch.knot.KnotServer.main(KnotServer.java:23) ~[fabric-loader-0.18.2.jar:?]
	at net.fabricmc.loader.impl.launch.server.FabricServerLauncher.main(FabricServerLauncher.java:69) ~[fabric-loader-0.18.2.jar:?]
	at net.fabricmc.installer.ServerLauncher.main(ServerLauncher.java:69) ~[fabric-server-launch.jar:1.0.1]
[05:11:36] [main/ERROR]: Parsing error loading recipe mythiclib:netherite_to_ametrine_helmet_smithing
com.google.gson.JsonSyntaxException: Unknown item 'mythicupgrades:netherite_helmet'
	at net.minecraft.class_1869.method_17878(class_1869.java:272) ~[server-intermediary.jar:?]
	at java.util.Optional.orElseThrow(Optional.java:403) ~[?:?]
	at net.minecraft.class_1869.method_8155(class_1869.java:272) ~[server-intermediary.jar:?]
	at net.minecraft.class_1856.method_8107(class_1856.java:160) ~[server-intermediary.jar:?]
	at net.minecraft.class_1856.method_8102(class_1856.java:143) ~[server-intermediary.jar:?]
	at net.minecraft.class_1856.method_52177(class_1856.java:135) ~[server-intermediary.jar:?]
	at net.minecraft.class_8060$class_8061.method_48455(class_8060.java:88) ~[server-intermediary.jar:?]
	at net.minecraft.class_8060$class_8061.method_8121(class_8060.java:84) ~[server-intermediary.jar:?]
	at net.minecraft.class_1863.method_17720(class_1863.java:135) ~[server-intermediary.jar:?]
	at net.minecraft.class_1863.method_20705(class_1863.java:56) ~[server-intermediary.jar:?]
	at net.minecraft.class_1863.method_18788(class_1863.java:35) ~[server-intermediary.jar:?]
	at net.minecraft.class_4080.method_18790(class_4080.java:13) ~[server-intermediary.jar:?]
	at java.util.concurrent.CompletableFuture$UniAccept.tryFire(CompletableFuture.java:718) ~[?:?]
	at java.util.concurrent.CompletableFuture$Completion.run(CompletableFuture.java:482) ~[?:?]
	at net.minecraft.class_4014.method_18365(class_4014.java:69) ~[server-intermediary.jar:?]
	at net.minecraft.class_156.method_43498(class_156.java:950) ~[server-intermediary.jar:?]
	at net.minecraft.class_156.method_43499(class_156.java:938) ~[server-intermediary.jar:?]
	at net.minecraft.server.Main.main(Main.java:160) ~[server-intermediary.jar:?]
	at net.fabricmc.loader.impl.game.minecraft.MinecraftGameProvider.launch(MinecraftGameProvider.java:514) ~[fabric-loader-0.18.2.jar:?]
	at net.fabricmc.loader.impl.launch.knot.Knot.launch(Knot.java:72) ~[fabric-loader-0.18.2.jar:?]
	at net.fabricmc.loader.impl.launch.knot.KnotServer.main(KnotServer.java:23) ~[fabric-loader-0.18.2.jar:?]
	at net.fabricmc.loader.impl.launch.server.FabricServerLauncher.main(FabricServerLauncher.java:69) ~[fabric-loader-0.18.2.jar:?]
	at net.fabricmc.installer.ServerLauncher.main(ServerLauncher.java:69) ~[fabric-server-launch.jar:1.0.1]
[05:11:36] [main/ERROR]: Parsing error loading recipe mythiclib:ametrine_to_netherite_helmet_smithing
com.google.gson.JsonSyntaxException: Unknown item 'mythicupgrades:netherite_upgrade_smithing_template'
	at net.minecraft.class_1869.method_17878(class_1869.java:272) ~[server-intermediary.jar:?]
	at java.util.Optional.orElseThrow(Optional.java:403) ~[?:?]
	at net.minecraft.class_1869.method_8155(class_1869.java:272) ~[server-intermediary.jar:?]
	at net.minecraft.class_1856.method_8107(class_1856.java:160) ~[server-intermediary.jar:?]
	at net.minecraft.class_1856.method_8102(class_1856.java:143) ~[server-intermediary.jar:?]
	at net.minecraft.class_1856.method_52177(class_1856.java:135) ~[server-intermediary.jar:?]
	at net.minecraft.class_8060$class_8061.method_48455(class_8060.java:87) ~[server-intermediary.jar:?]
	at net.minecraft.class_8060$class_8061.method_8121(class_8060.java:84) ~[server-intermediary.jar:?]
	at net.minecraft.class_1863.method_17720(class_1863.java:135) ~[server-intermediary.jar:?]
	at net.minecraft.class_1863.method_20705(class_1863.java:56) ~[server-intermediary.jar:?]
	at net.minecraft.class_1863.method_18788(class_1863.java:35) ~[server-intermediary.jar:?]
	at net.minecraft.class_4080.method_18790(class_4080.java:13) ~[server-intermediary.jar:?]
	at java.util.concurrent.CompletableFuture$UniAccept.tryFire(CompletableFuture.java:718) ~[?:?]
	at java.util.concurrent.CompletableFuture$Completion.run(CompletableFuture.java:482) ~[?:?]
	at net.minecraft.class_4014.method_18365(class_4014.java:69) ~[server-intermediary.jar:?]
	at net.minecraft.class_156.method_43498(class_156.java:950) ~[server-intermediary.jar:?]
	at net.minecraft.class_156.method_43499(class_156.java:938) ~[server-intermediary.jar:?]
	at net.minecraft.server.Main.main(Main.java:160) ~[server-intermediary.jar:?]
	at net.fabricmc.loader.impl.game.minecraft.MinecraftGameProvider.launch(MinecraftGameProvider.java:514) ~[fabric-loader-0.18.2.jar:?]
	at net.fabricmc.loader.impl.launch.knot.Knot.launch(Knot.java:72) ~[fabric-loader-0.18.2.jar:?]
	at net.fabricmc.loader.impl.launch.knot.KnotServer.main(KnotServer.java:23) ~[fabric-loader-0.18.2.jar:?]
	at net.fabricmc.loader.impl.launch.server.FabricServerLauncher.main(FabricServerLauncher.java:69) ~[fabric-loader-0.18.2.jar:?]
	at net.fabricmc.installer.ServerLauncher.main(ServerLauncher.java:69) ~[fabric-server-launch.jar:1.0.1]
[05:11:36] [main/ERROR]: Parsing error loading recipe mythiclib:peridot_to_netherite_helmet_smithing
com.google.gson.JsonSyntaxException: Unknown item 'mythicupgrades:netherite_upgrade_smithing_template'
	at net.minecraft.class_1869.method_17878(class_1869.java:272) ~[server-intermediary.jar:?]
	at java.util.Optional.orElseThrow(Optional.java:403) ~[?:?]
	at net.minecraft.class_1869.method_8155(class_1869.java:272) ~[server-intermediary.jar:?]
	at net.minecraft.class_1856.method_8107(class_1856.java:160) ~[server-intermediary.jar:?]
	at net.minecraft.class_1856.method_8102(class_1856.java:143) ~[server-intermediary.jar:?]
	at net.minecraft.class_1856.method_52177(class_1856.java:135) ~[server-intermediary.jar:?]
	at net.minecraft.class_8060$class_8061.method_48455(class_8060.java:87) ~[server-intermediary.jar:?]
	at net.minecraft.class_8060$class_8061.method_8121(class_8060.java:84) ~[server-intermediary.jar:?]
	at net.minecraft.class_1863.method_17720(class_1863.java:135) ~[server-intermediary.jar:?]
	at net.minecraft.class_1863.method_20705(class_1863.java:56) ~[server-intermediary.jar:?]
	at net.minecraft.class_1863.method_18788(class_1863.java:35) ~[server-intermediary.jar:?]
	at net.minecraft.class_4080.method_18790(class_4080.java:13) ~[server-intermediary.jar:?]
	at java.util.concurrent.CompletableFuture$UniAccept.tryFire(CompletableFuture.java:718) ~[?:?]
	at java.util.concurrent.CompletableFuture$Completion.run(CompletableFuture.java:482) ~[?:?]
	at net.minecraft.class_4014.method_18365(class_4014.java:69) ~[server-intermediary.jar:?]
	at net.minecraft.class_156.method_43498(class_156.java:950) ~[server-intermediary.jar:?]
	at net.minecraft.class_156.method_43499(class_156.java:938) ~[server-intermediary.jar:?]
	at net.minecraft.server.Main.main(Main.java:160) ~[server-intermediary.jar:?]
	at net.fabricmc.loader.impl.game.minecraft.MinecraftGameProvider.launch(MinecraftGameProvider.java:514) ~[fabric-loader-0.18.2.jar:?]
	at net.fabricmc.loader.impl.launch.knot.Knot.launch(Knot.java:72) ~[fabric-loader-0.18.2.jar:?]
	at net.fabricmc.loader.impl.launch.knot.KnotServer.main(KnotServer.java:23) ~[fabric-loader-0.18.2.jar:?]
	at net.fabricmc.loader.impl.launch.server.FabricServerLauncher.main(FabricServerLauncher.java:69) ~[fabric-loader-0.18.2.jar:?]
	at net.fabricmc.installer.ServerLauncher.main(ServerLauncher.java:69) ~[fabric-server-launch.jar:1.0.1]
[05:11:36] [main/ERROR]: Parsing error loading recipe mythiclib:netherite_to_sapphire_sword_smithing
com.google.gson.JsonSyntaxException: Unknown item 'mythicupgrades:netherite_sword'
	at net.minecraft.class_1869.method_17878(class_1869.java:272) ~[server-intermediary.jar:?]
	at java.util.Optional.orElseThrow(Optional.java:403) ~[?:?]
	at net.minecraft.class_1869.method_8155(class_1869.java:272) ~[server-intermediary.jar:?]
	at net.minecraft.class_1856.method_8107(class_1856.java:160) ~[server-intermediary.jar:?]
	at net.minecraft.class_1856.method_8102(class_1856.java:143) ~[server-intermediary.jar:?]
	at net.minecraft.class_1856.method_52177(class_1856.java:135) ~[server-intermediary.jar:?]
	at net.minecraft.class_8060$class_8061.method_48455(class_8060.java:88) ~[server-intermediary.jar:?]
	at net.minecraft.class_8060$class_8061.method_8121(class_8060.java:84) ~[server-intermediary.jar:?]
	at net.minecraft.class_1863.method_17720(class_1863.java:135) ~[server-intermediary.jar:?]
	at net.minecraft.class_1863.method_20705(class_1863.java:56) ~[server-intermediary.jar:?]
	at net.minecraft.class_1863.method_18788(class_1863.java:35) ~[server-intermediary.jar:?]
	at net.minecraft.class_4080.method_18790(class_4080.java:13) ~[server-intermediary.jar:?]
	at java.util.concurrent.CompletableFuture$UniAccept.tryFire(CompletableFuture.java:718) ~[?:?]
	at java.util.concurrent.CompletableFuture$Completion.run(CompletableFuture.java:482) ~[?:?]
	at net.minecraft.class_4014.method_18365(class_4014.java:69) ~[server-intermediary.jar:?]
	at net.minecraft.class_156.method_43498(class_156.java:950) ~[server-intermediary.jar:?]
	at net.minecraft.class_156.method_43499(class_156.java:938) ~[server-intermediary.jar:?]
	at net.minecraft.server.Main.main(Main.java:160) ~[server-intermediary.jar:?]
	at net.fabricmc.loader.impl.game.minecraft.MinecraftGameProvider.launch(MinecraftGameProvider.java:514) ~[fabric-loader-0.18.2.jar:?]
	at net.fabricmc.loader.impl.launch.knot.Knot.launch(Knot.java:72) ~[fabric-loader-0.18.2.jar:?]
	at net.fabricmc.loader.impl.launch.knot.KnotServer.main(KnotServer.java:23) ~[fabric-loader-0.18.2.jar:?]
	at net.fabricmc.loader.impl.launch.server.FabricServerLauncher.main(FabricServerLauncher.java:69) ~[fabric-loader-0.18.2.jar:?]
	at net.fabricmc.installer.ServerLauncher.main(ServerLauncher.java:69) ~[fabric-server-launch.jar:1.0.1]
[05:11:36] [main/ERROR]: Parsing error loading recipe triqueapi:warden_hoe_smithing_universal
com.google.gson.JsonSyntaxException: Unknown item 'wardentools:echo_ingot'
	at net.minecraft.class_1869.method_17878(class_1869.java:272) ~[server-intermediary.jar:?]
	at java.util.Optional.orElseThrow(Optional.java:403) ~[?:?]
	at net.minecraft.class_1869.method_8155(class_1869.java:272) ~[server-intermediary.jar:?]
	at net.minecraft.class_1856.method_8107(class_1856.java:160) ~[server-intermediary.jar:?]
	at net.minecraft.class_1856.method_8102(class_1856.java:143) ~[server-intermediary.jar:?]
	at net.minecraft.class_1856.method_52177(class_1856.java:135) ~[server-intermediary.jar:?]
	at net.minecraft.class_8060$class_8061.method_48455(class_8060.java:89) ~[server-intermediary.jar:?]
	at net.minecraft.class_8060$class_8061.method_8121(class_8060.java:84) ~[server-intermediary.jar:?]
	at net.minecraft.class_1863.method_17720(class_1863.java:135) ~[server-intermediary.jar:?]
	at net.minecraft.class_1863.method_20705(class_1863.java:56) ~[server-intermediary.jar:?]
	at net.minecraft.class_1863.method_18788(class_1863.java:35) ~[server-intermediary.jar:?]
	at net.minecraft.class_4080.method_18790(class_4080.java:13) ~[server-intermediary.jar:?]
	at java.util.concurrent.CompletableFuture$UniAccept.tryFire(CompletableFuture.java:718) ~[?:?]
	at java.util.concurrent.CompletableFuture$Completion.run(CompletableFuture.java:482) ~[?:?]
	at net.minecraft.class_4014.method_18365(class_4014.java:69) ~[server-intermediary.jar:?]
	at net.minecraft.class_156.method_43498(class_156.java:950) ~[server-intermediary.jar:?]
	at net.minecraft.class_156.method_43499(class_156.java:938) ~[server-intermediary.jar:?]
	at net.minecraft.server.Main.main(Main.java:160) ~[server-intermediary.jar:?]
	at net.fabricmc.loader.impl.game.minecraft.MinecraftGameProvider.launch(MinecraftGameProvider.java:514) ~[fabric-loader-0.18.2.jar:?]
	at net.fabricmc.loader.impl.launch.knot.Knot.launch(Knot.java:72) ~[fabric-loader-0.18.2.jar:?]
	at net.fabricmc.loader.impl.launch.knot.KnotServer.main(KnotServer.java:23) ~[fabric-loader-0.18.2.jar:?]
	at net.fabricmc.loader.impl.launch.server.FabricServerLauncher.main(FabricServerLauncher.java:69) ~[fabric-loader-0.18.2.jar:?]
	at net.fabricmc.installer.ServerLauncher.main(ServerLauncher.java:69) ~[fabric-server-launch.jar:1.0.1]
[05:11:36] [main/ERROR]: Parsing error loading recipe mythiclib:netherite_to_topaz_shovel_smithing
com.google.gson.JsonSyntaxException: Unknown item 'mythicupgrades:netherite_shovel'
	at net.minecraft.class_1869.method_17878(class_1869.java:272) ~[server-intermediary.jar:?]
	at java.util.Optional.orElseThrow(Optional.java:403) ~[?:?]
	at net.minecraft.class_1869.method_8155(class_1869.java:272) ~[server-intermediary.jar:?]
	at net.minecraft.class_1856.method_8107(class_1856.java:160) ~[server-intermediary.jar:?]
	at net.minecraft.class_1856.method_8102(class_1856.java:143) ~[server-intermediary.jar:?]
	at net.minecraft.class_1856.method_52177(class_1856.java:135) ~[server-intermediary.jar:?]
	at net.minecraft.class_8060$class_8061.method_48455(class_8060.java:88) ~[server-intermediary.jar:?]
	at net.minecraft.class_8060$class_8061.method_8121(class_8060.java:84) ~[server-intermediary.jar:?]
	at net.minecraft.class_1863.method_17720(class_1863.java:135) ~[server-intermediary.jar:?]
	at net.minecraft.class_1863.method_20705(class_1863.java:56) ~[server-intermediary.jar:?]
	at net.minecraft.class_1863.method_18788(class_1863.java:35) ~[server-intermediary.jar:?]
	at net.minecraft.class_4080.method_18790(class_4080.java:13) ~[server-intermediary.jar:?]
	at java.util.concurrent.CompletableFuture$UniAccept.tryFire(CompletableFuture.java:718) ~[?:?]
	at java.util.concurrent.CompletableFuture$Completion.run(CompletableFuture.java:482) ~[?:?]
	at net.minecraft.class_4014.method_18365(class_4014.java:69) ~[server-intermediary.jar:?]
	at net.minecraft.class_156.method_43498(class_156.java:950) ~[server-intermediary.jar:?]
	at net.minecraft.class_156.method_43499(class_156.java:938) ~[server-intermediary.jar:?]
	at net.minecraft.server.Main.main(Main.java:160) ~[server-intermediary.jar:?]
	at net.fabricmc.loader.impl.game.minecraft.MinecraftGameProvider.launch(MinecraftGameProvider.java:514) ~[fabric-loader-0.18.2.jar:?]
	at net.fabricmc.loader.impl.launch.knot.Knot.launch(Knot.java:72) ~[fabric-loader-0.18.2.jar:?]
	at net.fabricmc.loader.impl.launch.knot.KnotServer.main(KnotServer.java:23) ~[fabric-loader-0.18.2.jar:?]
	at net.fabricmc.loader.impl.launch.server.FabricServerLauncher.main(FabricServerLauncher.java:69) ~[fabric-loader-0.18.2.jar:?]
	at net.fabricmc.installer.ServerLauncher.main(ServerLauncher.java:69) ~[fabric-server-launch.jar:1.0.1]
[05:11:36] [main/ERROR]: Parsing error loading recipe alloy_forgery:compat/alloys/bronze_from_ingots
com.google.gson.JsonSyntaxException: Priority-based recipes must declare a 'default' tag
	at wraith.alloyforgery.recipe.AlloyForgeRecipeSerializer.read(AlloyForgeRecipeSerializer.java:75) ~[alloy-forgery-2.1.2+1.20.jar:?]
	at wraith.alloyforgery.recipe.AlloyForgeRecipeSerializer.method_8121(AlloyForgeRecipeSerializer.java:18) ~[alloy-forgery-2.1.2+1.20.jar:?]
	at net.minecraft.class_1863.method_17720(class_1863.java:135) ~[server-intermediary.jar:?]
	at net.minecraft.class_1863.method_20705(class_1863.java:56) ~[server-intermediary.jar:?]
	at net.minecraft.class_1863.method_18788(class_1863.java:35) ~[server-intermediary.jar:?]
	at net.minecraft.class_4080.method_18790(class_4080.java:13) ~[server-intermediary.jar:?]
	at java.util.concurrent.CompletableFuture$UniAccept.tryFire(CompletableFuture.java:718) ~[?:?]
	at java.util.concurrent.CompletableFuture$Completion.run(CompletableFuture.java:482) ~[?:?]
	at net.minecraft.class_4014.method_18365(class_4014.java:69) ~[server-intermediary.jar:?]
	at net.minecraft.class_156.method_43498(class_156.java:950) ~[server-intermediary.jar:?]
	at net.minecraft.class_156.method_43499(class_156.java:938) ~[server-intermediary.jar:?]
	at net.minecraft.server.Main.main(Main.java:160) ~[server-intermediary.jar:?]
	at net.fabricmc.loader.impl.game.minecraft.MinecraftGameProvider.launch(MinecraftGameProvider.java:514) ~[fabric-loader-0.18.2.jar:?]
	at net.fabricmc.loader.impl.launch.knot.Knot.launch(Knot.java:72) ~[fabric-loader-0.18.2.jar:?]
	at net.fabricmc.loader.impl.launch.knot.KnotServer.main(KnotServer.java:23) ~[fabric-loader-0.18.2.jar:?]
	at net.fabricmc.loader.impl.launch.server.FabricServerLauncher.main(FabricServerLauncher.java:69) ~[fabric-loader-0.18.2.jar:?]
	at net.fabricmc.installer.ServerLauncher.main(ServerLauncher.java:69) ~[fabric-server-launch.jar:1.0.1]
[05:11:36] [main/ERROR]: Parsing error loading recipe triqueapi:warden_helmet_smithing_universal
com.google.gson.JsonSyntaxException: Unknown item 'wardentools:echo_ingot'
	at net.minecraft.class_1869.method_17878(class_1869.java:272) ~[server-intermediary.jar:?]
	at java.util.Optional.orElseThrow(Optional.java:403) ~[?:?]
	at net.minecraft.class_1869.method_8155(class_1869.java:272) ~[server-intermediary.jar:?]
	at net.minecraft.class_1856.method_8107(class_1856.java:160) ~[server-intermediary.jar:?]
	at net.minecraft.class_1856.method_8102(class_1856.java:143) ~[server-intermediary.jar:?]
	at net.minecraft.class_1856.method_52177(class_1856.java:135) ~[server-intermediary.jar:?]
	at net.minecraft.class_8060$class_8061.method_48455(class_8060.java:89) ~[server-intermediary.jar:?]
	at net.minecraft.class_8060$class_8061.method_8121(class_8060.java:84) ~[server-intermediary.jar:?]
	at net.minecraft.class_1863.method_17720(class_1863.java:135) ~[server-intermediary.jar:?]
	at net.minecraft.class_1863.method_20705(class_1863.java:56) ~[server-intermediary.jar:?]
	at net.minecraft.class_1863.method_18788(class_1863.java:35) ~[server-intermediary.jar:?]
	at net.minecraft.class_4080.method_18790(class_4080.java:13) ~[server-intermediary.jar:?]
	at java.util.concurrent.CompletableFuture$UniAccept.tryFire(CompletableFuture.java:718) ~[?:?]
	at java.util.concurrent.CompletableFuture$Completion.run(CompletableFuture.java:482) ~[?:?]
	at net.minecraft.class_4014.method_18365(class_4014.java:69) ~[server-intermediary.jar:?]
	at net.minecraft.class_156.method_43498(class_156.java:950) ~[server-intermediary.jar:?]
	at net.minecraft.class_156.method_43499(class_156.java:938) ~[server-intermediary.jar:?]
	at net.minecraft.server.Main.main(Main.java:160) ~[server-intermediary.jar:?]
	at net.fabricmc.loader.impl.game.minecraft.MinecraftGameProvider.launch(MinecraftGameProvider.java:514) ~[fabric-loader-0.18.2.jar:?]
	at net.fabricmc.loader.impl.launch.knot.Knot.launch(Knot.java:72) ~[fabric-loader-0.18.2.jar:?]
	at net.fabricmc.loader.impl.launch.knot.KnotServer.main(KnotServer.java:23) ~[fabric-loader-0.18.2.jar:?]
	at net.fabricmc.loader.impl.launch.server.FabricServerLauncher.main(FabricServerLauncher.java:69) ~[fabric-loader-0.18.2.jar:?]
	at net.fabricmc.installer.ServerLauncher.main(ServerLauncher.java:69) ~[fabric-server-launch.jar:1.0.1]
[05:11:36] [main/ERROR]: Parsing error loading recipe mythiclib:topaz_to_netherite_axe_smithing
com.google.gson.JsonSyntaxException: Unknown item 'mythicupgrades:netherite_upgrade_smithing_template'
	at net.minecraft.class_1869.method_17878(class_1869.java:272) ~[server-intermediary.jar:?]
	at java.util.Optional.orElseThrow(Optional.java:403) ~[?:?]
	at net.minecraft.class_1869.method_8155(class_1869.java:272) ~[server-intermediary.jar:?]
	at net.minecraft.class_1856.method_8107(class_1856.java:160) ~[server-intermediary.jar:?]
	at net.minecraft.class_1856.method_8102(class_1856.java:143) ~[server-intermediary.jar:?]
	at net.minecraft.class_1856.method_52177(class_1856.java:135) ~[server-intermediary.jar:?]
	at net.minecraft.class_8060$class_8061.method_48455(class_8060.java:87) ~[server-intermediary.jar:?]
	at net.minecraft.class_8060$class_8061.method_8121(class_8060.java:84) ~[server-intermediary.jar:?]
	at net.minecraft.class_1863.method_17720(class_1863.java:135) ~[server-intermediary.jar:?]
	at net.minecraft.class_1863.method_20705(class_1863.java:56) ~[server-intermediary.jar:?]
	at net.minecraft.class_1863.method_18788(class_1863.java:35) ~[server-intermediary.jar:?]
	at net.minecraft.class_4080.method_18790(class_4080.java:13) ~[server-intermediary.jar:?]
	at java.util.concurrent.CompletableFuture$UniAccept.tryFire(CompletableFuture.java:718) ~[?:?]
	at java.util.concurrent.CompletableFuture$Completion.run(CompletableFuture.java:482) ~[?:?]
	at net.minecraft.class_4014.method_18365(class_4014.java:69) ~[server-intermediary.jar:?]
	at net.minecraft.class_156.method_43498(class_156.java:950) ~[server-intermediary.jar:?]
	at net.minecraft.class_156.method_43499(class_156.java:938) ~[server-intermediary.jar:?]
	at net.minecraft.server.Main.main(Main.java:160) ~[server-intermediary.jar:?]
	at net.fabricmc.loader.impl.game.minecraft.MinecraftGameProvider.launch(MinecraftGameProvider.java:514) ~[fabric-loader-0.18.2.jar:?]
	at net.fabricmc.loader.impl.launch.knot.Knot.launch(Knot.java:72) ~[fabric-loader-0.18.2.jar:?]
	at net.fabricmc.loader.impl.launch.knot.KnotServer.main(KnotServer.java:23) ~[fabric-loader-0.18.2.jar:?]
	at net.fabricmc.loader.impl.launch.server.FabricServerLauncher.main(FabricServerLauncher.java:69) ~[fabric-loader-0.18.2.jar:?]
	at net.fabricmc.installer.ServerLauncher.main(ServerLauncher.java:69) ~[fabric-server-launch.jar:1.0.1]
[05:11:36] [main/ERROR]: Parsing error loading recipe dramaticdoors:tall_chipped_modern_dark_oak_door
com.google.gson.JsonSyntaxException: Unknown item 'chipped:classic_windowed_dark_oak_door'
	at net.minecraft.class_1869.method_17878(class_1869.java:272) ~[server-intermediary.jar:?]
	at java.util.Optional.orElseThrow(Optional.java:403) ~[?:?]
	at net.minecraft.class_1869.method_8155(class_1869.java:272) ~[server-intermediary.jar:?]
	at net.minecraft.class_1856.method_8107(class_1856.java:160) ~[server-intermediary.jar:?]
	at net.minecraft.class_1856.method_8102(class_1856.java:143) ~[server-intermediary.jar:?]
	at net.minecraft.class_1869.method_8157(class_1869.java:252) ~[server-intermediary.jar:?]
	at net.minecraft.class_1869$class_1870.method_8164(class_1869.java:285) ~[server-intermediary.jar:?]
	at net.minecraft.class_1869$class_1870.method_8121(class_1869.java:279) ~[server-intermediary.jar:?]
	at net.minecraft.class_1863.method_17720(class_1863.java:135) ~[server-intermediary.jar:?]
	at net.minecraft.class_1863.method_20705(class_1863.java:56) ~[server-intermediary.jar:?]
	at net.minecraft.class_1863.method_18788(class_1863.java:35) ~[server-intermediary.jar:?]
	at net.minecraft.class_4080.method_18790(class_4080.java:13) ~[server-intermediary.jar:?]
	at java.util.concurrent.CompletableFuture$UniAccept.tryFire(CompletableFuture.java:718) ~[?:?]
	at java.util.concurrent.CompletableFuture$Completion.run(CompletableFuture.java:482) ~[?:?]
	at net.minecraft.class_4014.method_18365(class_4014.java:69) ~[server-intermediary.jar:?]
	at net.minecraft.class_156.method_43498(class_156.java:950) ~[server-intermediary.jar:?]
	at net.minecraft.class_156.method_43499(class_156.java:938) ~[server-intermediary.jar:?]
	at net.minecraft.server.Main.main(Main.java:160) ~[server-intermediary.jar:?]
	at net.fabricmc.loader.impl.game.minecraft.MinecraftGameProvider.launch(MinecraftGameProvider.java:514) ~[fabric-loader-0.18.2.jar:?]
	at net.fabricmc.loader.impl.launch.knot.Knot.launch(Knot.java:72) ~[fabric-loader-0.18.2.jar:?]
	at net.fabricmc.loader.impl.launch.knot.KnotServer.main(KnotServer.java:23) ~[fabric-loader-0.18.2.jar:?]
	at net.fabricmc.loader.impl.launch.server.FabricServerLauncher.main(FabricServerLauncher.java:69) ~[fabric-loader-0.18.2.jar:?]
	at net.fabricmc.installer.ServerLauncher.main(ServerLauncher.java:69) ~[fabric-server-launch.jar:1.0.1]
[05:11:36] [main/ERROR]: Parsing error loading recipe mythiclib:netherite_to_ametrine_boots_smithing
com.google.gson.JsonSyntaxException: Unknown item 'mythicupgrades:netherite_boots'
	at net.minecraft.class_1869.method_17878(class_1869.java:272) ~[server-intermediary.jar:?]
	at java.util.Optional.orElseThrow(Optional.java:403) ~[?:?]
	at net.minecraft.class_1869.method_8155(class_1869.java:272) ~[server-intermediary.jar:?]
	at net.minecraft.class_1856.method_8107(class_1856.java:160) ~[server-intermediary.jar:?]
	at net.minecraft.class_1856.method_8102(class_1856.java:143) ~[server-intermediary.jar:?]
	at net.minecraft.class_1856.method_52177(class_1856.java:135) ~[server-intermediary.jar:?]
	at net.minecraft.class_8060$class_8061.method_48455(class_8060.java:88) ~[server-intermediary.jar:?]
	at net.minecraft.class_8060$class_8061.method_8121(class_8060.java:84) ~[server-intermediary.jar:?]
	at net.minecraft.class_1863.method_17720(class_1863.java:135) ~[server-intermediary.jar:?]
	at net.minecraft.class_1863.method_20705(class_1863.java:56) ~[server-intermediary.jar:?]
	at net.minecraft.class_1863.method_18788(class_1863.java:35) ~[server-intermediary.jar:?]
	at net.minecraft.class_4080.method_18790(class_4080.java:13) ~[server-intermediary.jar:?]
	at java.util.concurrent.CompletableFuture$UniAccept.tryFire(CompletableFuture.java:718) ~[?:?]
	at java.util.concurrent.CompletableFuture$Completion.run(CompletableFuture.java:482) ~[?:?]
	at net.minecraft.class_4014.method_18365(class_4014.java:69) ~[server-intermediary.jar:?]
	at net.minecraft.class_156.method_43498(class_156.java:950) ~[server-intermediary.jar:?]
	at net.minecraft.class_156.method_43499(class_156.java:938) ~[server-intermediary.jar:?]
	at net.minecraft.server.Main.main(Main.java:160) ~[server-intermediary.jar:?]
	at net.fabricmc.loader.impl.game.minecraft.MinecraftGameProvider.launch(MinecraftGameProvider.java:514) ~[fabric-loader-0.18.2.jar:?]
	at net.fabricmc.loader.impl.launch.knot.Knot.launch(Knot.java:72) ~[fabric-loader-0.18.2.jar:?]
	at net.fabricmc.loader.impl.launch.knot.KnotServer.main(KnotServer.java:23) ~[fabric-loader-0.18.2.jar:?]
	at net.fabricmc.loader.impl.launch.server.FabricServerLauncher.main(FabricServerLauncher.java:69) ~[fabric-loader-0.18.2.jar:?]
	at net.fabricmc.installer.ServerLauncher.main(ServerLauncher.java:69) ~[fabric-server-launch.jar:1.0.1]
[05:11:36] [main/ERROR]: Parsing error loading recipe mythiclib:netherite_to_topaz_hoe_smithing
com.google.gson.JsonSyntaxException: Unknown item 'mythicupgrades:netherite_hoe'
	at net.minecraft.class_1869.method_17878(class_1869.java:272) ~[server-intermediary.jar:?]
	at java.util.Optional.orElseThrow(Optional.java:403) ~[?:?]
	at net.minecraft.class_1869.method_8155(class_1869.java:272) ~[server-intermediary.jar:?]
	at net.minecraft.class_1856.method_8107(class_1856.java:160) ~[server-intermediary.jar:?]
	at net.minecraft.class_1856.method_8102(class_1856.java:143) ~[server-intermediary.jar:?]
	at net.minecraft.class_1856.method_52177(class_1856.java:135) ~[server-intermediary.jar:?]
	at net.minecraft.class_8060$class_8061.method_48455(class_8060.java:88) ~[server-intermediary.jar:?]
	at net.minecraft.class_8060$class_8061.method_8121(class_8060.java:84) ~[server-intermediary.jar:?]
	at net.minecraft.class_1863.method_17720(class_1863.java:135) ~[server-intermediary.jar:?]
	at net.minecraft.class_1863.method_20705(class_1863.java:56) ~[server-intermediary.jar:?]
	at net.minecraft.class_1863.method_18788(class_1863.java:35) ~[server-intermediary.jar:?]
	at net.minecraft.class_4080.method_18790(class_4080.java:13) ~[server-intermediary.jar:?]
	at java.util.concurrent.CompletableFuture$UniAccept.tryFire(CompletableFuture.java:718) ~[?:?]
	at java.util.concurrent.CompletableFuture$Completion.run(CompletableFuture.java:482) ~[?:?]
	at net.minecraft.class_4014.method_18365(class_4014.java:69) ~[server-intermediary.jar:?]
	at net.minecraft.class_156.method_43498(class_156.java:950) ~[server-intermediary.jar:?]
	at net.minecraft.class_156.method_43499(class_156.java:938) ~[server-intermediary.jar:?]
	at net.minecraft.server.Main.main(Main.java:160) ~[server-intermediary.jar:?]
	at net.fabricmc.loader.impl.game.minecraft.MinecraftGameProvider.launch(MinecraftGameProvider.java:514) ~[fabric-loader-0.18.2.jar:?]
	at net.fabricmc.loader.impl.launch.knot.Knot.launch(Knot.java:72) ~[fabric-loader-0.18.2.jar:?]
	at net.fabricmc.loader.impl.launch.knot.KnotServer.main(KnotServer.java:23) ~[fabric-loader-0.18.2.jar:?]
	at net.fabricmc.loader.impl.launch.server.FabricServerLauncher.main(FabricServerLauncher.java:69) ~[fabric-loader-0.18.2.jar:?]
	at net.fabricmc.installer.ServerLauncher.main(ServerLauncher.java:69) ~[fabric-server-launch.jar:1.0.1]
[05:11:36] [main/ERROR]: Parsing error loading recipe mythiclib:ametrine_to_netherite_boots_smithing
com.google.gson.JsonSyntaxException: Unknown item 'mythicupgrades:netherite_upgrade_smithing_template'
	at net.minecraft.class_1869.method_17878(class_1869.java:272) ~[server-intermediary.jar:?]
	at java.util.Optional.orElseThrow(Optional.java:403) ~[?:?]
	at net.minecraft.class_1869.method_8155(class_1869.java:272) ~[server-intermediary.jar:?]
	at net.minecraft.class_1856.method_8107(class_1856.java:160) ~[server-intermediary.jar:?]
	at net.minecraft.class_1856.method_8102(class_1856.java:143) ~[server-intermediary.jar:?]
	at net.minecraft.class_1856.method_52177(class_1856.java:135) ~[server-intermediary.jar:?]
	at net.minecraft.class_8060$class_8061.method_48455(class_8060.java:87) ~[server-intermediary.jar:?]
	at net.minecraft.class_8060$class_8061.method_8121(class_8060.java:84) ~[server-intermediary.jar:?]
	at net.minecraft.class_1863.method_17720(class_1863.java:135) ~[server-intermediary.jar:?]
	at net.minecraft.class_1863.method_20705(class_1863.java:56) ~[server-intermediary.jar:?]
	at net.minecraft.class_1863.method_18788(class_1863.java:35) ~[server-intermediary.jar:?]
	at net.minecraft.class_4080.method_18790(class_4080.java:13) ~[server-intermediary.jar:?]
	at java.util.concurrent.CompletableFuture$UniAccept.tryFire(CompletableFuture.java:718) ~[?:?]
	at java.util.concurrent.CompletableFuture$Completion.run(CompletableFuture.java:482) ~[?:?]
	at net.minecraft.class_4014.method_18365(class_4014.java:69) ~[server-intermediary.jar:?]
	at net.minecraft.class_156.method_43498(class_156.java:950) ~[server-intermediary.jar:?]
	at net.minecraft.class_156.method_43499(class_156.java:938) ~[server-intermediary.jar:?]
	at net.minecraft.server.Main.main(Main.java:160) ~[server-intermediary.jar:?]
	at net.fabricmc.loader.impl.game.minecraft.MinecraftGameProvider.launch(MinecraftGameProvider.java:514) ~[fabric-loader-0.18.2.jar:?]
	at net.fabricmc.loader.impl.launch.knot.Knot.launch(Knot.java:72) ~[fabric-loader-0.18.2.jar:?]
	at net.fabricmc.loader.impl.launch.knot.KnotServer.main(KnotServer.java:23) ~[fabric-loader-0.18.2.jar:?]
	at net.fabricmc.loader.impl.launch.server.FabricServerLauncher.main(FabricServerLauncher.java:69) ~[fabric-loader-0.18.2.jar:?]
	at net.fabricmc.installer.ServerLauncher.main(ServerLauncher.java:69) ~[fabric-server-launch.jar:1.0.1]
[05:11:36] [main/INFO]: Loaded 40 recipes
[05:11:36] [main/ERROR]: Failed to load function foxboi_two:search/20_25
java.util.concurrent.CompletionException: java.lang.IllegalArgumentException: Whilst parsing command on line 1: Invalid integer '20.22' at position 38: ...h matches <--[HERE]
	at java.util.concurrent.CompletableFuture.encodeThrowable(CompletableFuture.java:315) ~[?:?]
	at java.util.concurrent.CompletableFuture.completeThrowable(CompletableFuture.java:320) ~[?:?]
	at java.util.concurrent.CompletableFuture$AsyncSupply.run(CompletableFuture.java:1770) ~[?:?]
	at java.util.concurrent.CompletableFuture$AsyncSupply.exec(CompletableFuture.java:1760) ~[?:?]
	at java.util.concurrent.ForkJoinTask.doExec(ForkJoinTask.java:373) ~[?:?]
	at java.util.concurrent.ForkJoinPool$WorkQueue.topLevelExec(ForkJoinPool.java:1182) ~[?:?]
	at java.util.concurrent.ForkJoinPool.scan(ForkJoinPool.java:1655) ~[?:?]
	at java.util.concurrent.ForkJoinPool.runWorker(ForkJoinPool.java:1622) ~[?:?]
	at java.util.concurrent.ForkJoinWorkerThread.run(ForkJoinWorkerThread.java:165) ~[?:?]
Caused by: java.lang.IllegalArgumentException: Whilst parsing command on line 1: Invalid integer '20.22' at position 38: ...h matches <--[HERE]
	at net.minecraft.class_2158.method_9195(class_2158.java:63) ~[server-intermediary.jar:?]
	at net.minecraft.class_5349.method_29451(class_5349.java:83) ~[server-intermediary.jar:?]
	at java.util.concurrent.CompletableFuture$AsyncSupply.run(CompletableFuture.java:1768) ~[?:?]
	... 6 more
[05:11:36] [main/ERROR]: Parsing error loading custom advancement dramaticdoors:recipes/redstone/tall_chipped_modern_birch_door: Unknown item id 'chipped:classic_windowed_birch_door'
[05:11:36] [main/ERROR]: Parsing error loading custom advancement dramaticdoors:recipes/redstone/tall_chipped_shack_mangrove_door: Unknown item id 'chipped:shack_mangrove_door'
[05:11:36] [main/ERROR]: Parsing error loading custom advancement dramaticdoors:recipes/redstone/tall_chipped_modern_jungle_door: Unknown item id 'chipped:classic_windowed_jungle_door'
[05:11:36] [main/ERROR]: Parsing error loading custom advancement explorerscompass:explorers_compass_cobweb: Expected items to be a JsonArray, was "min...eb"
[05:11:36] [main/ERROR]: Parsing error loading custom advancement explorerscompass:explorers_compass_cracked_stone_bricks: Expected items to be a JsonArray, was "min...ks"
[05:11:36] [main/ERROR]: Parsing error loading custom advancement dramaticdoors:recipes/redstone/tall_chipped_modern_crimson_door: Unknown item id 'chipped:classic_windowed_crimson_door'
[05:11:36] [main/ERROR]: Parsing error loading custom advancement dramaticdoors:recipes/redstone/tall_chipped_modern_warped_door: Unknown item id 'chipped:classic_windowed_warped_door'
[05:11:36] [main/ERROR]: Parsing error loading custom advancement dramaticdoors:recipes/redstone/tall_chipped_sliding_warped_door: Unknown item id 'chipped:sliding_warped_door'
[05:11:36] [main/ERROR]: Parsing error loading custom advancement dramaticdoors:recipes/redstone/tall_chipped_screen_mangrove_door: Unknown item id 'chipped:screen_mangrove_door'
[05:11:36] [main/ERROR]: Parsing error loading custom advancement dramaticdoors:recipes/redstone/tall_chipped_modern_spruce_door: Unknown item id 'chipped:classic_windowed_spruce_door'
[05:11:36] [main/ERROR]: Parsing error loading custom advancement dramaticdoors:recipes/redstone/tall_chipped_modern_mangrove_door: Unknown item id 'chipped:classic_windowed_mangrove_door'
[05:11:36] [main/ERROR]: Parsing error loading custom advancement naturescompass:natures_compass: Expected items to be a JsonArray, was "min...ss"
[05:11:36] [main/ERROR]: Parsing error loading custom advancement dramaticdoors:recipes/redstone/tall_chipped_tiled_mangrove_door: Unknown item id 'chipped:tiled_mangrove_door'
[05:11:36] [main/ERROR]: Parsing error loading custom advancement dramaticdoors:recipes/redstone/tall_chipped_modern_dark_oak_door: Unknown item id 'chipped:classic_windowed_dark_oak_door'
[05:11:36] [main/ERROR]: Parsing error loading custom advancement explorerscompass:explorers_compass: Expected items to be a JsonArray, was "min...ss"
[05:11:36] [main/ERROR]: Parsing error loading custom advancement dramaticdoors:recipes/redstone/tall_chipped_modern_acacia_door: Unknown item id 'chipped:classic_windowed_acacia_door'
[05:11:37] [main/INFO]: Loaded 16882 advancements
[05:11:37] [main/INFO]: Registered 0 gear_sets.
[05:11:37] [main/ERROR]: There was a problem reading sub-power "medievalorigins:revenant/poor_reputation_tradingpost" in power file "medievalorigins:revenant/poor_reputation": Error reading data field at block_condition.block: Identifier "tradingpost:trading_post" was not registered in registry "minecraft:block".
[05:11:37] [main/ERROR]: There was a problem reading sub-power "medievalorigins:revenant/poor_reputation_tradingpost_msg" in power file "medievalorigins:revenant/poor_reputation": Error reading data field at block_condition.block: Identifier "tradingpost:trading_post" was not registered in registry "minecraft:block".
[05:11:37] [main/ERROR]: There was a problem reading power file foxboi_two:diet (skipping): Error reading data field at item_condition.conditions.[3]: ItemCondition json type "origins:berries" is not defined.
[05:11:37] [main/ERROR]: There was a problem reading power file medievalorigins:siren/siren_ignore (skipping): Error reading data field at mob_condition.entity_type: Identifier "iceandfire:siren" was not registered in registry "minecraft:entity_type".
[05:11:37] [main/ERROR]: There was a problem reading power file pix:2.1_block_tall (skipping): Error reading data field at scale_types: JSON requires field: scale_types
[05:11:37] [main/ERROR]: There was a problem reading power file medievalorigins:test (skipping): Error reading data field at entity_action.cast_time: JSON requires field: cast_time
[05:11:37] [main/ERROR]: There was a problem reading power file pix:0.5_block_tall (skipping): Error reading data field at scale_types: JSON requires field: scale_types
[05:11:37] [main/ERROR]: There was a problem reading power file origins:swim_speed (skipping): Error reading data field at modifier.attribute: Identifier "additionalentityattributes:water_speed" was not registered in registry "minecraft:attribute".
[05:11:37] [main/ERROR]: There was a problem reading power file medievalorigins:test_2 (skipping): Error reading data field at entity_action.bientity_action.cast_time: JSON requires field: cast_time
[05:11:37] [main/ERROR]: There was a problem reading power file pix:1_block_tall (skipping): Error reading data field at scale_types: JSON requires field: scale_types
[05:11:37] [main/ERROR]: There was a problem reading power file pix:1.1_block_tall (skipping): Error reading data field at scale_types: JSON requires field: scale_types
[05:11:37] [main/ERROR]: There was a problem reading sub-power "medievalorigins:valkyrie/vanquisher_spell_power_forge" in power file "medievalorigins:valkyrie/vanquisher": Error reading data field at attribute: Identifier "irons_spellbooks:holy_spell_power" was not registered in registry "minecraft:attribute".
[05:11:37] [main/INFO]: Finished loading powers from data files. Registry contains 3350 powers.
[05:11:37] [main/ERROR]: Origin "medievalorigins:revenant" contained unregistered power: "origins_survive:sleepless"
[05:11:37] [main/ERROR]: Origin "medievalorigins:gorgon" contained unregistered power: "origins_env_deh:thirst_resistance"
[05:11:37] [main/ERROR]: Origin "aspects:geo/dendro" contained unregistered power: "aspects:suspicious_substance"
[05:11:37] [main/ERROR]: Origin "medievalorigins:high_elf" contained unregistered power: "medievalorigins:high_elf/mana_irons"
[05:11:37] [main/ERROR]: Origin "medievalorigins:high_elf" contained unregistered power: "medievalorigins:high_elf/mana_irons_ars"
[05:11:37] [main/ERROR]: Origin "medievalorigins:high_elf" contained unregistered power: "medievalorigins:high_elf/mana_ars"
[05:11:37] [main/ERROR]: Origin "medievalorigins:banshee" contained unregistered power: "origins_survive:sleepless"
[05:11:37] [main/ERROR]: Origin "pix:goblin" contained unregistered power: "pix:1.1_block_tall"
[05:11:37] [main/ERROR]: Origin "pix:rat_state_8" contained unregistered power: "pix:1_block_tall"
[05:11:37] [main/ERROR]: Origin "pix:rat_state_7" contained unregistered power: "pix:1_block_tall"
[05:11:37] [main/ERROR]: Origin "origins:merling" contained unregistered power: "origins:swim_speed"
[05:11:37] [main/ERROR]: Origin "origins:merling" contained unregistered power: "origins:swim_speed"
[05:11:37] [main/ERROR]: Origin "pix:rat_state_9" contained unregistered power: "pix:1_block_tall"
[05:11:37] [main/ERROR]: Origin "pix:rat_state_9" contained unregistered power: "origins:hydrophobic"
[05:11:37] [main/ERROR]: Origin "pix:rat_state_4" contained unregistered power: "pix:0.5_block_tall"
[05:11:37] [main/ERROR]: Origin "medievalorigins:ogre" contained unregistered power: "origins_survive:illness_resistance"
[05:11:37] [main/ERROR]: Origin "pix:rat_state_3" contained unregistered power: "pix:0.5_block_tall"
[05:11:37] [main/ERROR]: Origin "pix:rat_state_6" contained unregistered power: "pix:1_block_tall"
[05:11:37] [main/ERROR]: Origin "pix:rat_state_5" contained unregistered power: "pix:0.5_block_tall"
[05:11:37] [main/ERROR]: Origin "aqua_chidori:aqua_chidori" contained unregistered power: "origins:swim_speed"
[05:11:37] [main/ERROR]: Origin "sculkedmagpie:craw" contained unregistered power: "sculkedmagpie:takeoff"
[05:11:37] [main/ERROR]: Origin "pix:rat_state_2" contained unregistered power: "pix:0.5_block_tall"
[05:11:37] [main/ERROR]: Origin "pix:rat_state_1" contained unregistered power: "pix:0.5_block_tall"
[05:11:37] [main/ERROR]: Origin "pix:obsidian_golem" contained unregistered power: "pix:2.1_block_tall"
[05:11:37] [main/ERROR]: Origin "pix:rat_state_10" contained unregistered power: "pix:1_block_tall"
[05:11:37] [main/ERROR]: Origin "medievalorigins:siren" contained unregistered power: "medievalorigins:siren/siren_ignore"
[05:11:37] [main/ERROR]: Origin "medievalorigins:siren" contained unregistered power: "origins_env_deh:water_dweller"
[05:11:37] [main/ERROR]: Origin "medievalorigins:siren" contained unregistered power: "origins_env_deh:cold_resistance"
[05:11:37] [main/ERROR]: Origin "medievalorigins:siren" contained unregistered power: "thermoo-patches:cold_immune"
[05:11:37] [main/ERROR]: Origin "medievalorigins:siren" contained unregistered power: "survive:cold_blooded"
[05:11:37] [main/ERROR]: Origin "medievalorigins:incubus" contained unregistered power: "origins_env_deh:heat_resistance"
[05:11:37] [main/ERROR]: Origin "medievalorigins:incubus" contained unregistered power: "thermoo-patches:heat_immune"
[05:11:37] [main/ERROR]: Origin "medievalorigins:incubus" contained unregistered power: "thermoo-patches:cold_vulnerability"
[05:11:37] [main/ERROR]: Origin "medievalorigins:incubus" contained unregistered power: "origins_survive:lava_drinker"
[05:11:37] [main/ERROR]: Origin "medievalorigins:incubus" contained unregistered power: "origins_survive:heat_resistance"
[05:11:37] [main/ERROR]: Origin "medievalorigins:incubus" contained unregistered power: "origins_toughasnails:lava_drinker"
[05:11:37] [main/ERROR]: Origin "medievalorigins:incubus" contained unregistered power: "origins_toughasnails:thermal_regulator"
[05:11:37] [main/ERROR]: Origin "medievalorigins:troll" contained unregistered power: "medievalorigins:troll/spell_power"
[05:11:37] [main/ERROR]: Origin "medievalorigins:troll" contained unregistered power: "origins_env_deh:cold_resistance"
[05:11:37] [main/ERROR]: Origin "medievalorigins:troll" contained unregistered power: "thermoo-patches:cold_immune"
[05:11:37] [main/ERROR]: Origin "medievalorigins:troll" contained unregistered power: "origins_survive:cold_resistance"
[05:11:37] [main/ERROR]: Origin "medievalorigins:troll" contained unregistered power: "origins_toughasnails:cold_resistance"
[05:11:37] [main/ERROR]: Origin "medievalorigins:plague_victim" contained unregistered power: "origins_survive:illness_resistance"
[05:11:37] [main/ERROR]: Origin "apocalypse:myconoid_skulk" contained unregistered power: "apocalypse:myconoids/skulk_primary"
[05:11:37] [main/ERROR]: Origin "medievalorigins:wood_elf" contained unregistered power: "medievalorigins:wood_elf/spell_power"
[05:11:37] [main/ERROR]: Origin "dolphling:dolphling" contained unregistered power: "origins:swim_speed"
[05:11:37] [main/ERROR]: Origin "medievalorigins:moon_elf" contained unregistered power: "origins_survive:sleepless"
[05:11:37] [main/ERROR]: Origin "medievalorigins:yeti" contained unregistered power: "medievalorigins:yeti/spell_power"
[05:11:37] [main/ERROR]: Origin "medievalorigins:yeti" contained unregistered power: "origins_env_deh:cold_resistance"
[05:11:37] [main/ERROR]: Origin "medievalorigins:yeti" contained unregistered power: "thermoo-patches:cold_immune"
[05:11:37] [main/ERROR]: Origin "medievalorigins:yeti" contained unregistered power: "origins_survive:cold_resistance"
[05:11:37] [main/ERROR]: Origin "medievalorigins:yeti" contained unregistered power: "origins_toughasnails:cold_resistance"
[05:11:37] [main/ERROR]: Origin "foxboi_two:foxboi_two" contained unregistered power: "foxboi_two:diet"
[05:11:37] [main/ERROR]: Origin "foxboi_two:foxboi_two" contained unregistered power: "foxboi_two:smolman"
[05:11:37] [main/ERROR]: Origin "pix:underling" contained unregistered power: "pix:1_block_tall"
[05:11:37] [main/INFO]: Finished loading origins from data files. Registry contains 141 origins.
[05:11:37] [main/INFO]: Trying to read layer file: aspects:elements
[05:11:37] [main/INFO]: Trying to read layer file: medievalorigins:magic_subclasses
[05:11:37] [main/INFO]: Trying to read layer file: origins-classes:class
[05:11:37] [main/INFO]: Trying to read layer file: origins-classes:class
[05:11:37] [main/INFO]: Trying to read layer file: origins:apocalypse_hidden
[05:11:37] [main/INFO]: Trying to read layer file: origins:origin
[05:11:37] [main/INFO]: Trying to read layer file: origins:origin
[05:11:37] [main/INFO]: Trying to read layer file: origins:origin
[05:11:37] [main/INFO]: Trying to read layer file: origins:origin
[05:11:37] [main/INFO]: Trying to read layer file: origins:origin
[05:11:37] [main/INFO]: Trying to read layer file: origins:origin
[05:11:37] [main/INFO]: Trying to read layer file: origins:origin
[05:11:37] [main/INFO]: Trying to read layer file: origins:origin
[05:11:37] [main/INFO]: Trying to read layer file: origins:origin
[05:11:37] [main/INFO]: Trying to read layer file: origins:origin
[05:11:37] [main/INFO]: Trying to read layer file: origins:origin
[05:11:37] [main/INFO]: Trying to read layer file: origins:origin
[05:11:37] [main/INFO]: Trying to read layer file: origins:origin
[05:11:37] [main/INFO]: Trying to read layer file: origins:origin
[05:11:37] [main/INFO]: Trying to read layer file: origins:origin
[05:11:37] [main/INFO]: Trying to read layer file: origins:origin
[05:11:37] [main/INFO]: Trying to read layer file: origins:origin
[05:11:37] [main/INFO]: Trying to read layer file: origins:origin
[05:11:37] [main/INFO]: Trying to read layer file: origins:origin
[05:11:37] [main/INFO]: Trying to read layer file: origins:origin
[05:11:37] [main/INFO]: Trying to read layer file: origins:origin
[05:11:37] [main/INFO]: Trying to read layer file: origins:origin
[05:11:37] [main/INFO]: Trying to read layer file: aspects:origins
[05:11:37] [main/INFO]: Trying to read layer file: origins:ordnance_hidden
[05:11:37] [main/INFO]: Finished loading origin layers from data files. Read 7 layers.
[05:11:37] [main/INFO]: [STDOUT]: reading set: gear_core:gear_core_sets/archons_set.json
[05:11:37] [main/INFO]: [STDOUT]: reading set: gear_core:gear_core_sets/celestial_set.json
[05:11:37] [main/INFO]: [STDOUT]: reading set: gear_core:gear_core_sets/champions_set.json
[05:11:37] [main/INFO]: [STDOUT]: reading set: gear_core:gear_core_sets/elementalists_set.json
[05:11:37] [main/INFO]: [STDOUT]: reading set: gear_core:gear_core_sets/eternity_set.json
[05:11:37] [main/INFO]: [STDOUT]: reading set: gear_core:gear_core_sets/hunters_set.json
[05:11:37] [main/INFO]: [STDOUT]: reading set: gear_core:gear_core_sets/lich_kings_set.json
[05:11:37] [main/INFO]: [STDOUT]: reading set: gear_core:gear_core_sets/scholars_set.json
[05:11:37] [main/INFO]: [STDOUT]: reading set: gear_core:gear_core_sets/spellblades_set.json
[05:11:37] [main/INFO]: [STDOUT]: reading set: gear_core:gear_core_sets/void_set.json
[05:11:37] [main/INFO]: [STDOUT]: reading set: gear_core:gear_core_sets/warriors_set.json
[05:11:37] [main/ERROR]: Slab evs:vertical_acacia_slab could not be found.
[05:11:37] [main/ERROR]: Slab evs:vertical_andesite_slab could not be found.
[05:11:37] [main/ERROR]: Slab evs:vertical_bamboo_mosaic_slab could not be found.
[05:11:37] [main/ERROR]: Slab evs:vertical_bamboo_slab could not be found.
[05:11:37] [main/ERROR]: Slab evs:vertical_birch_slab could not be found.
[05:11:37] [main/ERROR]: Slab evs:vertical_blackstone_slab could not be found.
[05:11:37] [main/ERROR]: Slab evs:vertical_brick_slab could not be found.
[05:11:37] [main/ERROR]: Slab evs:vertical_cherry_slab could not be found.
[05:11:37] [main/ERROR]: Slab evs:vertical_cobbled_deepslate_slab could not be found.
[05:11:37] [main/ERROR]: Slab evs:vertical_cobblestone_slab could not be found.
[05:11:37] [main/ERROR]: Slab evs:vertical_crimson_slab could not be found.
[05:11:37] [main/ERROR]: Slab evs:vertical_cut_copper_slab could not be found.
[05:11:37] [main/ERROR]: Slab evs:vertical_cut_red_sandstone_slab could not be found.
[05:11:37] [main/ERROR]: Slab evs:vertical_cut_sandstone_slab could not be found.
[05:11:37] [main/ERROR]: Slab evs:vertical_dark_oak_slab could not be found.
[05:11:37] [main/ERROR]: Slab evs:vertical_dark_prismarine_slab could not be found.
[05:11:37] [main/ERROR]: Slab evs:vertical_deepslate_brick_slab could not be found.
[05:11:37] [main/ERROR]: Slab evs:vertical_deepslate_tile_slab could not be found.
[05:11:37] [main/ERROR]: Slab evs:vertical_diorite_slab could not be found.
[05:11:37] [main/ERROR]: Slab evs:vertical_end_stone_brick_slab could not be found.
[05:11:37] [main/ERROR]: Slab evs:vertical_exposed_cut_copper_slab could not be found.
[05:11:37] [main/ERROR]: Slab evs:vertical_granite_slab could not be found.
[05:11:37] [main/ERROR]: Slab evs:vertical_jungle_slab could not be found.
[05:11:37] [main/ERROR]: Slab evs:vertical_mangrove_slab could not be found.
[05:11:37] [main/ERROR]: Slab evs:vertical_mossy_cobblestone_slab could not be found.
[05:11:37] [main/ERROR]: Slab evs:vertical_mossy_stone_brick_slab could not be found.
[05:11:37] [main/ERROR]: Slab evs:vertical_mud_brick_slab could not be found.
[05:11:37] [main/ERROR]: Slab evs:vertical_nether_brick_slab could not be found.
[05:11:37] [main/ERROR]: Slab evs:vertical_oak_slab could not be found.
[05:11:37] [main/ERROR]: Slab evs:vertical_oxidized_cut_copper_slab could not be found.
[05:11:37] [main/ERROR]: Slab evs:vertical_petrified_oak_slab could not be found.
[05:11:37] [main/ERROR]: Slab evs:vertical_polished_andesite_slab could not be found.
[05:11:37] [main/ERROR]: Slab evs:vertical_polished_blackstone_brick_slab could not be found.
[05:11:37] [main/ERROR]: Slab evs:vertical_polished_blackstone_slab could not be found.
[05:11:37] [main/ERROR]: Slab evs:vertical_polished_deepslate_slab could not be found.
[05:11:37] [main/ERROR]: Slab evs:vertical_polished_diorite_slab could not be found.
[05:11:37] [main/ERROR]: Slab evs:vertical_polished_granite_slab could not be found.
[05:11:37] [main/ERROR]: Slab evs:vertical_prismarine_brick_slab could not be found.
[05:11:37] [main/ERROR]: Slab evs:vertical_prismarine_slab could not be found.
[05:11:37] [main/ERROR]: Slab evs:vertical_purpur_slab could not be found.
[05:11:37] [main/ERROR]: Slab evs:vertical_quartz_slab could not be found.
[05:11:37] [main/ERROR]: Slab evs:vertical_red_nether_brick_slab could not be found.
[05:11:37] [main/ERROR]: Slab evs:vertical_red_sandstone_slab could not be found.
[05:11:37] [main/ERROR]: Slab evs:vertical_sandstone_slab could not be found.
[05:11:37] [main/ERROR]: Slab evs:vertical_smooth_quartz_slab could not be found.
[05:11:37] [main/ERROR]: Slab evs:vertical_smooth_red_sandstone_slab could not be found.
[05:11:37] [main/ERROR]: Slab evs:vertical_smooth_sandstone_slab could not be found.
[05:11:37] [main/ERROR]: Slab evs:vertical_smooth_stone_slab could not be found.
[05:11:37] [main/ERROR]: Slab evs:vertical_spruce_slab could not be found.
[05:11:37] [main/ERROR]: Slab evs:vertical_stone_brick_slab could not be found.
[05:11:37] [main/ERROR]: Slab evs:vertical_stone_slab could not be found.
[05:11:37] [main/ERROR]: Slab evs:vertical_warped_slab could not be found.
[05:11:37] [main/ERROR]: Slab evs:vertical_waxed_cut_copper_slab could not be found.
[05:11:37] [main/ERROR]: Slab evs:vertical_waxed_exposed_cut_copper_slab could not be found.
[05:11:37] [main/ERROR]: Slab evs:vertical_waxed_oxidized_cut_copper_slab could not be found.
[05:11:37] [main/ERROR]: Slab evs:vertical_waxed_weathered_cut_copper_slab could not be found.
[05:11:37] [main/ERROR]: Slab evs:vertical_weathered_cut_copper_slab could not be found.
[05:11:37] [main/WARN]: Could not decode GlobalLootModifier with json id cardiac:life_bottle - error: Unknown registry key in ResourceKey[minecraft:root / porting_lib:global_loot_modifier_serializers]: cardiac:life_bottle
[05:11:37] [main/WARN]: Could not decode GlobalLootModifier with json id doggytalents:rice_from_grass_modifier - error: Unknown registry key in ResourceKey[minecraft:root / porting_lib:global_loot_modifier_serializers]: doggytalents:rice_from_grass
[05:11:37] [main/WARN]: Could not decode GlobalLootModifier with json id doggytalents:soy_from_zombie_modifier - error: Unknown registry key in ResourceKey[minecraft:root / porting_lib:global_loot_modifier_serializers]: doggytalents:soy_from_zombie
[05:11:37] [main/WARN]: Could not decode GlobalLootModifier with json id perfectplushieapi:village_plains_house_loot_rare - error: Unknown registry key in ResourceKey[minecraft:root / porting_lib:global_loot_modifier_serializers]: perfectplushieapi:add_plushie
[05:11:37] [main/WARN]: Could not decode GlobalLootModifier with json id perfectplushieapi:village_desert_house_loot - error: Unknown registry key in ResourceKey[minecraft:root / porting_lib:global_loot_modifier_serializers]: perfectplushieapi:add_plushie
[05:11:37] [main/WARN]: Could not decode GlobalLootModifier with json id perfectplushieapi:archaeology_trail_ruins_rare_loot - error: Unknown registry key in ResourceKey[minecraft:root / porting_lib:global_loot_modifier_serializers]: perfectplushieapi:add_arch_plushie
[05:11:37] [main/WARN]: Could not decode GlobalLootModifier with json id perfectplushieapi:village_tannery_loot - error: Unknown registry key in ResourceKey[minecraft:root / porting_lib:global_loot_modifier_serializers]: perfectplushieapi:add_plushie
[05:11:37] [main/WARN]: Could not decode GlobalLootModifier with json id perfectplushieapi:underwater_ruin_big_loot_rare - error: Unknown registry key in ResourceKey[minecraft:root / porting_lib:global_loot_modifier_serializers]: perfectplushieapi:add_plushie
[05:11:37] [main/WARN]: Could not decode GlobalLootModifier with json id perfectplushieapi:village_weaponsmith_loot - error: Unknown registry key in ResourceKey[minecraft:root / porting_lib:global_loot_modifier_serializers]: perfectplushieapi:add_plushie
[05:11:37] [main/WARN]: Could not decode GlobalLootModifier with json id perfectplushieapi:village_armorer_loot - error: Unknown registry key in ResourceKey[minecraft:root / porting_lib:global_loot_modifier_serializers]: perfectplushieapi:add_plushie
[05:11:37] [main/WARN]: Could not decode GlobalLootModifier with json id perfectplushieapi:village_fisher_loot_rare - error: Unknown registry key in ResourceKey[minecraft:root / porting_lib:global_loot_modifier_serializers]: perfectplushieapi:add_plushie
[05:11:37] [main/WARN]: Could not decode GlobalLootModifier with json id perfectplushieapi:archaeology_desert_pyramid_loot - error: Unknown registry key in ResourceKey[minecraft:root / porting_lib:global_loot_modifier_serializers]: perfectplushieapi:add_arch_plushie
[05:11:37] [main/WARN]: Could not decode GlobalLootModifier with json id perfectplushieapi:village_desert_house_loot_rare - error: Unknown registry key in ResourceKey[minecraft:root / porting_lib:global_loot_modifier_serializers]: perfectplushieapi:add_plushie
[05:11:37] [main/WARN]: Could not decode GlobalLootModifier with json id perfectplushieapi:village_temple_loot_rare - error: Unknown registry key in ResourceKey[minecraft:root / porting_lib:global_loot_modifier_serializers]: perfectplushieapi:add_plushie
[05:11:37] [main/WARN]: Could not decode GlobalLootModifier with json id perfectplushieapi:village_toolsmith_loot_epic - error: Unknown registry key in ResourceKey[minecraft:root / porting_lib:global_loot_modifier_serializers]: perfectplushieapi:add_plushie
[05:11:37] [main/WARN]: Could not decode GlobalLootModifier with json id perfectplushieapi:village_plains_house_loot - error: Unknown registry key in ResourceKey[minecraft:root / porting_lib:global_loot_modifier_serializers]: perfectplushieapi:add_plushie
[05:11:37] [main/WARN]: Could not decode GlobalLootModifier with json id perfectplushieapi:village_savanna_house_loot_rare - error: Unknown registry key in ResourceKey[minecraft:root / porting_lib:global_loot_modifier_serializers]: perfectplushieapi:add_plushie
[05:11:37] [main/WARN]: Could not decode GlobalLootModifier with json id perfectplushieapi:shipwreck_treasure_loot_epic - error: Unknown registry key in ResourceKey[minecraft:root / porting_lib:global_loot_modifier_serializers]: perfectplushieapi:add_plushie
[05:11:37] [main/WARN]: Could not decode GlobalLootModifier with json id perfectplushieapi:underwater_ruin_big_loot_epic - error: Unknown registry key in ResourceKey[minecraft:root / porting_lib:global_loot_modifier_serializers]: perfectplushieapi:add_plushie
[05:11:37] [main/WARN]: Could not decode GlobalLootModifier with json id perfectplushieapi:archaeology_ocean_ruin_cold_loot - error: Unknown registry key in ResourceKey[minecraft:root / porting_lib:global_loot_modifier_serializers]: perfectplushieapi:add_arch_plushie
[05:11:37] [main/WARN]: Could not decode GlobalLootModifier with json id perfectplushieapi:village_shepherd_loot_rare - error: Unknown registry key in ResourceKey[minecraft:root / porting_lib:global_loot_modifier_serializers]: perfectplushieapi:add_plushie
[05:11:37] [main/WARN]: Could not decode GlobalLootModifier with json id perfectplushieapi:village_butcher_loot - error: Unknown registry key in ResourceKey[minecraft:root / porting_lib:global_loot_modifier_serializers]: perfectplushieapi:add_plushie
[05:11:37] [main/WARN]: Could not decode GlobalLootModifier with json id perfectplushieapi:village_snowy_house_loot_rare - error: Unknown registry key in ResourceKey[minecraft:root / porting_lib:global_loot_modifier_serializers]: perfectplushieapi:add_plushie
[05:11:37] [main/WARN]: Could not decode GlobalLootModifier with json id perfectplushieapi:archaeology_ocean_ruin_warm_loot - error: Unknown registry key in ResourceKey[minecraft:root / porting_lib:global_loot_modifier_serializers]: perfectplushieapi:add_arch_plushie
[05:11:37] [main/WARN]: Could not decode GlobalLootModifier with json id perfectplushieapi:village_taiga_house_loot_rare - error: Unknown registry key in ResourceKey[minecraft:root / porting_lib:global_loot_modifier_serializers]: perfectplushieapi:add_plushie
[05:11:37] [main/WARN]: Could not decode GlobalLootModifier with json id perfectplushieapi:simple_dungeon_loot_epic - error: Unknown registry key in ResourceKey[minecraft:root / porting_lib:global_loot_modifier_serializers]: perfectplushieapi:add_plushie
[05:11:37] [main/WARN]: Could not decode GlobalLootModifier with json id perfectplushieapi:village_cartographer_loot_epic - error: Unknown registry key in ResourceKey[minecraft:root / porting_lib:global_loot_modifier_serializers]: perfectplushieapi:add_plushie
[05:11:37] [main/WARN]: Could not decode GlobalLootModifier with json id perfectplushieapi:village_taiga_house_loot_epic - error: Unknown registry key in ResourceKey[minecraft:root / porting_lib:global_loot_modifier_serializers]: perfectplushieapi:add_plushie
[05:11:37] [main/WARN]: Could not decode GlobalLootModifier with json id perfectplushieapi:village_taiga_house_loot - error: Unknown registry key in ResourceKey[minecraft:root / porting_lib:global_loot_modifier_serializers]: perfectplushieapi:add_plushie
[05:11:37] [main/WARN]: Could not decode GlobalLootModifier with json id perfectplushieapi:archaeology_desert_well_loot - error: Unknown registry key in ResourceKey[minecraft:root / porting_lib:global_loot_modifier_serializers]: perfectplushieapi:add_arch_plushie
[05:11:37] [main/WARN]: Could not decode GlobalLootModifier with json id perfectplushieapi:village_savanna_house_loot_epic - error: Unknown registry key in ResourceKey[minecraft:root / porting_lib:global_loot_modifier_serializers]: perfectplushieapi:add_plushie
[05:11:37] [main/WARN]: Could not decode GlobalLootModifier with json id perfectplushieapi:village_butcher_loot_rare - error: Unknown registry key in ResourceKey[minecraft:root / porting_lib:global_loot_modifier_serializers]: perfectplushieapi:add_plushie
[05:11:37] [main/WARN]: Could not decode GlobalLootModifier with json id perfectplushieapi:village_mason_loot - error: Unknown registry key in ResourceKey[minecraft:root / porting_lib:global_loot_modifier_serializers]: perfectplushieapi:add_plushie
[05:11:37] [main/WARN]: Could not decode GlobalLootModifier with json id perfectplushieapi:village_snowy_house_loot_epic - error: Unknown registry key in ResourceKey[minecraft:root / porting_lib:global_loot_modifier_serializers]: perfectplushieapi:add_plushie
[05:11:37] [main/WARN]: Could not decode GlobalLootModifier with json id perfectplushieapi:underwater_ruin_small_loot_rare - error: Unknown registry key in ResourceKey[minecraft:root / porting_lib:global_loot_modifier_serializers]: perfectplushieapi:add_plushie
[05:11:37] [main/WARN]: Could not decode GlobalLootModifier with json id perfectplushieapi:village_shepherd_loot - error: Unknown registry key in ResourceKey[minecraft:root / porting_lib:global_loot_modifier_serializers]: perfectplushieapi:add_plushie
[05:11:37] [main/WARN]: Could not decode GlobalLootModifier with json id perfectplushieapi:village_shepherd_loot_epic - error: Unknown registry key in ResourceKey[minecraft:root / porting_lib:global_loot_modifier_serializers]: perfectplushieapi:add_plushie
[05:11:37] [main/WARN]: Could not decode GlobalLootModifier with json id perfectplushieapi:village_toolsmith_loot_rare - error: Unknown registry key in ResourceKey[minecraft:root / porting_lib:global_loot_modifier_serializers]: perfectplushieapi:add_plushie
[05:11:37] [main/WARN]: Could not decode GlobalLootModifier with json id perfectplushieapi:simple_dungeon_loot_rare - error: Unknown registry key in ResourceKey[minecraft:root / porting_lib:global_loot_modifier_serializers]: perfectplushieapi:add_plushie
[05:11:37] [main/WARN]: Could not decode GlobalLootModifier with json id perfectplushieapi:underwater_ruin_small_loot_epic - error: Unknown registry key in ResourceKey[minecraft:root / porting_lib:global_loot_modifier_serializers]: perfectplushieapi:add_plushie
[05:11:37] [main/WARN]: Could not decode GlobalLootModifier with json id perfectplushieapi:village_weaponsmith_loot_epic - error: Unknown registry key in ResourceKey[minecraft:root / porting_lib:global_loot_modifier_serializers]: perfectplushieapi:add_plushie
[05:11:37] [main/WARN]: Could not decode GlobalLootModifier with json id perfectplushieapi:archaeology_trail_ruins_common_loot - error: Unknown registry key in ResourceKey[minecraft:root / porting_lib:global_loot_modifier_serializers]: perfectplushieapi:add_arch_plushie
[05:11:37] [main/WARN]: Could not decode GlobalLootModifier with json id perfectplushieapi:underwater_ruin_small_loot - error: Unknown registry key in ResourceKey[minecraft:root / porting_lib:global_loot_modifier_serializers]: perfectplushieapi:add_plushie
[05:11:37] [main/WARN]: Could not decode GlobalLootModifier with json id perfectplushieapi:village_mason_loot_rare - error: Unknown registry key in ResourceKey[minecraft:root / porting_lib:global_loot_modifier_serializers]: perfectplushieapi:add_plushie
[05:11:37] [main/WARN]: Could not decode GlobalLootModifier with json id perfectplushieapi:village_toolsmith_loot - error: Unknown registry key in ResourceKey[minecraft:root / porting_lib:global_loot_modifier_serializers]: perfectplushieapi:add_plushie
[05:11:37] [main/WARN]: Could not decode GlobalLootModifier with json id perfectplushieapi:village_cartographer_loot_rare - error: Unknown registry key in ResourceKey[minecraft:root / porting_lib:global_loot_modifier_serializers]: perfectplushieapi:add_plushie
[05:11:37] [main/WARN]: Could not decode GlobalLootModifier with json id perfectplushieapi:village_mason_loot_epic - error: Unknown registry key in ResourceKey[minecraft:root / porting_lib:global_loot_modifier_serializers]: perfectplushieapi:add_plushie
[05:11:37] [main/WARN]: Could not decode GlobalLootModifier with json id perfectplushieapi:village_butcher_loot_epic - error: Unknown registry key in ResourceKey[minecraft:root / porting_lib:global_loot_modifier_serializers]: perfectplushieapi:add_plushie
[05:11:37] [main/WARN]: Could not decode GlobalLootModifier with json id perfectplushieapi:village_armorer_loot_epic - error: Unknown registry key in ResourceKey[minecraft:root / porting_lib:global_loot_modifier_serializers]: perfectplushieapi:add_plushie
[05:11:37] [main/WARN]: Could not decode GlobalLootModifier with json id perfectplushieapi:village_fisher_loot - error: Unknown registry key in ResourceKey[minecraft:root / porting_lib:global_loot_modifier_serializers]: perfectplushieapi:add_plushie
[05:11:37] [main/WARN]: Could not decode GlobalLootModifier with json id perfectplushieapi:village_tannery_loot_epic - error: Unknown registry key in ResourceKey[minecraft:root / porting_lib:global_loot_modifier_serializers]: perfectplushieapi:add_plushie
[05:11:37] [main/WARN]: Could not decode GlobalLootModifier with json id perfectplushieapi:shipwreck_treasure_loot_rare - error: Unknown registry key in ResourceKey[minecraft:root / porting_lib:global_loot_modifier_serializers]: perfectplushieapi:add_plushie
[05:11:37] [main/WARN]: Could not decode GlobalLootModifier with json id perfectplushieapi:village_armorer_loot_rare - error: Unknown registry key in ResourceKey[minecraft:root / porting_lib:global_loot_modifier_serializers]: perfectplushieapi:add_plushie
[05:11:37] [main/WARN]: Could not decode GlobalLootModifier with json id perfectplushieapi:village_desert_house_loot_epic - error: Unknown registry key in ResourceKey[minecraft:root / porting_lib:global_loot_modifier_serializers]: perfectplushieapi:add_plushie
[05:11:37] [main/WARN]: Could not decode GlobalLootModifier with json id perfectplushieapi:buried_treasure_loot - error: Unknown registry key in ResourceKey[minecraft:root / porting_lib:global_loot_modifier_serializers]: perfectplushieapi:add_plushie
[05:11:37] [main/WARN]: Could not decode GlobalLootModifier with json id perfectplushieapi:village_fisher_loot_epic - error: Unknown registry key in ResourceKey[minecraft:root / porting_lib:global_loot_modifier_serializers]: perfectplushieapi:add_plushie
[05:11:37] [main/WARN]: Could not decode GlobalLootModifier with json id perfectplushieapi:village_cartographer_loot - error: Unknown registry key in ResourceKey[minecraft:root / porting_lib:global_loot_modifier_serializers]: perfectplushieapi:add_plushie
[05:11:37] [main/WARN]: Could not decode GlobalLootModifier with json id perfectplushieapi:buried_treasure_loot_epic - error: Unknown registry key in ResourceKey[minecraft:root / porting_lib:global_loot_modifier_serializers]: perfectplushieapi:add_plushie
[05:11:37] [main/WARN]: Could not decode GlobalLootModifier with json id perfectplushieapi:village_plains_house_loot_epic - error: Unknown registry key in ResourceKey[minecraft:root / porting_lib:global_loot_modifier_serializers]: perfectplushieapi:add_plushie
[05:11:37] [main/WARN]: Could not decode GlobalLootModifier with json id perfectplushieapi:village_snowy_house_loot - error: Unknown registry key in ResourceKey[minecraft:root / porting_lib:global_loot_modifier_serializers]: perfectplushieapi:add_plushie
[05:11:37] [main/WARN]: Could not decode GlobalLootModifier with json id perfectplushieapi:buried_treasure_loot_rare - error: Unknown registry key in ResourceKey[minecraft:root / porting_lib:global_loot_modifier_serializers]: perfectplushieapi:add_plushie
[05:11:37] [main/WARN]: Could not decode GlobalLootModifier with json id perfectplushieapi:shipwreck_treasure_loot - error: Unknown registry key in ResourceKey[minecraft:root / porting_lib:global_loot_modifier_serializers]: perfectplushieapi:add_plushie
[05:11:37] [main/WARN]: Could not decode GlobalLootModifier with json id perfectplushieapi:underwater_ruin_big_loot - error: Unknown registry key in ResourceKey[minecraft:root / porting_lib:global_loot_modifier_serializers]: perfectplushieapi:add_plushie
[05:11:37] [main/WARN]: Could not decode GlobalLootModifier with json id perfectplushieapi:village_weaponsmith_loot_rare - error: Unknown registry key in ResourceKey[minecraft:root / porting_lib:global_loot_modifier_serializers]: perfectplushieapi:add_plushie
[05:11:37] [main/WARN]: Could not decode GlobalLootModifier with json id perfectplushieapi:village_savanna_house_loot - error: Unknown registry key in ResourceKey[minecraft:root / porting_lib:global_loot_modifier_serializers]: perfectplushieapi:add_plushie
[05:11:37] [main/WARN]: Could not decode GlobalLootModifier with json id perfectplushieapi:simple_dungeon_loot - error: Unknown registry key in ResourceKey[minecraft:root / porting_lib:global_loot_modifier_serializers]: perfectplushieapi:add_plushie
[05:11:37] [main/WARN]: Could not decode GlobalLootModifier with json id perfectplushieapi:village_tannery_loot_rare - error: Unknown registry key in ResourceKey[minecraft:root / porting_lib:global_loot_modifier_serializers]: perfectplushieapi:add_plushie
[05:11:37] [main/WARN]: Could not decode GlobalLootModifier with json id perfectplushieapi:village_temple_loot_epic - error: Unknown registry key in ResourceKey[minecraft:root / porting_lib:global_loot_modifier_serializers]: perfectplushieapi:add_plushie
[05:11:37] [main/WARN]: Could not decode GlobalLootModifier with json id perfectplushieapi:village_temple_loot - error: Unknown registry key in ResourceKey[minecraft:root / porting_lib:global_loot_modifier_serializers]: perfectplushieapi:add_plushie
[05:11:37] [main/INFO]: [Fabric Seasons] Successfully loaded 118 custom crop configs.
[05:11:37] [ForkJoinPool.commonPool-worker-1/INFO]: Loaded 685 translation keys
[05:11:37] [main/INFO]: Loaded 294 recipes
[05:11:37] [main/INFO]: Resource tiered:reforge_items/archerreforges1.json was not loaded cause archers:netherite_rapid_shortbow is not a valid item identifier
[05:11:37] [main/INFO]: Resource tiered:reforge_items/archerreforges1.json was not loaded cause archers:netherite_heavy_shortbow is not a valid item identifier
[05:11:37] [main/INFO]: Resource tiered:reforge_items/compat_mutantmonsters.json was not loaded cause mutantmonsters:mutant_skeleton_skull is not a valid item identifier
[05:11:37] [main/INFO]: Resource tiered:reforge_items/compat_mutantmonsters.json was not loaded cause mutantmonsters:mutant_skeleton_chestplate is not a valid item identifier
[05:11:37] [main/INFO]: Resource tiered:reforge_items/compat_mutantmonsters.json was not loaded cause mutantmonsters:mutant_skeleton_leggings is not a valid item identifier
[05:11:37] [main/INFO]: Resource tiered:reforge_items/compat_mutantmonsters.json was not loaded cause mutantmonsters:mutant_skeleton_boots is not a valid item identifier
[05:11:37] [main/INFO]: Resource tiered:reforge_items/crossbow.json was not loaded cause archers:mechanical_shortbow is not a valid item identifier
[05:11:37] [main/ERROR]: Failed to load trade goblintraders:goblin_trader/uncommon
com.google.gson.JsonSyntaxException: Missing tiers
	at net.minecraft.class_3518.method_15272(class_3518.java:473) ~[server-intermediary.jar:?]
	at me.drex.villagerconfig.data.TradeTable$Serializer.deserialize(TradeTable.java:45) ~[villagerconfig-4.1.2+1.20.1.jar:?]
	at me.drex.villagerconfig.data.TradeTable$Serializer.deserialize(TradeTable.java:40) ~[villagerconfig-4.1.2+1.20.1.jar:?]
	at com.google.gson.internal.bind.TreeTypeAdapter.read(TreeTypeAdapter.java:76) ~[gson-2.10.jar:?]
	at com.google.gson.Gson.fromJson(Gson.java:1214) ~[gson-2.10.jar:?]
	at com.google.gson.Gson.fromJson(Gson.java:1319) ~[gson-2.10.jar:?]
	at com.google.gson.Gson.fromJson(Gson.java:1261) ~[gson-2.10.jar:?]
	at me.drex.villagerconfig.util.TradeManager.lambda$apply$0(TradeManager.java:40) ~[villagerconfig-4.1.2+1.20.1.jar:?]
	at java.util.HashMap.forEach(HashMap.java:1421) ~[?:?]
	at me.drex.villagerconfig.util.TradeManager.apply(TradeManager.java:38) ~[villagerconfig-4.1.2+1.20.1.jar:?]
	at me.drex.villagerconfig.util.TradeManager.method_18788(TradeManager.java:19) ~[villagerconfig-4.1.2+1.20.1.jar:?]
	at net.minecraft.class_4080.method_18790(class_4080.java:13) ~[server-intermediary.jar:?]
	at java.util.concurrent.CompletableFuture$UniAccept.tryFire(CompletableFuture.java:718) ~[?:?]
	at java.util.concurrent.CompletableFuture$Completion.run(CompletableFuture.java:482) ~[?:?]
	at net.minecraft.class_4014.method_18365(class_4014.java:69) ~[server-intermediary.jar:?]
	at net.minecraft.class_156.method_43498(class_156.java:950) ~[server-intermediary.jar:?]
	at net.minecraft.class_156.method_43499(class_156.java:938) ~[server-intermediary.jar:?]
	at net.minecraft.server.Main.main(Main.java:160) ~[server-intermediary.jar:?]
	at net.fabricmc.loader.impl.game.minecraft.MinecraftGameProvider.launch(MinecraftGameProvider.java:514) ~[fabric-loader-0.18.2.jar:?]
	at net.fabricmc.loader.impl.launch.knot.Knot.launch(Knot.java:72) ~[fabric-loader-0.18.2.jar:?]
	at net.fabricmc.loader.impl.launch.knot.KnotServer.main(KnotServer.java:23) ~[fabric-loader-0.18.2.jar:?]
	at net.fabricmc.loader.impl.launch.server.FabricServerLauncher.main(FabricServerLauncher.java:69) ~[fabric-loader-0.18.2.jar:?]
	at net.fabricmc.installer.ServerLauncher.main(ServerLauncher.java:69) ~[fabric-server-launch.jar:1.0.1]
[05:11:37] [main/ERROR]: Failed to load trade goblintraders:vein_goblin_trader/rare
com.google.gson.JsonSyntaxException: Missing tiers
	at net.minecraft.class_3518.method_15272(class_3518.java:473) ~[server-intermediary.jar:?]
	at me.drex.villagerconfig.data.TradeTable$Serializer.deserialize(TradeTable.java:45) ~[villagerconfig-4.1.2+1.20.1.jar:?]
	at me.drex.villagerconfig.data.TradeTable$Serializer.deserialize(TradeTable.java:40) ~[villagerconfig-4.1.2+1.20.1.jar:?]
	at com.google.gson.internal.bind.TreeTypeAdapter.read(TreeTypeAdapter.java:76) ~[gson-2.10.jar:?]
	at com.google.gson.Gson.fromJson(Gson.java:1214) ~[gson-2.10.jar:?]
	at com.google.gson.Gson.fromJson(Gson.java:1319) ~[gson-2.10.jar:?]
	at com.google.gson.Gson.fromJson(Gson.java:1261) ~[gson-2.10.jar:?]
	at me.drex.villagerconfig.util.TradeManager.lambda$apply$0(TradeManager.java:40) ~[villagerconfig-4.1.2+1.20.1.jar:?]
	at java.util.HashMap.forEach(HashMap.java:1421) ~[?:?]
	at me.drex.villagerconfig.util.TradeManager.apply(TradeManager.java:38) ~[villagerconfig-4.1.2+1.20.1.jar:?]
	at me.drex.villagerconfig.util.TradeManager.method_18788(TradeManager.java:19) ~[villagerconfig-4.1.2+1.20.1.jar:?]
	at net.minecraft.class_4080.method_18790(class_4080.java:13) ~[server-intermediary.jar:?]
	at java.util.concurrent.CompletableFuture$UniAccept.tryFire(CompletableFuture.java:718) ~[?:?]
	at java.util.concurrent.CompletableFuture$Completion.run(CompletableFuture.java:482) ~[?:?]
	at net.minecraft.class_4014.method_18365(class_4014.java:69) ~[server-intermediary.jar:?]
	at net.minecraft.class_156.method_43498(class_156.java:950) ~[server-intermediary.jar:?]
	at net.minecraft.class_156.method_43499(class_156.java:938) ~[server-intermediary.jar:?]
	at net.minecraft.server.Main.main(Main.java:160) ~[server-intermediary.jar:?]
	at net.fabricmc.loader.impl.game.minecraft.MinecraftGameProvider.launch(MinecraftGameProvider.java:514) ~[fabric-loader-0.18.2.jar:?]
	at net.fabricmc.loader.impl.launch.knot.Knot.launch(Knot.java:72) ~[fabric-loader-0.18.2.jar:?]
	at net.fabricmc.loader.impl.launch.knot.KnotServer.main(KnotServer.java:23) ~[fabric-loader-0.18.2.jar:?]
	at net.fabricmc.loader.impl.launch.server.FabricServerLauncher.main(FabricServerLauncher.java:69) ~[fabric-loader-0.18.2.jar:?]
	at net.fabricmc.installer.ServerLauncher.main(ServerLauncher.java:69) ~[fabric-server-launch.jar:1.0.1]
[05:11:37] [main/ERROR]: Failed to load trade goblintraders:goblin_trader/rare
com.google.gson.JsonSyntaxException: Missing tiers
	at net.minecraft.class_3518.method_15272(class_3518.java:473) ~[server-intermediary.jar:?]
	at me.drex.villagerconfig.data.TradeTable$Serializer.deserialize(TradeTable.java:45) ~[villagerconfig-4.1.2+1.20.1.jar:?]
	at me.drex.villagerconfig.data.TradeTable$Serializer.deserialize(TradeTable.java:40) ~[villagerconfig-4.1.2+1.20.1.jar:?]
	at com.google.gson.internal.bind.TreeTypeAdapter.read(TreeTypeAdapter.java:76) ~[gson-2.10.jar:?]
	at com.google.gson.Gson.fromJson(Gson.java:1214) ~[gson-2.10.jar:?]
	at com.google.gson.Gson.fromJson(Gson.java:1319) ~[gson-2.10.jar:?]
	at com.google.gson.Gson.fromJson(Gson.java:1261) ~[gson-2.10.jar:?]
	at me.drex.villagerconfig.util.TradeManager.lambda$apply$0(TradeManager.java:40) ~[villagerconfig-4.1.2+1.20.1.jar:?]
	at java.util.HashMap.forEach(HashMap.java:1421) ~[?:?]
	at me.drex.villagerconfig.util.TradeManager.apply(TradeManager.java:38) ~[villagerconfig-4.1.2+1.20.1.jar:?]
	at me.drex.villagerconfig.util.TradeManager.method_18788(TradeManager.java:19) ~[villagerconfig-4.1.2+1.20.1.jar:?]
	at net.minecraft.class_4080.method_18790(class_4080.java:13) ~[server-intermediary.jar:?]
	at java.util.concurrent.CompletableFuture$UniAccept.tryFire(CompletableFuture.java:718) ~[?:?]
	at java.util.concurrent.CompletableFuture$Completion.run(CompletableFuture.java:482) ~[?:?]
	at net.minecraft.class_4014.method_18365(class_4014.java:69) ~[server-intermediary.jar:?]
	at net.minecraft.class_156.method_43498(class_156.java:950) ~[server-intermediary.jar:?]
	at net.minecraft.class_156.method_43499(class_156.java:938) ~[server-intermediary.jar:?]
	at net.minecraft.server.Main.main(Main.java:160) ~[server-intermediary.jar:?]
	at net.fabricmc.loader.impl.game.minecraft.MinecraftGameProvider.launch(MinecraftGameProvider.java:514) ~[fabric-loader-0.18.2.jar:?]
	at net.fabricmc.loader.impl.launch.knot.Knot.launch(Knot.java:72) ~[fabric-loader-0.18.2.jar:?]
	at net.fabricmc.loader.impl.launch.knot.KnotServer.main(KnotServer.java:23) ~[fabric-loader-0.18.2.jar:?]
	at net.fabricmc.loader.impl.launch.server.FabricServerLauncher.main(FabricServerLauncher.java:69) ~[fabric-loader-0.18.2.jar:?]
	at net.fabricmc.installer.ServerLauncher.main(ServerLauncher.java:69) ~[fabric-server-launch.jar:1.0.1]
[05:11:37] [main/ERROR]: Failed to load trade goblintraders:goblin_trader/legendary
com.google.gson.JsonSyntaxException: Missing tiers
	at net.minecraft.class_3518.method_15272(class_3518.java:473) ~[server-intermediary.jar:?]
	at me.drex.villagerconfig.data.TradeTable$Serializer.deserialize(TradeTable.java:45) ~[villagerconfig-4.1.2+1.20.1.jar:?]
	at me.drex.villagerconfig.data.TradeTable$Serializer.deserialize(TradeTable.java:40) ~[villagerconfig-4.1.2+1.20.1.jar:?]
	at com.google.gson.internal.bind.TreeTypeAdapter.read(TreeTypeAdapter.java:76) ~[gson-2.10.jar:?]
	at com.google.gson.Gson.fromJson(Gson.java:1214) ~[gson-2.10.jar:?]
	at com.google.gson.Gson.fromJson(Gson.java:1319) ~[gson-2.10.jar:?]
	at com.google.gson.Gson.fromJson(Gson.java:1261) ~[gson-2.10.jar:?]
	at me.drex.villagerconfig.util.TradeManager.lambda$apply$0(TradeManager.java:40) ~[villagerconfig-4.1.2+1.20.1.jar:?]
	at java.util.HashMap.forEach(HashMap.java:1421) ~[?:?]
	at me.drex.villagerconfig.util.TradeManager.apply(TradeManager.java:38) ~[villagerconfig-4.1.2+1.20.1.jar:?]
	at me.drex.villagerconfig.util.TradeManager.method_18788(TradeManager.java:19) ~[villagerconfig-4.1.2+1.20.1.jar:?]
	at net.minecraft.class_4080.method_18790(class_4080.java:13) ~[server-intermediary.jar:?]
	at java.util.concurrent.CompletableFuture$UniAccept.tryFire(CompletableFuture.java:718) ~[?:?]
	at java.util.concurrent.CompletableFuture$Completion.run(CompletableFuture.java:482) ~[?:?]
	at net.minecraft.class_4014.method_18365(class_4014.java:69) ~[server-intermediary.jar:?]
	at net.minecraft.class_156.method_43498(class_156.java:950) ~[server-intermediary.jar:?]
	at net.minecraft.class_156.method_43499(class_156.java:938) ~[server-intermediary.jar:?]
	at net.minecraft.server.Main.main(Main.java:160) ~[server-intermediary.jar:?]
	at net.fabricmc.loader.impl.game.minecraft.MinecraftGameProvider.launch(MinecraftGameProvider.java:514) ~[fabric-loader-0.18.2.jar:?]
	at net.fabricmc.loader.impl.launch.knot.Knot.launch(Knot.java:72) ~[fabric-loader-0.18.2.jar:?]
	at net.fabricmc.loader.impl.launch.knot.KnotServer.main(KnotServer.java:23) ~[fabric-loader-0.18.2.jar:?]
	at net.fabricmc.loader.impl.launch.server.FabricServerLauncher.main(FabricServerLauncher.java:69) ~[fabric-loader-0.18.2.jar:?]
	at net.fabricmc.installer.ServerLauncher.main(ServerLauncher.java:69) ~[fabric-server-launch.jar:1.0.1]
[05:11:37] [main/ERROR]: Failed to load trade goblintraders:vein_goblin_trader/legendary
com.google.gson.JsonSyntaxException: Missing tiers
	at net.minecraft.class_3518.method_15272(class_3518.java:473) ~[server-intermediary.jar:?]
	at me.drex.villagerconfig.data.TradeTable$Serializer.deserialize(TradeTable.java:45) ~[villagerconfig-4.1.2+1.20.1.jar:?]
	at me.drex.villagerconfig.data.TradeTable$Serializer.deserialize(TradeTable.java:40) ~[villagerconfig-4.1.2+1.20.1.jar:?]
	at com.google.gson.internal.bind.TreeTypeAdapter.read(TreeTypeAdapter.java:76) ~[gson-2.10.jar:?]
	at com.google.gson.Gson.fromJson(Gson.java:1214) ~[gson-2.10.jar:?]
	at com.google.gson.Gson.fromJson(Gson.java:1319) ~[gson-2.10.jar:?]
	at com.google.gson.Gson.fromJson(Gson.java:1261) ~[gson-2.10.jar:?]
	at me.drex.villagerconfig.util.TradeManager.lambda$apply$0(TradeManager.java:40) ~[villagerconfig-4.1.2+1.20.1.jar:?]
	at java.util.HashMap.forEach(HashMap.java:1421) ~[?:?]
	at me.drex.villagerconfig.util.TradeManager.apply(TradeManager.java:38) ~[villagerconfig-4.1.2+1.20.1.jar:?]
	at me.drex.villagerconfig.util.TradeManager.method_18788(TradeManager.java:19) ~[villagerconfig-4.1.2+1.20.1.jar:?]
	at net.minecraft.class_4080.method_18790(class_4080.java:13) ~[server-intermediary.jar:?]
	at java.util.concurrent.CompletableFuture$UniAccept.tryFire(CompletableFuture.java:718) ~[?:?]
	at java.util.concurrent.CompletableFuture$Completion.run(CompletableFuture.java:482) ~[?:?]
	at net.minecraft.class_4014.method_18365(class_4014.java:69) ~[server-intermediary.jar:?]
	at net.minecraft.class_156.method_43498(class_156.java:950) ~[server-intermediary.jar:?]
	at net.minecraft.class_156.method_43499(class_156.java:938) ~[server-intermediary.jar:?]
	at net.minecraft.server.Main.main(Main.java:160) ~[server-intermediary.jar:?]
	at net.fabricmc.loader.impl.game.minecraft.MinecraftGameProvider.launch(MinecraftGameProvider.java:514) ~[fabric-loader-0.18.2.jar:?]
	at net.fabricmc.loader.impl.launch.knot.Knot.launch(Knot.java:72) ~[fabric-loader-0.18.2.jar:?]
	at net.fabricmc.loader.impl.launch.knot.KnotServer.main(KnotServer.java:23) ~[fabric-loader-0.18.2.jar:?]
	at net.fabricmc.loader.impl.launch.server.FabricServerLauncher.main(FabricServerLauncher.java:69) ~[fabric-loader-0.18.2.jar:?]
	at net.fabricmc.installer.ServerLauncher.main(ServerLauncher.java:69) ~[fabric-server-launch.jar:1.0.1]
[05:11:37] [main/ERROR]: Failed to load trade goblintraders:vein_goblin_trader/uncommon
com.google.gson.JsonSyntaxException: Missing tiers
	at net.minecraft.class_3518.method_15272(class_3518.java:473) ~[server-intermediary.jar:?]
	at me.drex.villagerconfig.data.TradeTable$Serializer.deserialize(TradeTable.java:45) ~[villagerconfig-4.1.2+1.20.1.jar:?]
	at me.drex.villagerconfig.data.TradeTable$Serializer.deserialize(TradeTable.java:40) ~[villagerconfig-4.1.2+1.20.1.jar:?]
	at com.google.gson.internal.bind.TreeTypeAdapter.read(TreeTypeAdapter.java:76) ~[gson-2.10.jar:?]
	at com.google.gson.Gson.fromJson(Gson.java:1214) ~[gson-2.10.jar:?]
	at com.google.gson.Gson.fromJson(Gson.java:1319) ~[gson-2.10.jar:?]
	at com.google.gson.Gson.fromJson(Gson.java:1261) ~[gson-2.10.jar:?]
	at me.drex.villagerconfig.util.TradeManager.lambda$apply$0(TradeManager.java:40) ~[villagerconfig-4.1.2+1.20.1.jar:?]
	at java.util.HashMap.forEach(HashMap.java:1421) ~[?:?]
	at me.drex.villagerconfig.util.TradeManager.apply(TradeManager.java:38) ~[villagerconfig-4.1.2+1.20.1.jar:?]
	at me.drex.villagerconfig.util.TradeManager.method_18788(TradeManager.java:19) ~[villagerconfig-4.1.2+1.20.1.jar:?]
	at net.minecraft.class_4080.method_18790(class_4080.java:13) ~[server-intermediary.jar:?]
	at java.util.concurrent.CompletableFuture$UniAccept.tryFire(CompletableFuture.java:718) ~[?:?]
	at java.util.concurrent.CompletableFuture$Completion.run(CompletableFuture.java:482) ~[?:?]
	at net.minecraft.class_4014.method_18365(class_4014.java:69) ~[server-intermediary.jar:?]
	at net.minecraft.class_156.method_43498(class_156.java:950) ~[server-intermediary.jar:?]
	at net.minecraft.class_156.method_43499(class_156.java:938) ~[server-intermediary.jar:?]
	at net.minecraft.server.Main.main(Main.java:160) ~[server-intermediary.jar:?]
	at net.fabricmc.loader.impl.game.minecraft.MinecraftGameProvider.launch(MinecraftGameProvider.java:514) ~[fabric-loader-0.18.2.jar:?]
	at net.fabricmc.loader.impl.launch.knot.Knot.launch(Knot.java:72) ~[fabric-loader-0.18.2.jar:?]
	at net.fabricmc.loader.impl.launch.knot.KnotServer.main(KnotServer.java:23) ~[fabric-loader-0.18.2.jar:?]
	at net.fabricmc.loader.impl.launch.server.FabricServerLauncher.main(FabricServerLauncher.java:69) ~[fabric-loader-0.18.2.jar:?]
	at net.fabricmc.installer.ServerLauncher.main(ServerLauncher.java:69) ~[fabric-server-launch.jar:1.0.1]
[05:11:37] [main/ERROR]: Failed to load trade goblintraders:vein_goblin_trader/common
com.google.gson.JsonSyntaxException: Missing tiers
	at net.minecraft.class_3518.method_15272(class_3518.java:473) ~[server-intermediary.jar:?]
	at me.drex.villagerconfig.data.TradeTable$Serializer.deserialize(TradeTable.java:45) ~[villagerconfig-4.1.2+1.20.1.jar:?]
	at me.drex.villagerconfig.data.TradeTable$Serializer.deserialize(TradeTable.java:40) ~[villagerconfig-4.1.2+1.20.1.jar:?]
	at com.google.gson.internal.bind.TreeTypeAdapter.read(TreeTypeAdapter.java:76) ~[gson-2.10.jar:?]
	at com.google.gson.Gson.fromJson(Gson.java:1214) ~[gson-2.10.jar:?]
	at com.google.gson.Gson.fromJson(Gson.java:1319) ~[gson-2.10.jar:?]
	at com.google.gson.Gson.fromJson(Gson.java:1261) ~[gson-2.10.jar:?]
	at me.drex.villagerconfig.util.TradeManager.lambda$apply$0(TradeManager.java:40) ~[villagerconfig-4.1.2+1.20.1.jar:?]
	at java.util.HashMap.forEach(HashMap.java:1421) ~[?:?]
	at me.drex.villagerconfig.util.TradeManager.apply(TradeManager.java:38) ~[villagerconfig-4.1.2+1.20.1.jar:?]
	at me.drex.villagerconfig.util.TradeManager.method_18788(TradeManager.java:19) ~[villagerconfig-4.1.2+1.20.1.jar:?]
	at net.minecraft.class_4080.method_18790(class_4080.java:13) ~[server-intermediary.jar:?]
	at java.util.concurrent.CompletableFuture$UniAccept.tryFire(CompletableFuture.java:718) ~[?:?]
	at java.util.concurrent.CompletableFuture$Completion.run(CompletableFuture.java:482) ~[?:?]
	at net.minecraft.class_4014.method_18365(class_4014.java:69) ~[server-intermediary.jar:?]
	at net.minecraft.class_156.method_43498(class_156.java:950) ~[server-intermediary.jar:?]
	at net.minecraft.class_156.method_43499(class_156.java:938) ~[server-intermediary.jar:?]
	at net.minecraft.server.Main.main(Main.java:160) ~[server-intermediary.jar:?]
	at net.fabricmc.loader.impl.game.minecraft.MinecraftGameProvider.launch(MinecraftGameProvider.java:514) ~[fabric-loader-0.18.2.jar:?]
	at net.fabricmc.loader.impl.launch.knot.Knot.launch(Knot.java:72) ~[fabric-loader-0.18.2.jar:?]
	at net.fabricmc.loader.impl.launch.knot.KnotServer.main(KnotServer.java:23) ~[fabric-loader-0.18.2.jar:?]
	at net.fabricmc.loader.impl.launch.server.FabricServerLauncher.main(FabricServerLauncher.java:69) ~[fabric-loader-0.18.2.jar:?]
	at net.fabricmc.installer.ServerLauncher.main(ServerLauncher.java:69) ~[fabric-server-launch.jar:1.0.1]
[05:11:37] [main/ERROR]: Failed to load trade goblintraders:goblin_trader/common
com.google.gson.JsonSyntaxException: Missing tiers
	at net.minecraft.class_3518.method_15272(class_3518.java:473) ~[server-intermediary.jar:?]
	at me.drex.villagerconfig.data.TradeTable$Serializer.deserialize(TradeTable.java:45) ~[villagerconfig-4.1.2+1.20.1.jar:?]
	at me.drex.villagerconfig.data.TradeTable$Serializer.deserialize(TradeTable.java:40) ~[villagerconfig-4.1.2+1.20.1.jar:?]
	at com.google.gson.internal.bind.TreeTypeAdapter.read(TreeTypeAdapter.java:76) ~[gson-2.10.jar:?]
	at com.google.gson.Gson.fromJson(Gson.java:1214) ~[gson-2.10.jar:?]
	at com.google.gson.Gson.fromJson(Gson.java:1319) ~[gson-2.10.jar:?]
	at com.google.gson.Gson.fromJson(Gson.java:1261) ~[gson-2.10.jar:?]
	at me.drex.villagerconfig.util.TradeManager.lambda$apply$0(TradeManager.java:40) ~[villagerconfig-4.1.2+1.20.1.jar:?]
	at java.util.HashMap.forEach(HashMap.java:1421) ~[?:?]
	at me.drex.villagerconfig.util.TradeManager.apply(TradeManager.java:38) ~[villagerconfig-4.1.2+1.20.1.jar:?]
	at me.drex.villagerconfig.util.TradeManager.method_18788(TradeManager.java:19) ~[villagerconfig-4.1.2+1.20.1.jar:?]
	at net.minecraft.class_4080.method_18790(class_4080.java:13) ~[server-intermediary.jar:?]
	at java.util.concurrent.CompletableFuture$UniAccept.tryFire(CompletableFuture.java:718) ~[?:?]
	at java.util.concurrent.CompletableFuture$Completion.run(CompletableFuture.java:482) ~[?:?]
	at net.minecraft.class_4014.method_18365(class_4014.java:69) ~[server-intermediary.jar:?]
	at net.minecraft.class_156.method_43498(class_156.java:950) ~[server-intermediary.jar:?]
	at net.minecraft.class_156.method_43499(class_156.java:938) ~[server-intermediary.jar:?]
	at net.minecraft.server.Main.main(Main.java:160) ~[server-intermediary.jar:?]
	at net.fabricmc.loader.impl.game.minecraft.MinecraftGameProvider.launch(MinecraftGameProvider.java:514) ~[fabric-loader-0.18.2.jar:?]
	at net.fabricmc.loader.impl.launch.knot.Knot.launch(Knot.java:72) ~[fabric-loader-0.18.2.jar:?]
	at net.fabricmc.loader.impl.launch.knot.KnotServer.main(KnotServer.java:23) ~[fabric-loader-0.18.2.jar:?]
	at net.fabricmc.loader.impl.launch.server.FabricServerLauncher.main(FabricServerLauncher.java:69) ~[fabric-loader-0.18.2.jar:?]
	at net.fabricmc.installer.ServerLauncher.main(ServerLauncher.java:69) ~[fabric-server-launch.jar:1.0.1]
[05:11:37] [main/ERROR]: Failed to load trade goblintraders:vein_goblin_trader/epic
com.google.gson.JsonSyntaxException: Missing tiers
	at net.minecraft.class_3518.method_15272(class_3518.java:473) ~[server-intermediary.jar:?]
	at me.drex.villagerconfig.data.TradeTable$Serializer.deserialize(TradeTable.java:45) ~[villagerconfig-4.1.2+1.20.1.jar:?]
	at me.drex.villagerconfig.data.TradeTable$Serializer.deserialize(TradeTable.java:40) ~[villagerconfig-4.1.2+1.20.1.jar:?]
	at com.google.gson.internal.bind.TreeTypeAdapter.read(TreeTypeAdapter.java:76) ~[gson-2.10.jar:?]
	at com.google.gson.Gson.fromJson(Gson.java:1214) ~[gson-2.10.jar:?]
	at com.google.gson.Gson.fromJson(Gson.java:1319) ~[gson-2.10.jar:?]
	at com.google.gson.Gson.fromJson(Gson.java:1261) ~[gson-2.10.jar:?]
	at me.drex.villagerconfig.util.TradeManager.lambda$apply$0(TradeManager.java:40) ~[villagerconfig-4.1.2+1.20.1.jar:?]
	at java.util.HashMap.forEach(HashMap.java:1421) ~[?:?]
	at me.drex.villagerconfig.util.TradeManager.apply(TradeManager.java:38) ~[villagerconfig-4.1.2+1.20.1.jar:?]
	at me.drex.villagerconfig.util.TradeManager.method_18788(TradeManager.java:19) ~[villagerconfig-4.1.2+1.20.1.jar:?]
	at net.minecraft.class_4080.method_18790(class_4080.java:13) ~[server-intermediary.jar:?]
	at java.util.concurrent.CompletableFuture$UniAccept.tryFire(CompletableFuture.java:718) ~[?:?]
	at java.util.concurrent.CompletableFuture$Completion.run(CompletableFuture.java:482) ~[?:?]
	at net.minecraft.class_4014.method_18365(class_4014.java:69) ~[server-intermediary.jar:?]
	at net.minecraft.class_156.method_43498(class_156.java:950) ~[server-intermediary.jar:?]
	at net.minecraft.class_156.method_43499(class_156.java:938) ~[server-intermediary.jar:?]
	at net.minecraft.server.Main.main(Main.java:160) ~[server-intermediary.jar:?]
	at net.fabricmc.loader.impl.game.minecraft.MinecraftGameProvider.launch(MinecraftGameProvider.java:514) ~[fabric-loader-0.18.2.jar:?]
	at net.fabricmc.loader.impl.launch.knot.Knot.launch(Knot.java:72) ~[fabric-loader-0.18.2.jar:?]
	at net.fabricmc.loader.impl.launch.knot.KnotServer.main(KnotServer.java:23) ~[fabric-loader-0.18.2.jar:?]
	at net.fabricmc.loader.impl.launch.server.FabricServerLauncher.main(FabricServerLauncher.java:69) ~[fabric-loader-0.18.2.jar:?]
	at net.fabricmc.installer.ServerLauncher.main(ServerLauncher.java:69) ~[fabric-server-launch.jar:1.0.1]
[05:11:37] [main/INFO]: Loaded 0 trades
[05:11:37] [main/INFO]: Loaded 1 global power sets.
[05:11:38] [main/WARN]: Initial datapack load took 25.97 s
[05:11:38] [main/INFO]: Mixing server.MixinDedicatedServer from mixins/common/nochatreports.mixins.json into net.minecraft.class_3176
[05:11:38] [main/INFO]: Mixing server.MixinPlayerList from mixins/common/nochatreports.mixins.json into net.minecraft.class_3324
[05:11:39] [main/INFO]: Initialized TerraBlender biomes for level stem minecraft:the_nether
[05:11:39] [main/INFO]: Initialized TerraBlender biomes for level stem minecraft:overworld
[05:11:39] [main/INFO]: Applied 9892 biome modifications to 149 of 149 new biomes in 155.6 ms
[05:11:39] [Server thread/INFO]: Loading server config for magnumtorch
[05:11:39] [Thread-4/INFO]: Reloading server config for magnumtorch
[05:11:39] [Thread-4/INFO]: Reloading server config for magnumtorch
[05:11:39] [Server thread/INFO]: Loading server config for moblassos
[05:11:39] [Thread-4/INFO]: Reloading server config for moblassos
[05:11:39] [Thread-4/INFO]: Reloading server config for moblassos
[05:11:39] [Server thread/INFO]: Loading server config for universalbonemeal
[05:11:39] [Thread-4/INFO]: Reloading server config for universalbonemeal
[05:11:39] [Thread-4/INFO]: Reloading server config for universalbonemeal
[05:11:39] [Server thread/INFO]: loaded team data: 5 known players, 7 teams total
[05:11:40] [Server thread/INFO]: Loading server configs...
[05:11:40] [Server thread/INFO]: Reading config.
[05:11:40] [Server thread/INFO]: [puffish_skills] Mod configuration loaded successfully!
[05:11:40] [Server thread/INFO]: [puffish_skills] Data pack `path_of_the_wizard` loaded successfully!
[05:11:40] [Server thread/INFO]: [puffish_skills] Data pack `puffish_skills` loaded successfully!
[05:11:40] [Server thread/INFO]: [puffish_skills] Data pack `skills_mastery` loaded successfully!
[05:11:40] [Server thread/INFO]: [STDERR]: Spell Engine: Failed to parse spell: spellbladenext:spells/lightningsmite.json | Reason: com.google.gson.stream.MalformedJsonException: Expected name at line 12 column 4 path $.cast.animation
[05:11:40] [Server thread/INFO]: [STDOUT]: null
[05:11:40] [Server thread/INFO]: [STDOUT]: net.spell_engine.api.spell.Spell@7f792226
[05:11:40] [Server thread/INFO]: [STDOUT]: net.spell_engine.api.spell.Spell@63009ae
[05:11:40] [Server thread/INFO]: [STDOUT]: net.spell_engine.api.spell.Spell@31294ad2
[05:11:40] [Server thread/INFO]: [STDOUT]: net.spell_engine.api.spell.Spell@6fb941f8
[05:11:40] [Server thread/INFO]: [STDOUT]: net.spell_engine.api.spell.Spell@59e7263b
[05:11:40] [Server thread/INFO]: [STDOUT]: net.spell_engine.api.spell.Spell@5f1c39d0
[05:11:40] [Server thread/INFO]: [STDOUT]: net.spell_engine.api.spell.Spell@2498973b
[05:11:40] [Server thread/INFO]: [STDOUT]: net.spell_engine.api.spell.Spell@10bb4d1
[05:11:40] [Server thread/INFO]: [STDOUT]: net.spell_engine.api.spell.Spell@613d8c35
[05:11:40] [Server thread/INFO]: [STDOUT]: net.spell_engine.api.spell.Spell@5f51eb7b
[05:11:40] [Server thread/INFO]: [STDOUT]: net.spell_engine.api.spell.Spell@3f109ee5
[05:11:40] [Server thread/INFO]: [STDOUT]: net.spell_engine.api.spell.Spell@636118ea
[05:11:40] [Server thread/INFO]: [STDOUT]: net.spell_engine.api.spell.Spell@6eb06c97
[05:11:40] [Server thread/INFO]: [STDOUT]: net.spell_engine.api.spell.Spell@3eea4809
[05:11:40] [Server thread/INFO]: [STDOUT]: net.spell_engine.api.spell.Spell@5360e87
[05:11:40] [Server thread/INFO]: [STDOUT]: net.spell_engine.api.spell.Spell@6efbf083
[05:11:40] [Server thread/INFO]: [STDOUT]: net.spell_engine.api.spell.Spell@342ed1f
[05:11:40] [Server thread/INFO]: [STDOUT]: net.spell_engine.api.spell.Spell@6f04577e
[05:11:40] [Server thread/INFO]: [STDOUT]: net.spell_engine.api.spell.Spell@5a732e2f
[05:11:40] [Server thread/INFO]: [STDOUT]: net.spell_engine.api.spell.Spell@6b3db20a
[05:11:40] [Server thread/INFO]: [STDOUT]: net.spell_engine.api.spell.Spell@7f838067
[05:11:40] [Server thread/INFO]: [STDOUT]: net.spell_engine.api.spell.Spell@3271874e
[05:11:40] [Server thread/INFO]: [STDOUT]: net.spell_engine.api.spell.Spell@71b0c579
[05:11:40] [Server thread/INFO]: [STDOUT]: net.spell_engine.api.spell.Spell@779b84a7
[05:11:40] [Server thread/INFO]: [STDOUT]: net.spell_engine.api.spell.Spell@14f8a28b
[05:11:40] [Server thread/INFO]: [STDOUT]: net.spell_engine.api.spell.Spell@2a8d1cad
[05:11:40] [Server thread/INFO]: [STDOUT]: net.spell_engine.api.spell.Spell@5de18f88
[05:11:40] [Server thread/INFO]: [STDOUT]: net.spell_engine.api.spell.Spell@7674962f
[05:11:40] [Server thread/INFO]: [STDOUT]: net.spell_engine.api.spell.Spell@27499e90
[05:11:40] [Server thread/INFO]: [STDOUT]: net.spell_engine.api.spell.Spell@656386a0
[05:11:40] [Server thread/INFO]: [STDOUT]: net.spell_engine.api.spell.Spell@342fd84b
[05:11:40] [Server thread/INFO]: [STDOUT]: net.spell_engine.api.spell.Spell@66b8e50f
[05:11:40] [Server thread/INFO]: [STDOUT]: Encoded SpellRegistry size (with package overhead): 926001 bytes (in 93 string chunks with the size of 10000)
[05:11:40] [Server thread/INFO]: [WTHIT] Plugin config reloaded
[05:11:40] [Server thread/INFO]: Preparing create tables statements took 15ms
[05:11:40] [Server thread/INFO]: Executing create tables statements took 13ms
[05:11:40] [Server thread/INFO]: Extracting table columns took 5ms
[05:11:40] [Server thread/INFO]: Preparing alter table statements took 6ms
[05:11:40] [Server thread/INFO]: Executing alter table statements took 0ms
[05:11:40] [Server thread/INFO]: Index on table 'players' differs only in name: in db players_player_id -> in mapping players_player_id_unique
[05:11:40] [Server thread/INFO]: Index on table 'ActionIdentifiers' differs only in name: in db ActionIdentifiers_action_identifier -> in mapping ActionIdentifiers_action_identifier_unique
[05:11:40] [Server thread/INFO]: Index on table 'ObjectIdentifiers' differs only in name: in db ObjectIdentifiers_identifier -> in mapping ObjectIdentifiers_identifier_unique
[05:11:40] [Server thread/INFO]: Index on table 'sources' differs only in name: in db sources_name -> in mapping sources_name_unique
[05:11:40] [Server thread/INFO]: Index on table 'worlds' differs only in name: in db worlds_identifier -> in mapping worlds_identifier_unique
[05:11:40] [Server thread/INFO]: Checking mapping consistence took 223ms
[05:11:40] [Server thread/INFO]: Tables created
[05:11:41] [DefaultDispatcher-worker-5/INFO]: Inserting 24788 registry keys into the database...
[05:11:41] [Server thread/ERROR]: Registry 'minecraft:wolf_sound_variant' was empty after loading
[05:11:41] [Server thread/ERROR]: Registry 'minecraft:cow_variant' was empty after loading
[05:11:41] [Server thread/ERROR]: Registry 'minecraft:chicken_variant' was empty after loading
[05:11:41] [Server thread/ERROR]: Registry 'minecraft:pig_variant' was empty after loading
[05:11:41] [Server thread/ERROR]: Registry 'minecraft:wolf_variant' was empty after loading
[05:11:41] [Server thread/INFO]: Starting minecraft server version 1.20.1
[05:11:41] [Server thread/INFO]: Loading properties
[05:11:41] [Server thread/INFO]: Default game type: SURVIVAL
[05:11:41] [Server thread/INFO]: Generating keypair
[05:11:41] [Server thread/INFO]: Starting Minecraft server on *:25565
[05:11:41] [Server thread/INFO]: Using epoll channel type
[05:11:41] [Server thread/WARN]: **** SERVER IS RUNNING IN OFFLINE/INSECURE MODE!
[05:11:41] [Server thread/WARN]: The server will make no attempt to authenticate usernames. Beware.
[05:11:41] [Server thread/WARN]: While this makes the game possible to play without internet access, it also opens up the ability for hackers to connect with any username they choose.
[05:11:41] [Server thread/WARN]: To change this, set "online-mode" to "true" in the server.properties file.
[05:11:41] [Server thread/INFO]: Preparing level "world"
[05:11:41] [Server thread/INFO]: Initializing Open Parties and Claims for the server...
[05:11:41] [Server thread/INFO]: Loading server info!
[05:11:41] [Server thread/INFO]: Loading player configs...
[05:11:41] [Server thread/INFO]: Loaded player configs!
[05:11:41] [Server thread/INFO]: Loading parties...
[05:11:41] [Server thread/INFO]: Loaded parties!
[05:11:41] [Server thread/INFO]: Fixing party inconsistencies...
[05:11:41] [Server thread/INFO]: Registered party system for OPAC: default
[05:11:41] [Server thread/INFO]: Registered party system for OPAC: ftb_teams
[05:11:41] [Server thread/INFO]: Registered permission system for OPAC: permission_api
[05:11:41] [Server thread/INFO]: Enforcing safe world random access
[05:11:42] [Server thread/INFO]: Loading dimension "minecraft:the_nether" with biome source: "minecraft:multi_noise".
[05:11:42] [Server thread/INFO]: Preparing start region for dimension minecraft:overworld
[05:11:42] [Server thread/WARN]: Method overwrite conflict for removeIf in modernfix-common.mixins.json:bugfix.paper_chunk_patches.SortedArraySetMixin from mod modernfix, previously written by me.jellysquid.mods.lithium.mixin.world.chunk_tickets.SortedArraySetMixin. Skipping method.
[05:11:45] [DefaultDispatcher-worker-3/INFO]: Registry insert complete
[05:11:47] [Server thread/INFO]: Preparing spawn area: 0%
[05:11:47] [Server thread/INFO]: Preparing spawn area: 0%
[05:11:47] [Server thread/INFO]: Preparing spawn area: 0%
[05:11:47] [Server thread/INFO]: Preparing spawn area: 0%
[05:11:47] [Server thread/INFO]: Preparing spawn area: 0%
[05:11:47] [Server thread/INFO]: Preparing spawn area: 0%
[05:11:47] [Server thread/INFO]: Preparing spawn area: 0%
[05:11:47] [Server thread/INFO]: Preparing spawn area: 0%
[05:11:47] [Server thread/INFO]: Preparing spawn area: 0%
[05:11:47] [Server thread/INFO]: Preparing spawn area: 0%
[05:11:47] [Server thread/INFO]: Preparing spawn area: 0%
[05:11:47] [Server thread/WARN]: Method overwrite conflict for computeValue in spellbladenext.mixins.json:AttributeMixin from mod spellbladenext, previously written by com.extraspellattributes.mixin.AttributeMixin. Skipping method.
[05:11:47] [Server thread/WARN]: Method overwrite conflict for computeAdded in spellbladenext.mixins.json:AttributeMixin from mod spellbladenext, previously written by com.extraspellattributes.mixin.AttributeMixin. Skipping method.
[05:11:47] [Server thread/INFO]: Preparing spawn area: 37%
[05:11:48] [Server thread/INFO]: Preparing spawn area: 92%
[05:11:48] [Server thread/INFO]: Time elapsed: 6278 ms
[05:11:48] [Server thread/INFO]: Done (7.267s)! For help, type "help"
[05:11:48] [Server thread/WARN]: Dedicated server took 68.38 seconds to load
[05:11:48] [Server thread/INFO]: Number of loaded boss ids on the server: 20
[05:11:49] [Server thread/INFO]: Loading quests from /workspaces/DarkRpg/servidor_minecraft/config/ftbquests/quests
[05:11:49] [Server thread/INFO]: Loaded 6 chapter groups, 34 chapters, 1777 quests, 2 reward tables
[05:11:49] [Server thread/INFO]: Encoded Weapon Attribute registry size: 1007670 bytes (uncompressed), 52468 bytes (compressed), compression ratio: 94.8% (in 6 string chunks with the size of 10000)
[05:11:50] [Server thread/INFO]: Loaded values for 208 compatible attributes.
[05:11:50] [Server thread/ERROR]: Attribute ID 'additionalentityattributes:dig_speed' does not belong to a known attribute. This entry will be ignored.
[05:11:50] [Server thread/ERROR]: Attribute ID 'additionalentityattributes:water_visibility' does not belong to a known attribute. This entry will be ignored.
[05:11:50] [Server thread/ERROR]: Attribute ID 'additionalentityattributes:critical_bonus_damage' does not belong to a known attribute. This entry will be ignored.
[05:11:50] [Server thread/ERROR]: Attribute ID 'additionalentityattributes:dropped_experience' does not belong to a known attribute. This entry will be ignored.
[05:11:50] [Server thread/ERROR]: Attribute ID 'spell_power:water_element' does not belong to a known attribute. This entry will be ignored.
[05:11:50] [Server thread/ERROR]: Attribute ID 'additionalentityattributes:lava_visibility' does not belong to a known attribute. This entry will be ignored.
[05:11:50] [Server thread/ERROR]: Attribute ID 'death_knights:unholy' does not belong to a known attribute. This entry will be ignored.
[05:11:50] [Server thread/ERROR]: Attribute ID 'additionalentityattributes:water_speed' does not belong to a known attribute. This entry will be ignored.
[05:11:50] [Server thread/ERROR]: Attribute ID 'biomemakeover:projectile_resistance' does not belong to a known attribute. This entry will be ignored.
[05:11:50] [Server thread/ERROR]: Attribute ID 'minecraft:generic.max_stamina' does not belong to a known attribute. This entry will be ignored.
[05:11:50] [Server thread/ERROR]: Attribute ID 'spell_power:sound_element' does not belong to a known attribute. This entry will be ignored.
[05:11:50] [Server thread/ERROR]: Attribute ID 'spell_power:corruption_element' does not belong to a known attribute. This entry will be ignored.
[05:11:50] [Server thread/ERROR]: Attribute ID 'spell_power:wind_element' does not belong to a known attribute. This entry will be ignored.
[05:11:50] [Server thread/ERROR]: Attribute ID 'additionalentityattributes:magic_protection' does not belong to a known attribute. This entry will be ignored.
[05:11:50] [Server thread/ERROR]: Attribute ID 'additionalentityattributes:bonus_loot_count_rolls' does not belong to a known attribute. This entry will be ignored.
[05:11:50] [Server thread/ERROR]: Attribute ID 'additionalentityattributes:lung_capacity' does not belong to a known attribute. This entry will be ignored.
[05:11:50] [Server thread/ERROR]: Attribute ID 'death_knights:blood' does not belong to a known attribute. This entry will be ignored.
[05:11:50] [Server thread/ERROR]: Attribute ID 'more_rpg_classes:sign_intensity' does not belong to a known attribute. This entry will be ignored.
[05:11:50] [Server thread/ERROR]: Attribute ID 'more_rpg_classes:adrenaline_modifier' does not belong to a known attribute. This entry will be ignored.
[05:11:50] [Server thread/ERROR]: Attribute ID 'spell_power:blood_element' does not belong to a known attribute. This entry will be ignored.
[05:11:50] [Server thread/ERROR]: Attribute ID 'additionalentityattributes:lava_speed' does not belong to a known attribute. This entry will be ignored.
[05:11:50] [Server thread/ERROR]: Attribute ID 'additionalentityattributes:bonus_rare_loot_rolls' does not belong to a known attribute. This entry will be ignored.
[05:11:50] [Server thread/ERROR]: Attribute ID 'spell_power:nature_element' does not belong to a known attribute. This entry will be ignored.
[05:11:50] [Server thread/INFO]: Loaded 245 values from config.
[05:11:50] [Server thread/INFO]: Saving config file. 245 entries.
[05:11:50] [Server thread/INFO]: Applying changes for 245 attributes.
[05:11:50] [Server thread/INFO]: Loading claims...
[05:11:50] [Server thread/INFO]: Loaded claims in 239ms
[05:11:50] [Server thread/INFO]: Configured OPAC to use the following permission system: permission_api
[05:11:50] [Server thread/INFO]: Configured OPAC to use the following party system as primary: default
[05:11:50] [Server thread/INFO]: Registered synced player tracker system: ftb_teams
[05:11:50] [Server thread/INFO]: Registered synced player tracker system: ftb_teams
[05:11:50] [Server thread/INFO]: Mixing common.MixinServerStatus from mixins/common/nochatreports.mixins.json into net.minecraft.class_2926
[05:11:50] [Server thread/INFO]: [Config.read] Loaded config info from '/workspaces/DarkRpg/servidor_minecraft/config/memorysweep.json'!
[05:11:50] [Server thread/INFO]: [Config.write] Saved config info to '/workspaces/DarkRpg/servidor_minecraft/config/memorysweep.json'!
[05:11:50] [Server thread/INFO]: Loading Xaero's Minimap - Stage 2/2 (Server)
[05:11:50] [Server thread/INFO]: Loading Xaero's World Map - Stage 2/2 (Server)
[05:11:58] [Netty Epoll Server IO #1/INFO]: Mixing server.MixinServerboundChatCommandPacket from mixins/common/nochatreports.mixins.json into net.minecraft.class_7472
[05:11:58] [Netty Epoll Server IO #1/INFO]: Mixing server.MixinServerboundChatPacket from mixins/common/nochatreports.mixins.json into net.minecraft.class_2797
[05:11:58] [Netty Epoll Server IO #1/INFO]: Mixing server.MixinServerboundChatSessionUpdatePacket from mixins/common/nochatreports.mixins.json into net.minecraft.class_7861
[05:12:19] [Server thread/INFO]: [Handshake] Sending channel query
[05:12:19] [Server thread/ERROR]: Failed to cache permission minecraft.bypass.whitelist for Dalej
java.lang.NullPointerException: uuid
	at java.util.Objects.requireNonNull(Objects.java:235) ~[?:?]
	at me.lucko.fabric.api.permissions.v0.Permissions.getPermissionValue(Permissions.java:199) ~[fabric-permissions-api-v0-0.3.1-1fe598067d104722.jar:?]
	at me.drex.vanillapermissions.util.JoinCache.lambda$initialize$0(JoinCache.java:43) ~[vanilla-permissions-0.2.9+1.20.1.jar:?]
	at net.fabricmc.fabric.api.networking.v1.ServerLoginConnectionEvents.lambda$static$2(ServerLoginConnectionEvents.java:51) ~[fabric-networking-api-v1-1.3.14+a158aa0477-9bad1f2d267de073.jar:?]
	at net.fabricmc.fabric.impl.networking.server.ServerLoginNetworkAddon.queryTick(ServerLoginNetworkAddon.java:83) ~[fabric-networking-api-v1-1.3.14+a158aa0477-9bad1f2d267de073.jar:?]
	at net.minecraft.class_3248.redirect$ddj000$fabric-networking-api-v1$handlePlayerJoin(class_3248.java:562) ~[server-intermediary.jar:?]
	at net.minecraft.class_3248.method_18784(class_3248.java:68) ~[server-intermediary.jar:?]
	at net.minecraft.class_2535.method_10754(class_2535.java:259) ~[server-intermediary.jar:?]
	at net.minecraft.class_3242.method_14357(class_3242.java:172) ~[server-intermediary.jar:?]
	at net.minecraft.server.MinecraftServer.method_3813(MinecraftServer.java:908) ~[server-intermediary.jar:?]
	at net.minecraft.class_3176.method_3813(class_3176.java:283) ~[server-intermediary.jar:?]
	at net.minecraft.server.MinecraftServer.method_3748(MinecraftServer.java:824) ~[server-intermediary.jar:?]
	at net.minecraft.server.MinecraftServer.method_29741(MinecraftServer.java:671) ~[server-intermediary.jar:?]
	at net.minecraft.server.MinecraftServer.method_29739(MinecraftServer.java:265) ~[server-intermediary.jar:?]
	at java.lang.Thread.run(Thread.java:840) ~[?:?]
[05:12:19] [Server thread/ERROR]: Failed to cache permission minecraft.bypass.player-limit for Dalej
java.lang.NullPointerException: uuid
	at java.util.Objects.requireNonNull(Objects.java:235) ~[?:?]
	at me.lucko.fabric.api.permissions.v0.Permissions.getPermissionValue(Permissions.java:199) ~[fabric-permissions-api-v0-0.3.1-1fe598067d104722.jar:?]
	at me.drex.vanillapermissions.util.JoinCache.lambda$initialize$0(JoinCache.java:43) ~[vanilla-permissions-0.2.9+1.20.1.jar:?]
	at net.fabricmc.fabric.api.networking.v1.ServerLoginConnectionEvents.lambda$static$2(ServerLoginConnectionEvents.java:51) ~[fabric-networking-api-v1-1.3.14+a158aa0477-9bad1f2d267de073.jar:?]
	at net.fabricmc.fabric.impl.networking.server.ServerLoginNetworkAddon.queryTick(ServerLoginNetworkAddon.java:83) ~[fabric-networking-api-v1-1.3.14+a158aa0477-9bad1f2d267de073.jar:?]
	at net.minecraft.class_3248.redirect$ddj000$fabric-networking-api-v1$handlePlayerJoin(class_3248.java:562) ~[server-intermediary.jar:?]
	at net.minecraft.class_3248.method_18784(class_3248.java:68) ~[server-intermediary.jar:?]
	at net.minecraft.class_2535.method_10754(class_2535.java:259) ~[server-intermediary.jar:?]
	at net.minecraft.class_3242.method_14357(class_3242.java:172) ~[server-intermediary.jar:?]
	at net.minecraft.server.MinecraftServer.method_3813(MinecraftServer.java:908) ~[server-intermediary.jar:?]
	at net.minecraft.class_3176.method_3813(class_3176.java:283) ~[server-intermediary.jar:?]
	at net.minecraft.server.MinecraftServer.method_3748(MinecraftServer.java:824) ~[server-intermediary.jar:?]
	at net.minecraft.server.MinecraftServer.method_29741(MinecraftServer.java:671) ~[server-intermediary.jar:?]
	at net.minecraft.server.MinecraftServer.method_29739(MinecraftServer.java:265) ~[server-intermediary.jar:?]
	at java.lang.Thread.run(Thread.java:840) ~[?:?]
[05:12:19] [Server thread/ERROR]: Failed to cache permission minecraft.bypass.force-gamemode for Dalej
java.lang.NullPointerException: uuid
	at java.util.Objects.requireNonNull(Objects.java:235) ~[?:?]
	at me.lucko.fabric.api.permissions.v0.Permissions.getPermissionValue(Permissions.java:199) ~[fabric-permissions-api-v0-0.3.1-1fe598067d104722.jar:?]
	at me.drex.vanillapermissions.util.JoinCache.lambda$initialize$0(JoinCache.java:43) ~[vanilla-permissions-0.2.9+1.20.1.jar:?]
	at net.fabricmc.fabric.api.networking.v1.ServerLoginConnectionEvents.lambda$static$2(ServerLoginConnectionEvents.java:51) ~[fabric-networking-api-v1-1.3.14+a158aa0477-9bad1f2d267de073.jar:?]
	at net.fabricmc.fabric.impl.networking.server.ServerLoginNetworkAddon.queryTick(ServerLoginNetworkAddon.java:83) ~[fabric-networking-api-v1-1.3.14+a158aa0477-9bad1f2d267de073.jar:?]
	at net.minecraft.class_3248.redirect$ddj000$fabric-networking-api-v1$handlePlayerJoin(class_3248.java:562) ~[server-intermediary.jar:?]
	at net.minecraft.class_3248.method_18784(class_3248.java:68) ~[server-intermediary.jar:?]
	at net.minecraft.class_2535.method_10754(class_2535.java:259) ~[server-intermediary.jar:?]
	at net.minecraft.class_3242.method_14357(class_3242.java:172) ~[server-intermediary.jar:?]
	at net.minecraft.server.MinecraftServer.method_3813(MinecraftServer.java:908) ~[server-intermediary.jar:?]
	at net.minecraft.class_3176.method_3813(class_3176.java:283) ~[server-intermediary.jar:?]
	at net.minecraft.server.MinecraftServer.method_3748(MinecraftServer.java:824) ~[server-intermediary.jar:?]
	at net.minecraft.server.MinecraftServer.method_29741(MinecraftServer.java:671) ~[server-intermediary.jar:?]
	at net.minecraft.server.MinecraftServer.method_29739(MinecraftServer.java:265) ~[server-intermediary.jar:?]
	at java.lang.Thread.run(Thread.java:840) ~[?:?]
[05:12:20] [Server thread/INFO]: Dalej[/127.218.152.67:46035] logged in with entity id 180 at (-2951.9832980886054, 68.0, -441.44500235949374)
[05:12:20] [Server thread/INFO]: Sending server config values to client
[05:12:20] [Server thread/INFO]: [STDOUT]: Caching sets
[05:12:21] [Server thread/INFO]: Loading config from file...
[05:12:22] [Server thread/INFO]: Dalej joined the game
[05:12:22] [Server thread/INFO]: Updating all forceload tickets for fcb33033-a2d1-3bae-abae-bbc169e822af
[05:12:22] [Server thread/WARN]: Can't keep up! Is the server overloaded? Running 2756ms or 55 ticks behind
[05:12:24] [Netty Epoll Server IO #3/INFO]: Receiving client config
[05:12:27] [Server thread/INFO]: [FANCYMENU] A client with FancyMenu installed joined the server: Dalej
[05:12:39] [Server thread/INFO]: [Handshake] Sending channel query
[05:12:39] [Server thread/ERROR]: Failed to cache permission minecraft.bypass.whitelist for morax
java.lang.NullPointerException: uuid
	at java.util.Objects.requireNonNull(Objects.java:235) ~[?:?]
	at me.lucko.fabric.api.permissions.v0.Permissions.getPermissionValue(Permissions.java:199) ~[fabric-permissions-api-v0-0.3.1-1fe598067d104722.jar:?]
	at me.drex.vanillapermissions.util.JoinCache.lambda$initialize$0(JoinCache.java:43) ~[vanilla-permissions-0.2.9+1.20.1.jar:?]
	at net.fabricmc.fabric.api.networking.v1.ServerLoginConnectionEvents.lambda$static$2(ServerLoginConnectionEvents.java:51) ~[fabric-networking-api-v1-1.3.14+a158aa0477-9bad1f2d267de073.jar:?]
	at net.fabricmc.fabric.impl.networking.server.ServerLoginNetworkAddon.queryTick(ServerLoginNetworkAddon.java:83) ~[fabric-networking-api-v1-1.3.14+a158aa0477-9bad1f2d267de073.jar:?]
	at net.minecraft.class_3248.redirect$ddj000$fabric-networking-api-v1$handlePlayerJoin(class_3248.java:562) ~[server-intermediary.jar:?]
	at net.minecraft.class_3248.method_18784(class_3248.java:68) ~[server-intermediary.jar:?]
	at net.minecraft.class_2535.method_10754(class_2535.java:259) ~[server-intermediary.jar:?]
	at net.minecraft.class_3242.method_14357(class_3242.java:172) ~[server-intermediary.jar:?]
	at net.minecraft.server.MinecraftServer.method_3813(MinecraftServer.java:908) ~[server-intermediary.jar:?]
	at net.minecraft.class_3176.method_3813(class_3176.java:283) ~[server-intermediary.jar:?]
	at net.minecraft.server.MinecraftServer.method_3748(MinecraftServer.java:824) ~[server-intermediary.jar:?]
	at net.minecraft.server.MinecraftServer.method_29741(MinecraftServer.java:671) ~[server-intermediary.jar:?]
	at net.minecraft.server.MinecraftServer.method_29739(MinecraftServer.java:265) ~[server-intermediary.jar:?]
	at java.lang.Thread.run(Thread.java:840) ~[?:?]
[05:12:39] [Server thread/ERROR]: Failed to cache permission minecraft.bypass.player-limit for morax
java.lang.NullPointerException: uuid
	at java.util.Objects.requireNonNull(Objects.java:235) ~[?:?]
	at me.lucko.fabric.api.permissions.v0.Permissions.getPermissionValue(Permissions.java:199) ~[fabric-permissions-api-v0-0.3.1-1fe598067d104722.jar:?]
	at me.drex.vanillapermissions.util.JoinCache.lambda$initialize$0(JoinCache.java:43) ~[vanilla-permissions-0.2.9+1.20.1.jar:?]
	at net.fabricmc.fabric.api.networking.v1.ServerLoginConnectionEvents.lambda$static$2(ServerLoginConnectionEvents.java:51) ~[fabric-networking-api-v1-1.3.14+a158aa0477-9bad1f2d267de073.jar:?]
	at net.fabricmc.fabric.impl.networking.server.ServerLoginNetworkAddon.queryTick(ServerLoginNetworkAddon.java:83) ~[fabric-networking-api-v1-1.3.14+a158aa0477-9bad1f2d267de073.jar:?]
	at net.minecraft.class_3248.redirect$ddj000$fabric-networking-api-v1$handlePlayerJoin(class_3248.java:562) ~[server-intermediary.jar:?]
	at net.minecraft.class_3248.method_18784(class_3248.java:68) ~[server-intermediary.jar:?]
	at net.minecraft.class_2535.method_10754(class_2535.java:259) ~[server-intermediary.jar:?]
	at net.minecraft.class_3242.method_14357(class_3242.java:172) ~[server-intermediary.jar:?]
	at net.minecraft.server.MinecraftServer.method_3813(MinecraftServer.java:908) ~[server-intermediary.jar:?]
	at net.minecraft.class_3176.method_3813(class_3176.java:283) ~[server-intermediary.jar:?]
	at net.minecraft.server.MinecraftServer.method_3748(MinecraftServer.java:824) ~[server-intermediary.jar:?]
	at net.minecraft.server.MinecraftServer.method_29741(MinecraftServer.java:671) ~[server-intermediary.jar:?]
	at net.minecraft.server.MinecraftServer.method_29739(MinecraftServer.java:265) ~[server-intermediary.jar:?]
	at java.lang.Thread.run(Thread.java:840) ~[?:?]
[05:12:39] [Server thread/ERROR]: Failed to cache permission minecraft.bypass.force-gamemode for morax
java.lang.NullPointerException: uuid
	at java.util.Objects.requireNonNull(Objects.java:235) ~[?:?]
	at me.lucko.fabric.api.permissions.v0.Permissions.getPermissionValue(Permissions.java:199) ~[fabric-permissions-api-v0-0.3.1-1fe598067d104722.jar:?]
	at me.drex.vanillapermissions.util.JoinCache.lambda$initialize$0(JoinCache.java:43) ~[vanilla-permissions-0.2.9+1.20.1.jar:?]
	at net.fabricmc.fabric.api.networking.v1.ServerLoginConnectionEvents.lambda$static$2(ServerLoginConnectionEvents.java:51) ~[fabric-networking-api-v1-1.3.14+a158aa0477-9bad1f2d267de073.jar:?]
	at net.fabricmc.fabric.impl.networking.server.ServerLoginNetworkAddon.queryTick(ServerLoginNetworkAddon.java:83) ~[fabric-networking-api-v1-1.3.14+a158aa0477-9bad1f2d267de073.jar:?]
	at net.minecraft.class_3248.redirect$ddj000$fabric-networking-api-v1$handlePlayerJoin(class_3248.java:562) ~[server-intermediary.jar:?]
	at net.minecraft.class_3248.method_18784(class_3248.java:68) ~[server-intermediary.jar:?]
	at net.minecraft.class_2535.method_10754(class_2535.java:259) ~[server-intermediary.jar:?]
	at net.minecraft.class_3242.method_14357(class_3242.java:172) ~[server-intermediary.jar:?]
	at net.minecraft.server.MinecraftServer.method_3813(MinecraftServer.java:908) ~[server-intermediary.jar:?]
	at net.minecraft.class_3176.method_3813(class_3176.java:283) ~[server-intermediary.jar:?]
	at net.minecraft.server.MinecraftServer.method_3748(MinecraftServer.java:824) ~[server-intermediary.jar:?]
	at net.minecraft.server.MinecraftServer.method_29741(MinecraftServer.java:671) ~[server-intermediary.jar:?]
	at net.minecraft.server.MinecraftServer.method_29739(MinecraftServer.java:265) ~[server-intermediary.jar:?]
	at java.lang.Thread.run(Thread.java:840) ~[?:?]
[05:12:40] [Server thread/INFO]: morax[/127.200.118.230:48097] logged in with entity id 388 at (545.8888422684206, 100.31823299924923, -82.51180317013178)
[05:12:40] [Server thread/INFO]: Sending server config values to client
[05:12:40] [Server thread/INFO]: Loading config from file...
[05:12:40] [Server thread/INFO]: morax joined the game
[05:12:41] [Server thread/INFO]: Updating all forceload tickets for ba90b352-0046-3a15-868f-6c2e8cd363f8
[05:12:42] [Server thread/INFO]: Dalej lost connection: Disconnected
[05:12:42] [Server thread/INFO]: Dalej left the game
[05:12:42] [Server thread/INFO]: Updating all forceload tickets for fcb33033-a2d1-3bae-abae-bbc169e822af
[05:12:45] [Netty Epoll Server IO #5/INFO]: Receiving client config
[05:12:54] [Server thread/INFO]: [FANCYMENU] A client with FancyMenu installed joined the server: morax
[05:14:01] [Server thread/WARN]: UUID of added entity already exists: class_1560['Enderman'/965, l='ServerLevel[world]', x=1104.49, y=40.00, z=9.70]
[05:14:01] [Server thread/WARN]: UUID of added entity already exists: class_1590['Zombified Piglin'/966, l='ServerLevel[world]', x=1105.87, y=36.00, z=12.52]
[05:14:04] [Server thread/WARN]: UUID of added entity already exists: WitherSkeletonBat['Wither Skeleton Bat'/1034, l='ServerLevel[world]', x=1121.25, y=51.00, z=-16.09]
[05:14:26] [Server thread/INFO]: <morax> david
[05:16:12] [Server thread/INFO]: [Handshake] Sending channel query
[05:16:12] [Server thread/ERROR]: Failed to cache permission minecraft.bypass.whitelist for Dalej
java.lang.NullPointerException: uuid
	at java.util.Objects.requireNonNull(Objects.java:235) ~[?:?]
	at me.lucko.fabric.api.permissions.v0.Permissions.getPermissionValue(Permissions.java:199) ~[fabric-permissions-api-v0-0.3.1-1fe598067d104722.jar:?]
	at me.drex.vanillapermissions.util.JoinCache.lambda$initialize$0(JoinCache.java:43) ~[vanilla-permissions-0.2.9+1.20.1.jar:?]
	at net.fabricmc.fabric.api.networking.v1.ServerLoginConnectionEvents.lambda$static$2(ServerLoginConnectionEvents.java:51) ~[fabric-networking-api-v1-1.3.14+a158aa0477-9bad1f2d267de073.jar:?]
	at net.fabricmc.fabric.impl.networking.server.ServerLoginNetworkAddon.queryTick(ServerLoginNetworkAddon.java:83) ~[fabric-networking-api-v1-1.3.14+a158aa0477-9bad1f2d267de073.jar:?]
	at net.minecraft.class_3248.redirect$ddj000$fabric-networking-api-v1$handlePlayerJoin(class_3248.java:562) ~[server-intermediary.jar:?]
	at net.minecraft.class_3248.method_18784(class_3248.java:68) ~[server-intermediary.jar:?]
	at net.minecraft.class_2535.method_10754(class_2535.java:259) ~[server-intermediary.jar:?]
	at net.minecraft.class_3242.method_14357(class_3242.java:172) ~[server-intermediary.jar:?]
	at net.minecraft.server.MinecraftServer.method_3813(MinecraftServer.java:908) ~[server-intermediary.jar:?]
	at net.minecraft.class_3176.method_3813(class_3176.java:283) ~[server-intermediary.jar:?]
	at net.minecraft.server.MinecraftServer.method_3748(MinecraftServer.java:824) ~[server-intermediary.jar:?]
	at net.minecraft.server.MinecraftServer.method_29741(MinecraftServer.java:671) ~[server-intermediary.jar:?]
	at net.minecraft.server.MinecraftServer.method_29739(MinecraftServer.java:265) ~[server-intermediary.jar:?]
	at java.lang.Thread.run(Thread.java:840) ~[?:?]
[05:16:12] [Server thread/ERROR]: Failed to cache permission minecraft.bypass.player-limit for Dalej
java.lang.NullPointerException: uuid
	at java.util.Objects.requireNonNull(Objects.java:235) ~[?:?]
	at me.lucko.fabric.api.permissions.v0.Permissions.getPermissionValue(Permissions.java:199) ~[fabric-permissions-api-v0-0.3.1-1fe598067d104722.jar:?]
	at me.drex.vanillapermissions.util.JoinCache.lambda$initialize$0(JoinCache.java:43) ~[vanilla-permissions-0.2.9+1.20.1.jar:?]
	at net.fabricmc.fabric.api.networking.v1.ServerLoginConnectionEvents.lambda$static$2(ServerLoginConnectionEvents.java:51) ~[fabric-networking-api-v1-1.3.14+a158aa0477-9bad1f2d267de073.jar:?]
	at net.fabricmc.fabric.impl.networking.server.ServerLoginNetworkAddon.queryTick(ServerLoginNetworkAddon.java:83) ~[fabric-networking-api-v1-1.3.14+a158aa0477-9bad1f2d267de073.jar:?]
	at net.minecraft.class_3248.redirect$ddj000$fabric-networking-api-v1$handlePlayerJoin(class_3248.java:562) ~[server-intermediary.jar:?]
	at net.minecraft.class_3248.method_18784(class_3248.java:68) ~[server-intermediary.jar:?]
	at net.minecraft.class_2535.method_10754(class_2535.java:259) ~[server-intermediary.jar:?]
	at net.minecraft.class_3242.method_14357(class_3242.java:172) ~[server-intermediary.jar:?]
	at net.minecraft.server.MinecraftServer.method_3813(MinecraftServer.java:908) ~[server-intermediary.jar:?]
	at net.minecraft.class_3176.method_3813(class_3176.java:283) ~[server-intermediary.jar:?]
	at net.minecraft.server.MinecraftServer.method_3748(MinecraftServer.java:824) ~[server-intermediary.jar:?]
	at net.minecraft.server.MinecraftServer.method_29741(MinecraftServer.java:671) ~[server-intermediary.jar:?]
	at net.minecraft.server.MinecraftServer.method_29739(MinecraftServer.java:265) ~[server-intermediary.jar:?]
	at java.lang.Thread.run(Thread.java:840) ~[?:?]
[05:16:12] [Server thread/ERROR]: Failed to cache permission minecraft.bypass.force-gamemode for Dalej
java.lang.NullPointerException: uuid
	at java.util.Objects.requireNonNull(Objects.java:235) ~[?:?]
	at me.lucko.fabric.api.permissions.v0.Permissions.getPermissionValue(Permissions.java:199) ~[fabric-permissions-api-v0-0.3.1-1fe598067d104722.jar:?]
	at me.drex.vanillapermissions.util.JoinCache.lambda$initialize$0(JoinCache.java:43) ~[vanilla-permissions-0.2.9+1.20.1.jar:?]
	at net.fabricmc.fabric.api.networking.v1.ServerLoginConnectionEvents.lambda$static$2(ServerLoginConnectionEvents.java:51) ~[fabric-networking-api-v1-1.3.14+a158aa0477-9bad1f2d267de073.jar:?]
	at net.fabricmc.fabric.impl.networking.server.ServerLoginNetworkAddon.queryTick(ServerLoginNetworkAddon.java:83) ~[fabric-networking-api-v1-1.3.14+a158aa0477-9bad1f2d267de073.jar:?]
	at net.minecraft.class_3248.redirect$ddj000$fabric-networking-api-v1$handlePlayerJoin(class_3248.java:562) ~[server-intermediary.jar:?]
	at net.minecraft.class_3248.method_18784(class_3248.java:68) ~[server-intermediary.jar:?]
	at net.minecraft.class_2535.method_10754(class_2535.java:259) ~[server-intermediary.jar:?]
	at net.minecraft.class_3242.method_14357(class_3242.java:172) ~[server-intermediary.jar:?]
	at net.minecraft.server.MinecraftServer.method_3813(MinecraftServer.java:908) ~[server-intermediary.jar:?]
	at net.minecraft.class_3176.method_3813(class_3176.java:283) ~[server-intermediary.jar:?]
	at net.minecraft.server.MinecraftServer.method_3748(MinecraftServer.java:824) ~[server-intermediary.jar:?]
	at net.minecraft.server.MinecraftServer.method_29741(MinecraftServer.java:671) ~[server-intermediary.jar:?]
	at net.minecraft.server.MinecraftServer.method_29739(MinecraftServer.java:265) ~[server-intermediary.jar:?]
	at java.lang.Thread.run(Thread.java:840) ~[?:?]
[05:16:15] [Server thread/INFO]: Dalej[/127.218.152.67:44813] logged in with entity id 1247 at (-2951.9832980886054, 68.0, -441.44500235949374)
[05:16:15] [Server thread/INFO]: Sending server config values to client
[05:16:15] [Server thread/INFO]: Loading config from file...
[05:16:15] [Server thread/INFO]: Dalej joined the game
[05:16:15] [Server thread/INFO]: Updating all forceload tickets for fcb33033-a2d1-3bae-abae-bbc169e822af
[05:16:17] [Netty Epoll Server IO #7/INFO]: Receiving client config
[05:16:36] [Server thread/INFO]: [FANCYMENU] A client with FancyMenu installed joined the server: Dalej
[05:18:09] [Server thread/INFO]: Dalej lost connection: Disconnected
[05:18:09] [Server thread/INFO]: Dalej left the game
[05:18:09] [Server thread/INFO]: Updating all forceload tickets for fcb33033-a2d1-3bae-abae-bbc169e822af
[05:18:11] [Server thread/INFO]: [Handshake] Sending channel query
[05:18:11] [Server thread/ERROR]: Failed to cache permission minecraft.bypass.whitelist for MandyXMaster687
java.lang.NullPointerException: uuid
	at java.util.Objects.requireNonNull(Objects.java:235) ~[?:?]
	at me.lucko.fabric.api.permissions.v0.Permissions.getPermissionValue(Permissions.java:199) ~[fabric-permissions-api-v0-0.3.1-1fe598067d104722.jar:?]
	at me.drex.vanillapermissions.util.JoinCache.lambda$initialize$0(JoinCache.java:43) ~[vanilla-permissions-0.2.9+1.20.1.jar:?]
	at net.fabricmc.fabric.api.networking.v1.ServerLoginConnectionEvents.lambda$static$2(ServerLoginConnectionEvents.java:51) ~[fabric-networking-api-v1-1.3.14+a158aa0477-9bad1f2d267de073.jar:?]
	at net.fabricmc.fabric.impl.networking.server.ServerLoginNetworkAddon.queryTick(ServerLoginNetworkAddon.java:83) ~[fabric-networking-api-v1-1.3.14+a158aa0477-9bad1f2d267de073.jar:?]
	at net.minecraft.class_3248.redirect$ddj000$fabric-networking-api-v1$handlePlayerJoin(class_3248.java:562) ~[server-intermediary.jar:?]
	at net.minecraft.class_3248.method_18784(class_3248.java:68) ~[server-intermediary.jar:?]
	at net.minecraft.class_2535.method_10754(class_2535.java:259) ~[server-intermediary.jar:?]
	at net.minecraft.class_3242.method_14357(class_3242.java:172) ~[server-intermediary.jar:?]
	at net.minecraft.server.MinecraftServer.method_3813(MinecraftServer.java:908) ~[server-intermediary.jar:?]
	at net.minecraft.class_3176.method_3813(class_3176.java:283) ~[server-intermediary.jar:?]
	at net.minecraft.server.MinecraftServer.method_3748(MinecraftServer.java:824) ~[server-intermediary.jar:?]
	at net.minecraft.server.MinecraftServer.method_29741(MinecraftServer.java:671) ~[server-intermediary.jar:?]
	at net.minecraft.server.MinecraftServer.method_29739(MinecraftServer.java:265) ~[server-intermediary.jar:?]
	at java.lang.Thread.run(Thread.java:840) ~[?:?]
[05:18:11] [Server thread/ERROR]: Failed to cache permission minecraft.bypass.player-limit for MandyXMaster687
java.lang.NullPointerException: uuid
	at java.util.Objects.requireNonNull(Objects.java:235) ~[?:?]
	at me.lucko.fabric.api.permissions.v0.Permissions.getPermissionValue(Permissions.java:199) ~[fabric-permissions-api-v0-0.3.1-1fe598067d104722.jar:?]
	at me.drex.vanillapermissions.util.JoinCache.lambda$initialize$0(JoinCache.java:43) ~[vanilla-permissions-0.2.9+1.20.1.jar:?]
	at net.fabricmc.fabric.api.networking.v1.ServerLoginConnectionEvents.lambda$static$2(ServerLoginConnectionEvents.java:51) ~[fabric-networking-api-v1-1.3.14+a158aa0477-9bad1f2d267de073.jar:?]
	at net.fabricmc.fabric.impl.networking.server.ServerLoginNetworkAddon.queryTick(ServerLoginNetworkAddon.java:83) ~[fabric-networking-api-v1-1.3.14+a158aa0477-9bad1f2d267de073.jar:?]
	at net.minecraft.class_3248.redirect$ddj000$fabric-networking-api-v1$handlePlayerJoin(class_3248.java:562) ~[server-intermediary.jar:?]
	at net.minecraft.class_3248.method_18784(class_3248.java:68) ~[server-intermediary.jar:?]
	at net.minecraft.class_2535.method_10754(class_2535.java:259) ~[server-intermediary.jar:?]
	at net.minecraft.class_3242.method_14357(class_3242.java:172) ~[server-intermediary.jar:?]
	at net.minecraft.server.MinecraftServer.method_3813(MinecraftServer.java:908) ~[server-intermediary.jar:?]
	at net.minecraft.class_3176.method_3813(class_3176.java:283) ~[server-intermediary.jar:?]
	at net.minecraft.server.MinecraftServer.method_3748(MinecraftServer.java:824) ~[server-intermediary.jar:?]
	at net.minecraft.server.MinecraftServer.method_29741(MinecraftServer.java:671) ~[server-intermediary.jar:?]
	at net.minecraft.server.MinecraftServer.method_29739(MinecraftServer.java:265) ~[server-intermediary.jar:?]
	at java.lang.Thread.run(Thread.java:840) ~[?:?]
[05:18:11] [Server thread/ERROR]: Failed to cache permission minecraft.bypass.force-gamemode for MandyXMaster687
java.lang.NullPointerException: uuid
	at java.util.Objects.requireNonNull(Objects.java:235) ~[?:?]
	at me.lucko.fabric.api.permissions.v0.Permissions.getPermissionValue(Permissions.java:199) ~[fabric-permissions-api-v0-0.3.1-1fe598067d104722.jar:?]
	at me.drex.vanillapermissions.util.JoinCache.lambda$initialize$0(JoinCache.java:43) ~[vanilla-permissions-0.2.9+1.20.1.jar:?]
	at net.fabricmc.fabric.api.networking.v1.ServerLoginConnectionEvents.lambda$static$2(ServerLoginConnectionEvents.java:51) ~[fabric-networking-api-v1-1.3.14+a158aa0477-9bad1f2d267de073.jar:?]
	at net.fabricmc.fabric.impl.networking.server.ServerLoginNetworkAddon.queryTick(ServerLoginNetworkAddon.java:83) ~[fabric-networking-api-v1-1.3.14+a158aa0477-9bad1f2d267de073.jar:?]
	at net.minecraft.class_3248.redirect$ddj000$fabric-networking-api-v1$handlePlayerJoin(class_3248.java:562) ~[server-intermediary.jar:?]
	at net.minecraft.class_3248.method_18784(class_3248.java:68) ~[server-intermediary.jar:?]
	at net.minecraft.class_2535.method_10754(class_2535.java:259) ~[server-intermediary.jar:?]
	at net.minecraft.class_3242.method_14357(class_3242.java:172) ~[server-intermediary.jar:?]
	at net.minecraft.server.MinecraftServer.method_3813(MinecraftServer.java:908) ~[server-intermediary.jar:?]
	at net.minecraft.class_3176.method_3813(class_3176.java:283) ~[server-intermediary.jar:?]
	at net.minecraft.server.MinecraftServer.method_3748(MinecraftServer.java:824) ~[server-intermediary.jar:?]
	at net.minecraft.server.MinecraftServer.method_29741(MinecraftServer.java:671) ~[server-intermediary.jar:?]
	at net.minecraft.server.MinecraftServer.method_29739(MinecraftServer.java:265) ~[server-intermediary.jar:?]
	at java.lang.Thread.run(Thread.java:840) ~[?:?]
[05:18:11] [Server thread/INFO]: MandyXMaster687[/127.84.190.91:41073] logged in with entity id 1470 at (-1625.268234180013, 13.5625, 75.84999999403954)
[05:18:11] [Server thread/INFO]: Sending server config values to client
[05:18:11] [Server thread/INFO]: Loading config from file...
[05:18:12] [Server thread/INFO]: MandyXMaster687 joined the game
[05:18:12] [Server thread/INFO]: Updating all forceload tickets for 97923b0a-25f4-3d49-b72c-ab5e412188be
[05:18:13] [Netty Epoll Server IO #1/INFO]: Receiving client config
[05:18:13] [Server thread/WARN]: Can't keep up! Is the server overloaded? Running 2231ms or 44 ticks behind
[05:18:14] [Server thread/INFO]: [Handshake] Sending channel query
[05:18:14] [Server thread/ERROR]: Failed to cache permission minecraft.bypass.whitelist for Dalej
java.lang.NullPointerException: uuid
	at java.util.Objects.requireNonNull(Objects.java:235) ~[?:?]
	at me.lucko.fabric.api.permissions.v0.Permissions.getPermissionValue(Permissions.java:199) ~[fabric-permissions-api-v0-0.3.1-1fe598067d104722.jar:?]
	at me.drex.vanillapermissions.util.JoinCache.lambda$initialize$0(JoinCache.java:43) ~[vanilla-permissions-0.2.9+1.20.1.jar:?]
	at net.fabricmc.fabric.api.networking.v1.ServerLoginConnectionEvents.lambda$static$2(ServerLoginConnectionEvents.java:51) ~[fabric-networking-api-v1-1.3.14+a158aa0477-9bad1f2d267de073.jar:?]
	at net.fabricmc.fabric.impl.networking.server.ServerLoginNetworkAddon.queryTick(ServerLoginNetworkAddon.java:83) ~[fabric-networking-api-v1-1.3.14+a158aa0477-9bad1f2d267de073.jar:?]
	at net.minecraft.class_3248.redirect$ddj000$fabric-networking-api-v1$handlePlayerJoin(class_3248.java:562) ~[server-intermediary.jar:?]
	at net.minecraft.class_3248.method_18784(class_3248.java:68) ~[server-intermediary.jar:?]
	at net.minecraft.class_2535.method_10754(class_2535.java:259) ~[server-intermediary.jar:?]
	at net.minecraft.class_3242.method_14357(class_3242.java:172) ~[server-intermediary.jar:?]
	at net.minecraft.server.MinecraftServer.method_3813(MinecraftServer.java:908) ~[server-intermediary.jar:?]
	at net.minecraft.class_3176.method_3813(class_3176.java:283) ~[server-intermediary.jar:?]
	at net.minecraft.server.MinecraftServer.method_3748(MinecraftServer.java:824) ~[server-intermediary.jar:?]
	at net.minecraft.server.MinecraftServer.method_29741(MinecraftServer.java:671) ~[server-intermediary.jar:?]
	at net.minecraft.server.MinecraftServer.method_29739(MinecraftServer.java:265) ~[server-intermediary.jar:?]
	at java.lang.Thread.run(Thread.java:840) ~[?:?]
[05:18:14] [Server thread/ERROR]: Failed to cache permission minecraft.bypass.player-limit for Dalej
java.lang.NullPointerException: uuid
	at java.util.Objects.requireNonNull(Objects.java:235) ~[?:?]
	at me.lucko.fabric.api.permissions.v0.Permissions.getPermissionValue(Permissions.java:199) ~[fabric-permissions-api-v0-0.3.1-1fe598067d104722.jar:?]
	at me.drex.vanillapermissions.util.JoinCache.lambda$initialize$0(JoinCache.java:43) ~[vanilla-permissions-0.2.9+1.20.1.jar:?]
	at net.fabricmc.fabric.api.networking.v1.ServerLoginConnectionEvents.lambda$static$2(ServerLoginConnectionEvents.java:51) ~[fabric-networking-api-v1-1.3.14+a158aa0477-9bad1f2d267de073.jar:?]
	at net.fabricmc.fabric.impl.networking.server.ServerLoginNetworkAddon.queryTick(ServerLoginNetworkAddon.java:83) ~[fabric-networking-api-v1-1.3.14+a158aa0477-9bad1f2d267de073.jar:?]
	at net.minecraft.class_3248.redirect$ddj000$fabric-networking-api-v1$handlePlayerJoin(class_3248.java:562) ~[server-intermediary.jar:?]
	at net.minecraft.class_3248.method_18784(class_3248.java:68) ~[server-intermediary.jar:?]
	at net.minecraft.class_2535.method_10754(class_2535.java:259) ~[server-intermediary.jar:?]
	at net.minecraft.class_3242.method_14357(class_3242.java:172) ~[server-intermediary.jar:?]
	at net.minecraft.server.MinecraftServer.method_3813(MinecraftServer.java:908) ~[server-intermediary.jar:?]
	at net.minecraft.class_3176.method_3813(class_3176.java:283) ~[server-intermediary.jar:?]
	at net.minecraft.server.MinecraftServer.method_3748(MinecraftServer.java:824) ~[server-intermediary.jar:?]
	at net.minecraft.server.MinecraftServer.method_29741(MinecraftServer.java:671) ~[server-intermediary.jar:?]
	at net.minecraft.server.MinecraftServer.method_29739(MinecraftServer.java:265) ~[server-intermediary.jar:?]
	at java.lang.Thread.run(Thread.java:840) ~[?:?]
[05:18:14] [Server thread/ERROR]: Failed to cache permission minecraft.bypass.force-gamemode for Dalej
java.lang.NullPointerException: uuid
	at java.util.Objects.requireNonNull(Objects.java:235) ~[?:?]
	at me.lucko.fabric.api.permissions.v0.Permissions.getPermissionValue(Permissions.java:199) ~[fabric-permissions-api-v0-0.3.1-1fe598067d104722.jar:?]
	at me.drex.vanillapermissions.util.JoinCache.lambda$initialize$0(JoinCache.java:43) ~[vanilla-permissions-0.2.9+1.20.1.jar:?]
	at net.fabricmc.fabric.api.networking.v1.ServerLoginConnectionEvents.lambda$static$2(ServerLoginConnectionEvents.java:51) ~[fabric-networking-api-v1-1.3.14+a158aa0477-9bad1f2d267de073.jar:?]
	at net.fabricmc.fabric.impl.networking.server.ServerLoginNetworkAddon.queryTick(ServerLoginNetworkAddon.java:83) ~[fabric-networking-api-v1-1.3.14+a158aa0477-9bad1f2d267de073.jar:?]
	at net.minecraft.class_3248.redirect$ddj000$fabric-networking-api-v1$handlePlayerJoin(class_3248.java:562) ~[server-intermediary.jar:?]
	at net.minecraft.class_3248.method_18784(class_3248.java:68) ~[server-intermediary.jar:?]
	at net.minecraft.class_2535.method_10754(class_2535.java:259) ~[server-intermediary.jar:?]
	at net.minecraft.class_3242.method_14357(class_3242.java:172) ~[server-intermediary.jar:?]
	at net.minecraft.server.MinecraftServer.method_3813(MinecraftServer.java:908) ~[server-intermediary.jar:?]
	at net.minecraft.class_3176.method_3813(class_3176.java:283) ~[server-intermediary.jar:?]
	at net.minecraft.server.MinecraftServer.method_3748(MinecraftServer.java:824) ~[server-intermediary.jar:?]
	at net.minecraft.server.MinecraftServer.method_29741(MinecraftServer.java:671) ~[server-intermediary.jar:?]
	at net.minecraft.server.MinecraftServer.method_29739(MinecraftServer.java:265) ~[server-intermediary.jar:?]
	at java.lang.Thread.run(Thread.java:840) ~[?:?]
[05:18:14] [Server thread/INFO]: Dalej[/127.218.152.67:34977] logged in with entity id 1498 at (-2951.9832980886054, 68.0, -441.44500235949374)
[05:18:14] [Server thread/INFO]: Sending server config values to client
[05:18:15] [Server thread/INFO]: Loading config from file...
[05:18:15] [Server thread/INFO]: Dalej joined the game
[05:18:15] [Server thread/INFO]: Updating all forceload tickets for fcb33033-a2d1-3bae-abae-bbc169e822af
[05:18:19] [Server thread/INFO]: [FANCYMENU] A client with FancyMenu installed joined the server: MandyXMaster687
[05:18:31] [Server thread/INFO]: [FANCYMENU] A client with FancyMenu installed joined the server: Dalej
[05:18:31] [Netty Epoll Server IO #3/INFO]: Receiving client config
[05:19:30] [Worker-Main-3/WARN]: Skipped emitting ENTITY_MOUNT game event for entity class_4985['Strider'/2400, l='ServerLevel[world]', x=1518.00, y=31.00, z=145.00] as it would cause deadlock
[05:19:30] [Worker-Main-3/WARN]: Skipped emitting ENTITY_MOUNT game event for entity class_4985['Strider'/2402, l='ServerLevel[world]', x=1517.00, y=31.00, z=146.00] as it would cause deadlock
[05:19:30] [Server thread/WARN]: Skipped emitting ENTITY_MOUNT game event for entity class_4985['Strider'/2404, l='ServerLevel[world]', x=1518.00, y=31.00, z=145.00] as it would cause deadlock
[05:19:30] [Server thread/WARN]: Skipped emitting ENTITY_MOUNT game event for entity class_4985['Strider'/2406, l='ServerLevel[world]', x=1517.00, y=31.00, z=146.00] as it would cause deadlock
[05:20:51] [Worker-Main-3/WARN]: Skipped emitting ENTITY_MOUNT game event for entity class_4985['Strider'/2958, l='ServerLevel[world]', x=1699.00, y=31.00, z=236.00] as it would cause deadlock
[05:20:51] [Server thread/WARN]: Skipped emitting ENTITY_MOUNT game event for entity class_4985['Strider'/2960, l='ServerLevel[world]', x=1699.00, y=31.00, z=236.00] as it would cause deadlock
[05:21:13] [Server thread/INFO]: MandyXMaster687 was slain by Zombie
[05:21:13] [Server thread/INFO]: Created new backpack backup file for MandyXMaster687 with unique ID travelersbackpack.standard_29.12.2025-05.21.13.dat
[05:21:26] [Server thread/WARN]: Can't keep up! Is the server overloaded? Running 2178ms or 43 ticks behind
[05:21:31] [Worker-Main-3/WARN]: Skipped emitting ENTITY_MOUNT game event for entity class_4985['Strider'/3835, l='ServerLevel[world]', x=1916.00, y=31.00, z=102.00] as it would cause deadlock
[05:21:31] [Server thread/WARN]: Skipped emitting ENTITY_MOUNT game event for entity class_4985['Strider'/3838, l='ServerLevel[world]', x=1916.00, y=31.00, z=102.00] as it would cause deadlock
[05:21:44] [Server thread/WARN]: Can't keep up! Is the server overloaded? Running 2886ms or 57 ticks behind
[05:21:52] [Server thread/WARN]: MandyXMaster687 moved wrongly!
[05:22:01] [Worker-Main-3/WARN]: Skipped emitting ENTITY_MOUNT game event for entity class_4985['Strider'/4816, l='ServerLevel[world]', x=2088.00, y=31.00, z=140.00] as it would cause deadlock
[05:22:04] [Server thread/WARN]: Can't keep up! Is the server overloaded? Running 5044ms or 100 ticks behind
[05:22:07] [Server thread/WARN]: Skipped emitting ENTITY_MOUNT game event for entity class_4985['Strider'/5073, l='ServerLevel[world]', x=2088.00, y=31.00, z=140.00] as it would cause deadlock
[05:22:09] [Server thread/INFO]: morax was slain by Piglin Brute
[05:22:09] [Server thread/INFO]: Created new backpack backup file for morax with unique ID travelersbackpack.standard_29.12.2025-05.22.09.dat
[05:22:45] [Server thread/WARN]: Can't keep up! Is the server overloaded? Running 26089ms or 521 ticks behind
[05:23:18] [Server thread/INFO]: <morax> david me puedes hacer una antorcha pa evitar q spawneen mobs?
[05:23:23] [Server thread/WARN]: reabsorption:reabsorption was referenced as an attribute type, but it does not exist! A data file in /tiered/item_attributes/ has an invalid type property.
[05:23:50] [Server thread/INFO]: <Dalej> se necesita una carga ignea
[05:24:03] [Server thread/INFO]: <morax> tengo
[05:24:04] [Server thread/INFO]: <Dalej> yo pude hacerla por una que me encontre en una dungeon xd
[05:24:25] [Server thread/INFO]: <Dalej> se llama Diamond Magnum Torch
[05:24:37] [Server thread/WARN]: Could not find a perfect damage type for legacy damage source field, best match: 7 out of 8 tags with damage type "adventurez:amethyst_shard". Consider creating your own custom damage type.
[05:25:23] [Server thread/INFO]: MandyXMaster687 has reached the goal [Choose your path]
[05:26:34] [Server thread/INFO]: <Dalej> asere
[05:26:39] [Server thread/INFO]: <Dalej> tienes cobre?
[05:26:40] [Server thread/INFO]: <morax> q paso
[05:26:43] [Server thread/INFO]: <Dalej> :)
[05:26:45] [Server thread/INFO]: <morax> deja veo
[05:26:51] [MemorySweep-Thread/INFO]: MemorySweep: GC executed. Before: 4639MB, After: 1373MB
[05:27:08] [Server thread/INFO]: <morax> si
[05:30:24] [Server thread/INFO]: <morax> a donde vamos
[05:30:40] [Server thread/INFO]: <MandyXMaster687> ni idea
[05:30:46] [Server thread/INFO]: <morax> duro
[05:30:56] [Server thread/WARN]: MandyXMaster687 moved wrongly!
[05:31:00] [Server thread/WARN]: morax moved wrongly!
[05:31:02] [Server thread/WARN]: Dalej moved wrongly!
[05:35:03] [Server thread/INFO]: morax has completed the challenge [Da Vinci Code (Quest)]
[05:36:03] [Server thread/INFO]: <morax> palapinga
[05:36:09] [Server thread/WARN]: Can't keep up! Is the server overloaded? Running 6425ms or 128 ticks behind
[05:36:10] [Server thread/INFO]: <morax> encontre filov
[05:38:31] [Server thread/INFO]: <morax> tienen pescao?
[05:38:39] [Server thread/INFO]: <Dalej> si, uno cada uno
[05:38:42] [Server thread/INFO]: <Dalej> :)
[05:38:45] [Server thread/INFO]: <morax> xd
[05:38:51] [Server thread/INFO]: <morax> la madera esta bonita
[05:39:01] [Server thread/INFO]: <Dalej> 50/50
[05:39:06] [Server thread/INFO]: <Dalej> prefiero la de abeto
[05:39:07] [Server thread/INFO]: <morax> es parecida a la de jungla
[05:41:06] [Server thread/INFO]: <morax> vamo tu puedes davi
[05:41:44] [Server thread/WARN]: MandyXMaster687 moved wrongly!
[05:41:51] [MemorySweep-Thread/INFO]: MemorySweep: GC executed. Before: 1966MB, After: 1344MB
[05:42:24] [Server thread/WARN]: MandyXMaster687 moved wrongly!
[05:42:30] [Server thread/WARN]: MandyXMaster687 moved wrongly!
[05:42:31] [Server thread/WARN]: morax moved wrongly!
[05:42:34] [Server thread/WARN]: Dalej moved wrongly!
[05:44:36] [Server thread/INFO]: <morax> no tienen piedra por ahi?
[05:44:51] [Server thread/INFO]: <MandyXMaster687> coje
[05:46:21] [Server thread/INFO]: <morax> y ese espadon
[05:46:37] [Server thread/INFO]: <MandyXMaster687> dungeon
[05:46:41] [Server thread/INFO]: <morax> otia
[05:46:49] [Server thread/INFO]: <morax> yo tengo esta
[05:47:11] [Server thread/INFO]: <MandyXMaster687> se parece a la del terraria
[05:47:25] [Server thread/INFO]: <morax> a la q suelta la emperatriz del dia si
[05:47:34] [Server thread/INFO]: <morax> hace lo mismo
[05:47:52] [Server thread/WARN]: Can't keep up! Is the server overloaded? Running 18872ms or 377 ticks behind
[05:47:53] [Server thread/INFO]: <MandyXMaster687> ci
[05:47:55] [Server thread/INFO]: <morax> se faja por mi
[05:47:57] [Server thread/INFO]: [STDERR]: Failed to play sound: spell_engine:generic_healing_release 
[05:48:00] [Server thread/INFO]: [STDERR]: java.lang.NullPointerException: Cannot invoke "net.minecraft.class_3414.method_43044(float)" because the return value of "net.minecraft.class_6880.comp_349()" is null
[05:48:00] [Server thread/INFO]: [STDERR]: 	at knot//net.minecraft.class_3218.method_8465(class_3218.java:950)
[05:48:00] [Server thread/INFO]: [STDERR]: 	at knot//net.minecraft.class_1937.method_47967(class_1937.java:406)
[05:48:00] [Server thread/INFO]: [STDERR]: 	at knot//net.minecraft.class_1937.method_43128(class_1937.java:414)
[05:48:00] [Server thread/INFO]: [STDERR]: 	at knot//net.spell_engine.utils.SoundHelper.playSoundEvent(SoundHelper.java:77)
[05:48:00] [Server thread/INFO]: [STDERR]: 	at knot//net.spell_engine.utils.SoundHelper.playSound(SoundHelper.java:65)
[05:48:00] [Server thread/INFO]: [STDERR]: 	at knot//net.spell_engine.internals.SpellHelper.performSpell(SpellHelper.java:280)
[05:48:00] [Server thread/INFO]: [STDERR]: 	at knot//net.spell_engine.network.ServerNetwork.lambda$initializeHandlers$5(ServerNetwork.java:62)
[05:48:00] [Server thread/INFO]: [STDERR]: 	at knot//net.minecraft.class_3738.run(class_3738.java:18)
[05:48:00] [Server thread/INFO]: [STDERR]: 	at knot//net.minecraft.class_1255.method_18859(class_1255.java:156)
[05:48:00] [Server thread/INFO]: [STDERR]: 	at knot//net.minecraft.class_4093.method_18859(class_4093.java:23)
[05:48:00] [Server thread/INFO]: [STDERR]: 	at knot//net.minecraft.server.MinecraftServer.method_24306(MinecraftServer.java:782)
[05:48:00] [Server thread/INFO]: [STDERR]: 	at knot//net.minecraft.server.MinecraftServer.method_18859(MinecraftServer.java:164)
[05:48:00] [Server thread/INFO]: [STDERR]: 	at knot//net.minecraft.class_1255.method_16075(class_1255.java:130)
[05:48:00] [Server thread/INFO]: [STDERR]: 	at knot//net.minecraft.server.MinecraftServer.method_20415(MinecraftServer.java:764)
[05:48:00] [Server thread/INFO]: [STDERR]: 	at knot//net.minecraft.server.MinecraftServer.method_16075(MinecraftServer.java:758)
[05:48:00] [Server thread/INFO]: [STDERR]: 	at knot//net.minecraft.class_1255.method_5383(class_1255.java:115)
[05:48:00] [Server thread/INFO]: [STDERR]: 	at knot//net.minecraft.server.MinecraftServer.method_16208(MinecraftServer.java:742)
[05:48:00] [Server thread/INFO]: [STDERR]: 	at knot//net.minecraft.server.MinecraftServer.method_29741(MinecraftServer.java:675)
[05:48:00] [Server thread/INFO]: [STDERR]: 	at knot//net.minecraft.server.MinecraftServer.method_29739(MinecraftServer.java:265)
[05:48:00] [Server thread/INFO]: [STDERR]: 	at java.base/java.lang.Thread.run(Thread.java:840)
[05:48:00] [Server thread/INFO]: <MandyXMaster687> ci
[05:48:00] [Server thread/INFO]: <MandyXMaster687> si
[05:48:00] [Server thread/INFO]: <MandyXMaster687> esa esa
[05:48:47] [Server thread/INFO]: <morax> porcierto
[05:48:56] [Server thread/INFO]: <morax> ya tengo pal wither
[05:49:05] [Server thread/INFO]: <Dalej> ahorita lo matamos
[05:49:07] [Server thread/INFO]: Villager class_1646['Villager'/13722, l='ServerLevel[world]', x=-2963.56, y=69.00, z=-449.42] died, message: 'Villager withered away'
[05:49:09] [Server thread/INFO]: <morax> cuando quieran lo invocamos
[05:49:14] [Server thread/INFO]: <MandyXMaster687> okas
[05:49:51] [Server thread/INFO]: <Dalej> graciass
[05:50:00] [Server thread/INFO]: <morax> da mas vida esta bueno
[05:50:15] [Server thread/INFO]: <Dalej> asere que susto me habia dado xd
[05:50:22] [Server thread/INFO]: <morax> q paso
[05:50:50] [Server thread/INFO]: <Dalej> el problema es que me puse un casco que me bajaba el 60% de la vida
[05:50:57] [Server thread/INFO]: <morax> otia
[05:52:44] [Server thread/INFO]: Dalej has completed the challenge [So.. about the money? (Quest)]
[05:54:31] [Server thread/INFO]: morax has made the advancement [Tears and Lamps]
[05:55:27] [Server thread/INFO]: <morax> las estatuas pa q sirven?
[05:55:46] [Server thread/INFO]: <Dalej> pa decorar y ya creo
[05:56:10] [Server thread/INFO]: <morax> y si son como en el terraria si les pones redstone invocan al bicho del q sea la estatua
[05:56:24] [Server thread/INFO]: <Dalej> ni idea
[05:56:27] [Server thread/INFO]: <Dalej> no he probado
[05:56:51] [MemorySweep-Thread/INFO]: MemorySweep: GC executed. Before: 3816MB, After: 1384MB
[05:57:09] [Server thread/INFO]: Dalej has made the advancement [Path of Earth]
[05:57:09] [Server thread/INFO]: Dalej has made the advancement [Path of Air]
[05:57:09] [Server thread/INFO]: Dalej has completed the challenge [Sticky Situation (Quest)]
[05:57:10] [Server thread/INFO]: Dalej has made the advancement [Ice Bucket Challenge]
[05:57:10] [Server thread/INFO]: Dalej has completed the challenge [Seek The Wart (Quest)]
[06:00:54] [Worker-Main-2/WARN]: Skipped emitting ENTITY_MOUNT game event for entity class_4985['Strider'/17446, l='ServerLevel[world]', x=569.00, y=31.00, z=-466.00] as it would cause deadlock
[06:01:02] [Server thread/WARN]: Skipped emitting ENTITY_MOUNT game event for entity class_4985['Strider'/17470, l='ServerLevel[world]', x=569.00, y=31.00, z=-466.00] as it would cause deadlock
[06:01:13] [Worker-Main-3/WARN]: Skipped emitting ENTITY_MOUNT game event for entity class_4985['Strider'/17587, l='ServerLevel[world]', x=655.00, y=31.00, z=-545.00] as it would cause deadlock
[06:02:02] [Worker-Main-2/WARN]: Skipped emitting ENTITY_MOUNT game event for entity class_4985['Strider'/17688, l='ServerLevel[world]', x=611.00, y=31.00, z=-555.00] as it would cause deadlock
[06:03:02] [Worker-Main-2/WARN]: Skipped emitting ENTITY_MOUNT game event for entity class_4985['Strider'/17760, l='ServerLevel[world]', x=611.00, y=31.00, z=-551.00] as it would cause deadlock
[06:07:33] [Server thread/INFO]: morax has made the advancement [Downer]
[06:08:05] [Server thread/INFO]: Dalej has completed the challenge [Fur No More (Quest)]
[06:08:30] [Worker-Main-1/WARN]: Skipped emitting ENTITY_MOUNT game event for entity class_4985['Strider'/19389, l='ServerLevel[world]', x=1348.00, y=31.00, z=329.00] as it would cause deadlock
[06:08:30] [Server thread/WARN]: Skipped emitting ENTITY_MOUNT game event for entity class_4985['Strider'/19392, l='ServerLevel[world]', x=1348.00, y=31.00, z=329.00] as it would cause deadlock
[06:09:09] [Server thread/INFO]: morax tried to swim in lava
[06:09:09] [Server thread/INFO]: Created new backpack backup file for morax with unique ID travelersbackpack.standard_29.12.2025-06.09.09.dat
[06:11:51] [MemorySweep-Thread/INFO]: MemorySweep: GC executed. Before: 2967MB, After: 1401MB
[06:13:25] [Server thread/WARN]: Dalej moved wrongly!
[06:15:06] [Server thread/INFO]: MandyXMaster687 has completed the challenge [Oxidizer (Quest)]
